Date,Close,High,Low,Open,Volume,"('Close', 'BTC-JPY')","('High', 'BTC-JPY')","('Low', 'BTC-JPY')","('Open', 'BTC-JPY')","('Volume', 'BTC-JPY')"
2014-09-17,49639.03515625,50192.9375,48992.77734375,49912.671875,2285505072.0,,,,,
2014-09-18,46179.07421875,49564.73828125,44929.19140625,49587.58203125,3751772160.0,,,,,
2014-09-19,43036.7109375,46711.0234375,41829.390625,46142.40625,4133626497.0,,,,,
2014-09-20,44574.625,46143.49609375,42501.14453125,43023.3046875,4018501036.0,,,,,
2014-09-21,43451.55078125,44958.55859375,42860.66015625,44485.34375,2895901895.0,,,,,
2014-09-22,43721.96484375,44313.15234375,43291.140625,43481.9453125,2623152672.0,,,,,
2014-09-23,47300.75390625,48067.89453125,42920.01953125,43715.4453125,4895099730.0,,,,,
2014-09-24,46264.76953125,47374.84765625,45713.87890625,47296.4140625,3348220164.0,,,,,
2014-09-25,44688.70703125,46256.8515625,44529.64453125,46259.4140625,2911507552.0,,,,,
2014-09-26,44191.51953125,45066.4140625,43640.98046875,44672.9609375,2345021616.0,,,,,
2014-09-27,43655.55078125,44431.6953125,43420.83984375,44096.5625,1642251611.0,,,,,
2014-09-28,41263.6015625,43819.12890625,40925.71875,43650.1953125,2583295020.0,,,,,
2014-09-29,41076.08984375,42103.5625,40775.16796875,41235.92578125,3555248380.0,,,,,
2014-09-30,42424.5390625,42870.625,40835.9921875,41144.02734375,3805308372.0,,,,,
2014-10-01,41814.03515625,43000.80859375,41604.0234375,42477.49609375,2859004600.0,,,,,
2014-10-02,40695.3125,41922.80078125,40412.4296875,41854.69140625,2362880450.0,,,,,
2014-10-03,39456.44140625,41149.87109375,39275.02734375,40707.13671875,3391406700.0,,,,,
2014-10-04,36093.04296875,40002.44921875,35765.98828125,39498.1484375,5184205875.0,,,,,
2014-10-05,35188.79296875,37512.66015625,31750.234375,36098.53125,9146395860.0,,,,,
2014-10-06,35932.40234375,37678.27734375,33151.5,35175.5078125,8601224548.0,,,,,
2014-10-07,36325.0078125,37022.02734375,34807.55078125,35987.375,5316049195.0,,,,,
2014-10-08,38170.4609375,38324.46875,35460.6328125,36317.33203125,5919730845.0,,,,,
2014-10-09,39357.1015625,41368.85546875,37491.08984375,38149.6953125,9018183833.0,,,,,
2014-10-10,38922.15234375,40402.21484375,38081.1796875,39320.5546875,4700612605.0,,,,,
2014-10-11,39001.48828125,39528.11328125,38318.125,38900.62109375,1436610780.0,,,,,
2014-10-12,40629.6640625,40701.78125,38338.90234375,39034.53515625,1883942024.0,,,,,
2014-10-13,41793.8203125,42491.265625,39542.0703125,40562.26171875,3770450870.0,,,,,
2014-10-14,43017.359375,44113.44140625,41906.88671875,41930.62890625,4130522865.0,,,,,
2014-10-15,41849.88671875,43134.82421875,41170.3203125,43026.48046875,2678565271.0,,,,,
2014-10-16,40715.43359375,42269.5546875,39664.8046875,41822.85546875,2872545700.0,,,,,
2014-10-17,41004.54296875,41188.32421875,39993.9453125,40736.72265625,1453234795.0,,,,,
2014-10-18,41825.578125,42222.6328125,40493.05078125,41027.8359375,1219885080.0,,,,,
2014-10-19,41739.8515625,42092.3828125,41292.9296875,41805.48828125,633746176.0,,,,,
2014-10-20,40918.47265625,41785.80078125,40476.74609375,41706.1015625,1754862720.0,,,,,
2014-10-21,41356.69140625,41918.88671875,40657.83984375,40873.15625,1518354189.0,,,,,
2014-10-22,41055.37890625,41542.66015625,40896.8203125,41318.48828125,1247365295.0,,,,,
2014-10-23,38766.3828125,41265.59375,38596.08203125,41034.37890625,2861578304.0,,,,,
2014-10-24,38751.4296875,39334.6875,38164.00390625,38785.203125,1685437598.0,,,,,
2014-10-25,37553.88671875,38915.3671875,37078.71875,38780.19140625,1960307850.0,,,,,
2014-10-26,38368.33203125,38846.16015625,37192.69921875,37577.2421875,1219346325.0,,,,,
2014-10-27,38066.3359375,38639.01171875,37765.37890625,38376.23046875,1405478720.0,,,,,
2014-10-28,38665.66015625,38899.87109375,38022.3203125,38090.70703125,848296546.0,,,,,
2014-10-29,36522.3671875,38685.328125,36471.90234375,38608.4609375,1979911541.0,,,,,
2014-10-30,37717.6640625,38319.69921875,36640.12109375,36535.2109375,3296332017.0,,,,,
2014-10-31,37986.68359375,38034.359375,37729.5625,37685.33203125,1408597512.0,,,,,
2014-11-01,36575.09765625,38234.59375,36048.0546875,38023.62109375,1872516016.0,,,,,
2014-11-02,36770.39453125,36945.734375,35999.88671875,36611.703125,970746445.0,,,,,
2014-11-03,37242.88671875,37648.70703125,36665.43359375,36733.94921875,1472244450.0,,,,,
2014-11-04,37514.1484375,37642.28515625,36840.9765625,37198.20703125,1777055805.0,,,,,
2014-11-05,38922.0703125,39391.2890625,37542.44140625,37535.828125,2272041980.0,,,,,
2014-11-06,40227.73046875,40647.56640625,38752.93359375,38918.859375,2164850490.0,,,,,
2014-11-07,39216.7890625,40680.58203125,39184.6171875,40288.5390625,1928020926.0,,,,,
2014-11-08,39568.7421875,39745.578125,39186.8984375,39186.8984375,977567379.0,,,,,
2014-11-09,41600.99609375,41620.6328125,39427.52734375,39555.9140625,2772025312.0,,,,,
2014-11-10,42115.5390625,43032.625,40840.6171875,41486.58984375,3495062478.0,,,,,
2014-11-11,42553.34375,42834.3203125,42076.86328125,41993.06640625,1833035897.0,,,,,
2014-11-12,48955.1796875,49580.86328125,42546.42578125,42586.90234375,5291622256.0,,,,,
2014-11-13,48716.90234375,52894.80078125,46413.94140625,49384.21484375,6825241550.0,,,,,
2014-11-14,46254.296875,48624.84765625,44777.89453125,48448.50390625,3440336284.0,,,,,
2014-11-15,43732.984375,47150.7421875,43137.1015625,46467.3046875,1828636425.0,,,,,
2014-11-16,45331.76953125,45438.19921875,43554.97265625,43569.859375,1391407472.0,,,,,
2014-11-17,45175.64453125,47537.9609375,43975.2109375,45386.34765625,4841507268.0,,,,,
2014-11-18,43841.88671875,45793.3125,43283.375,45219.609375,3765199125.0,,,,,
2014-11-19,44951.15625,45361.2734375,43723.3984375,43689.74609375,2236224216.0,,,,,
2014-11-20,42314.578125,45151.53515625,42196.48828125,44921.86328125,2983825900.0,,,,,
2014-11-21,41319.3671875,42290.5625,40536.39453125,42319.19140625,3515446277.0,,,,,
2014-11-22,41563.390625,42967.32421875,41322.90234375,41408.40234375,1798701210.0,,,,,
2014-11-23,43292.74609375,43707.79296875,41593.41796875,41593.41796875,1784555448.0,,,,,
2014-11-24,44643.921875,45791.33984375,43241.27734375,43219.13671875,3663670345.0,,,,,
2014-11-25,44215.9921875,46602.34765625,44205.7734375,44642.14453125,2997091160.0,,,,,
2014-11-26,43323.99609375,44496.6015625,43016.3046875,44295.0390625,2187745937.0,,,,,
2014-11-27,43573.00390625,43895.44140625,43405.71875,43574.7421875,1031130296.0,,,,,
2014-11-28,44650.37890625,45408.41796875,42369.37890625,43538.11328125,2721684365.0,,,,,
2014-11-29,44536.98828125,45973.35546875,44140.1171875,44615.390625,1823699916.0,,,,,
2014-11-30,44927.10546875,45371.52734375,44278.1796875,44539.2421875,1092667250.0,,,,,
2014-12-01,44868.4765625,45609.73828125,44770.87890625,44951.109375,1391680530.0,,,,,
2014-12-02,45448.93359375,45662.1171875,44769.2109375,44869.06640625,1473677079.0,,,,,
2014-12-03,44944.94921875,45664.359375,44663.22265625,45497.4453125,1598810985.0,,,,,
2014-12-04,44278.55859375,45400.734375,44068.5625,45029.80078125,1740646080.0,,,,,
2014-12-05,45753.84375,46033.90625,43824.88671875,44259.1484375,1843222338.0,,,,,
2014-12-06,45502.6484375,45947.37109375,45036.43359375,45742.06640625,851001541.0,,,,,
2014-12-07,45611.55078125,45681.84765625,45319.31640625,45508.83984375,789384640.0,,,,,
2014-12-08,43657.08203125,45710.0859375,43676.01953125,45595.7421875,2279750181.0,,,,,
2014-12-09,42030.29296875,43898.4296875,41076.765625,43655.390625,3927806615.0,,,,,
2014-12-10,40746.37890625,42046.4609375,40746.37890625,42028.62109375,1932554628.0,,,,,
2014-12-11,41706.7109375,42708.78125,40014.6875,40508.15625,3859000387.0,,,,,
2014-12-12,41881.98828125,41881.43359375,41499.26171875,41745.62109375,2018388240.0,,,,,
2014-12-13,41268.26953125,41862.86328125,41174.65625,41862.86328125,1387096920.0,,,,,
2014-12-14,41545.3203125,41896.2109375,41035.66015625,41191.16796875,1466855880.0,,,,,
2014-12-15,40664.375,41528.2421875,40640.12109375,41513.30078125,2032859550.0,,,,,
2014-12-16,38141.97265625,40766.40234375,38141.97265625,40702.99609375,3599464638.0,,,,,
2014-12-17,37979.796875,39039.22265625,36989.390625,38117.83203125,4461939483.0,,,,,
2014-12-18,37037.44140625,38340.09765625,36075.828125,37980.86328125,4659236620.0,,,,,
2014-12-19,37979.05859375,38061.5078125,36526.984375,37011.62890625,2846622219.0,,,,,
2014-12-20,39426.44140625,39470.53515625,37764.09765625,37952.29296875,2492167083.0,,,,,
2014-12-21,38347.15234375,39387.3671875,38105.72265625,39377.09375,1817612352.0,,,,,
2014-12-22,39872.78125,39933.6640625,38297.1953125,38374.046875,2680936114.0,,,,,
2014-12-23,40369.45703125,40610.015625,39572.015625,39888.5234375,1999842972.0,,,,,
2014-12-24,38826.640625,40393.1953125,38688.16796875,40346.89453125,1816811074.0,,,,,
2014-12-25,38402.18359375,38849.46875,38076.1640625,38796.7890625,1189792583.0,,,,,
2014-12-26,39478.7734375,39896.82421875,38052.234375,38419.51953125,1975660095.0,,,,,
2014-12-27,38026.74609375,39597.59765625,37637.52734375,39437.71875,1828146228.0,,,,,
2014-12-28,38198.75,38528.171875,37450.6796875,38062.50390625,1405979406.0,,,,,
2014-12-29,37717.3828125,38598.578125,37679.83984375,38254.375,1484050575.0,,,,,
2014-12-30,37123.75,37921.890625,37013.3828125,37723.29296875,1496756001.0,,,,,
2014-12-31,38317.49609375,38317.49609375,37122.94921875,37144.89453125,1668546843.0,,,,,
2015-01-01,37669.02734375,38346.45703125,37645.8203125,38346.45703125,963341249.0,,,,,
2015-01-02,37951.90625,38008.0625,37652.88671875,37648.65234375,946972506.0,,,,,
2015-01-03,33861.94921875,37966.12109375,33861.94921875,37929.5,3982063568.0,,,,,
2015-01-04,31806.4375,34602.59765625,31034.517578125,33869.65625,6697187349.0,,,,,
2015-01-05,32777.68359375,33492.7734375,31900.2109375,31913.46484375,5250037576.0,,,,,
2015-01-06,33959.1875,34077.90625,32396.287109375,32794.04296875,2758334762.0,,,,,
2015-01-07,35105.57421875,35617.453125,33626.95703125,33945.89453125,2965863236.0,,,,,
2015-01-08,33942.375,35072.66015625,33705.80078125,35081.484375,2393703675.0,,,,,
2015-01-09,34413.34765625,34529.03125,33515.27734375,33826.66015625,2218154100.0,,,,,
2015-01-10,32563.32421875,34143.05078125,32464.970703125,34045.40625,1808819550.0,,,,,
2015-01-11,31408.982421875,33137.1015625,31332.91015625,32541.048828125,2151880584.0,,,,,
2015-01-12,31688.298828125,32217.947265625,31617.14453125,31466.44140625,2234105899.0,,,,,
2015-01-13,26608.68359375,31721.07421875,25896.130859375,31640.734375,8581740330.0,,,,,
2015-01-14,20914.634765625,26376.951171875,20099.255859375,26376.951171875,11465713011.0,,,,,
2015-01-15,24364.986328125,26764.1875,20783.62890625,20773.015625,9494721549.0,,,,,
2015-01-16,24474.2890625,25828.646484375,23483.080078125,24275.119140625,4518693810.0,,,,,
2015-01-17,23434.96875,24901.68359375,22919.248046875,24443.357421875,2760271417.0,,,,,
2015-01-18,24733.763671875,25720.720703125,22875.849609375,23527.880859375,3537706909.0,,,,,
2015-01-19,25295.583984375,25489.37890625,24274.86328125,24866.875,2196641659.0,,,,,
2015-01-20,25074.638671875,25437.181640625,24337.30078125,25065.541015625,2853903526.0,,,,,
2015-01-21,26735.2734375,26851.6484375,24792.064453125,25082.11328125,3526015618.0,,,,,
2015-01-22,27707.626953125,27977.72265625,26732.798828125,26785.3515625,3982079466.0,,,,,
2015-01-23,27419.173828125,27662.392578125,26660.955078125,27720.802734375,2898958958.0,,,,,
2015-01-24,29181.505859375,29224.24609375,27082.791015625,27398.09765625,2917891550.0,,,,,
2015-01-25,29789.03125,30006.90625,28715.609375,29123.224609375,3942944807.0,,,,,
2015-01-26,32409.28515625,36556.8125,29884.771484375,29831.4140625,12656156940.0,,,,,
2015-01-27,31032.0859375,32666.419921875,29609.638671875,32373.01953125,5229314220.0,,,,,
2015-01-28,27501.38671875,31421.8125,26657.470703125,31017.482421875,5214488154.0,,,,,
2015-01-29,27615.248046875,28172.08203125,26070.501953125,27434.724609375,3809556684.0,,,,,
2015-01-30,26591.3515625,28612.705078125,26522.533203125,27527.6171875,3124514688.0,,,,,
2015-01-31,25538.97265625,27422.708984375,25403.330078125,26593.23046875,2742012608.0,,,,,
2015-02-01,26598.849609375,27082.580078125,24899.041015625,25468.861328125,3413568915.0,,,,,
2015-02-02,28010.966796875,28474.9375,26175.791015625,26542.48046875,3599370718.0,,,,,
2015-02-03,26738.080078125,28890.109375,26387.9765625,27919.83984375,4798202305.0,,,,,
2015-02-04,26607.587890625,26997.306640625,25989.623046875,26766.669921875,3119245447.0,,,,,
2015-02-05,25510.541015625,28127.693359375,25208.71484375,26702.826171875,2645677000.0,,,,,
2015-02-06,26440.763671875,27414.552734375,25366.17578125,25488.453125,2906823288.0,,,,,
2015-02-07,27093.615234375,27396.369140625,26481.328125,26484.421875,2570035632.0,,,,,
2015-02-08,26572.623046875,27293.9453125,26299.3203125,27086.359375,2039250088.0,,,,,
2015-02-09,26100.64453125,26579.3515625,25736.283203125,26569.888671875,3295492354.0,,,,,
2015-02-10,26239.984375,26483.755859375,25527.609375,26121.0390625,2520298336.0,,,,,
2015-02-11,26343.845703125,26683.61328125,26245.20703125,26227.2109375,2067496361.0,,,,,
2015-02-12,26369.958984375,26463.90234375,26163.73046875,26346.609375,1808169242.0,,,,,
2015-02-13,27952.248046875,28521.146484375,26316.90234375,26394.333984375,5075042612.0,,,,,
2015-02-14,30551.724609375,30847.005859375,27964.240234375,27964.240234375,5904739725.0,,,,,
2015-02-15,27845.548828125,31535.9921875,26944.125,30573.8046875,6705983592.0,,,,,
2015-02-16,27705.71875,28402.400390625,27162.009765625,27845.548828125,3335650376.0,,,,,
2015-02-17,29035.875,29261.970703125,27501.330078125,27655.837890625,3261407889.0,,,,,
2015-02-18,28051.896484375,29107.392578125,27595.021484375,29056.138671875,2991334960.0,,,,,
2015-02-19,28584.06640625,28868.26171875,27922.36328125,28061.8671875,2173458680.0,,,,,
2015-02-20,29012.138671875,29311.12109375,28445.470703125,28580.259765625,2841566067.0,,,,,
2015-02-21,29101.990234375,30385.634765625,28941.328125,29008.92578125,1461942642.0,,,,,
2015-02-22,28097.78125,29323.111328125,27868.0234375,29103.181640625,2325079890.0,,,,,
2015-02-23,28404.2578125,28529.75,27669.720703125,28099.923828125,1949960000.0,,,,,
2015-02-24,28376.04296875,28560.21484375,28190.9375,28416.86328125,1687859544.0,,,,,
2015-02-25,28213.810546875,28426.412109375,27980.962890625,28394.46484375,1365863522.0,,,,,
2015-02-26,28222.171875,28268.474609375,27857.84375,28198.009765625,1625747778.0,,,,,
2015-02-27,30334.984375,30598.171875,28206.814453125,28223.365234375,5260101189.0,,,,,
2015-02-28,30386.970703125,30438.240234375,29815.236328125,30298.17578125,1667080843.0,,,,,
2015-03-01,31180.005859375,31349.484375,29391.453125,30389.361328125,3021357671.0,,,,,
2015-03-02,33132.77734375,33219.66796875,30940.73046875,31198.578125,4863572483.0,,,,,
2015-03-03,33700.0078125,34212.63671875,32131.052734375,33057.77734375,6036685319.0,,,,,
2015-03-04,32664.53515625,34016.046875,32094.68359375,33734.4609375,4949820630.0,,,,,
2015-03-05,33152.41015625,33839.47265625,31819.939453125,32622.3125,4957940096.0,,,,,
2015-03-06,32953.1171875,33293.52734375,32388.30078125,33083.0234375,3494270687.0,,,,,
2015-03-07,33380.61328125,33573.09765625,32640.169921875,32901.28515625,2153903497.0,,,,,
2015-03-08,33125.50390625,33573.58203125,32934.02734375,33401.40234375,2664478246.0,,,,,
2015-03-09,35164.08203125,35457.796875,33072.58203125,33180.80078125,7185417044.0,,,,,
2015-03-10,35314.6328125,36380.3359375,35206.671875,35195.04296875,8202977632.0,,,,,
2015-03-11,35977.4453125,36118.13671875,35267.671875,35286.18359375,4122877821.0,,,,,
2015-03-12,35711.02734375,36054.6015625,35402.44140625,35946.859375,3953236464.0,,,,,
2015-03-13,34634.20703125,35752.0546875,34634.20703125,35682.3984375,3813941670.0,,,,,
2015-03-14,34215.203125,34756.19140625,34104.8671875,34525.56640625,2744680974.0,,,,,
2015-03-15,34742.3359375,34776.0234375,34107.29296875,34159.36328125,1452092831.0,,,,,
2015-03-16,35269.26953125,35658.140625,34665.01953125,34656.4453125,2611409057.0,,,,,
2015-03-17,34628.90234375,35460.94921875,34508.78515625,35269.515625,2607395388.0,,,,,
2015-03-18,30766.1328125,34619.81640625,30026.876953125,34575.7734375,6843240320.0,,,,,
2015-03-19,31501.837890625,31957.66796875,29801.51171875,30715.8359375,6366334360.0,,,,,
2015-03-20,31417.732421875,31975.09765625,31371.55859375,31505.216796875,2215357701.0,,,,,
2015-03-21,31210.80078125,31471.38671875,30685.66796875,31405.130859375,2056125903.0,,,,,
2015-03-22,32157.87890625,32377.734375,31158.587890625,31197.8359375,2212756381.0,,,,,
2015-03-23,31942.11328125,33206.31640625,31349.197265625,32150.078125,2731725025.0,,,,,
2015-03-24,29417.369140625,31997.638671875,29222.912109375,31922.595703125,4800027786.0,,,,,
2015-03-25,29420.54296875,29728.3671875,28306.115234375,29642.1953125,4286094550.0,,,,,
2015-03-26,29625.013671875,30341.888671875,29219.615234375,29429.982421875,3067016000.0,,,,,
2015-03-27,29421.154296875,30601.599609375,29261.267578125,29629.06640625,2057440590.0,,,,,
2015-03-28,30108.2421875,30275.81640625,29414.72265625,29414.72265625,1910471190.0,,,,,
2015-03-29,28941.09765625,30148.85546875,28709.3203125,30101.333984375,2587436456.0,,,,,
2015-03-30,29705.595703125,29953.904296875,28528.662109375,28960.892578125,2761382096.0,,,,,
2015-03-31,29299.552734375,29874.958984375,29104.40625,29696.953125,2719959840.0,,,,,
2015-04-01,29568.787109375,29605.904296875,28965.728515625,29299.43359375,2735655576.0,,,,,
2015-04-02,30282.169921875,30456.4375,29341.9375,29546.90234375,3144567494.0,,,,,
2015-04-03,30254.146484375,30643.2265625,30134.802734375,30290.427734375,2753519536.0,,,,,
2015-04-04,30179.794921875,30365.490234375,29870.857421875,30250.45703125,1486226760.0,,,,,
2015-04-05,30972.072265625,30976.009765625,29971.01953125,30187.408203125,2335307420.0,,,,,
2015-04-06,30523.62890625,31185.37890625,30360.61328125,30986.69140625,2393485874.0,,,,,
2015-04-07,30449.95703125,30571.25390625,30166.240234375,30497.5859375,2221074198.0,,,,,
2015-04-08,29424.69140625,30410.87109375,29330.220703125,30436.005859375,3613075776.0,,,,,
2015-04-09,29372.705078125,29612.91796875,28795.03125,29392.1484375,2608907490.0,,,,,
2015-04-10,28378.216796875,29382.185546875,27990.712890625,29374.875,3471905220.0,,,,,
2015-04-11,28435.916015625,28794.7421875,28150.177734375,28371.484375,1967260692.0,,,,,
2015-04-12,28383.228515625,28577.283203125,28066.09765625,28433.873046875,1488901701.0,,,,,
2015-04-13,26959.423828125,28536.451171875,26663.939453125,28358.830078125,3743063272.0,,,,,
2015-04-14,26176.349609375,26958.873046875,25818.150390625,26980.0703125,3788517360.0,,,,,
2015-04-15,26667.462890625,26667.462890625,26139.48828125,26166.078125,2688036680.0,,,,,
2015-04-16,27211.615234375,27337.857421875,26661.798828125,26677.47265625,2953082870.0,,,,,
2015-04-17,26500.669921875,27210.056640625,26422.1953125,27211.853515625,2429103220.0,,,,,
2015-04-18,26557.029296875,26671.171875,26262.158203125,26497.220703125,1538447100.0,,,,,
2015-04-19,26449.33203125,26913.37109375,26460.1640625,26568.91796875,1784854630.0,,,,,
2015-04-20,26777.666015625,26951.61328125,26381.966796875,26450.7578125,2189255887.0,,,,,
2015-04-21,28149.935546875,28149.935546875,26801.7265625,26776.94921875,2988617700.0,,,,,
2015-04-22,28080.04296875,28511.013671875,28000.77734375,28189.779296875,2859601689.0,,,,,
2015-04-23,28271.396484375,28277.681640625,27920.916015625,28065.294921875,2036824160.0,,,,,
2015-04-24,27513.955078125,28259.71484375,27350.529296875,28212.57421875,2551751839.0,,,,,
2015-04-25,26933.619140625,27667.783203125,26927.314453125,27510.02734375,1660488084.0,,,,,
2015-04-26,26094.615234375,26999.52734375,25563.55859375,26935.998046875,3441984804.0,,,,,
2015-04-27,27312.546875,27779.625,26034.125,26094.49609375,4594934880.0,,,,,
2015-04-28,26838.349609375,27328.263671875,26545.2109375,27274.787109375,2551185036.0,,,,,
2015-04-29,26866.634765625,26970.080078125,26621.68359375,26806.978515625,2253064770.0,,,,,
2015-04-30,28212.244140625,28601.427734375,26749.41796875,26852.953125,4040308142.0,,,,,
2015-05-01,27886.611328125,28632.90625,27886.611328125,28187.630859375,2260846448.0,,,,,
2015-05-02,28229.1875,28324.95703125,27918.095703125,27918.095703125,1506265680.0,,,,,
2015-05-03,28874.20703125,29227.71875,28127.412109375,28223.181640625,2221696233.0,,,,,
2015-05-04,28703.671875,29155.3828125,28594.2734375,28873.966796875,2548718106.0,,,,,
2015-05-05,28317.9921875,28728.400390625,27906.814453125,28683.736328125,2869816963.0,,,,,
2015-05-06,27431.375,28355.5625,27379.3515625,28333.341796875,3532119936.0,,,,,
2015-05-07,28408.87890625,28647.169921875,27312.1875,27417.05078125,3479008680.0,,,,,
2015-05-08,29212.349609375,29491.4296875,28324.52734375,28393.318359375,3287696445.0,,,,,
2015-05-09,28969.0546875,29684.44140625,28706.357421875,29201.087890625,2370703995.0,,,,,
2015-05-10,28787.4609375,29236.904296875,28611.720703125,28956.716796875,1799288180.0,,,,,
2015-05-11,29085.59765625,29319.728515625,28705.970703125,28787.8203125,2509374153.0,,,,,
2015-05-12,28890.0390625,29167.578125,28847.89453125,29084.037109375,2310441132.0,,,,,
2015-05-13,28171.41015625,29066.576171875,28003.26171875,28924.30859375,3239324318.0,,,,,
2015-05-14,28244.306640625,28343.26171875,27890.232421875,28151.984375,2910357177.0,,,,,
2015-05-15,28339.1484375,28473.68359375,28242.5390625,28247.40625,1947607538.0,,,,,
2015-05-16,28165.96875,28350.12109375,28063.634765625,28343.798828125,1322668519.0,,,,,
2015-05-17,28257.58203125,28389.240234375,28148.912109375,28148.912109375,1328656019.0,,,,,
2015-05-18,27954.37890625,28382.177734375,27890.55078125,28267.724609375,2012125773.0,,,,,
2015-05-19,27979.767578125,28091.095703125,27973.357421875,27943.466796875,1718000397.0,,,,,
2015-05-20,28365.322265625,28474.087890625,28057.517578125,27972.890625,1878682274.0,,,,,
2015-05-21,28488.390625,28604.181640625,28317.419921875,28365.080078125,1828932345.0,,,,,
2015-05-22,29202.283203125,29292.19140625,28435.20703125,28485.607421875,3280864500.0,,,,,
2015-05-23,29022.947265625,29284.537109375,29000.955078125,29194.748046875,1774507500.0,,,,,
2015-05-24,29290.24609375,29400.326171875,29015.537109375,29035.583984375,1398912480.0,,,,,
2015-05-25,28844.431640625,29303.33203125,28760.859375,29287.0859375,1754667435.0,,,,,
2015-05-26,29155.783203125,29206.087890625,28893.482421875,28843.701171875,2019618000.0,,,,,
2015-05-27,29354.28125,29361.7734375,29314.67578125,29149.513671875,2330325270.0,,,,,
2015-05-28,29386.36328125,29487.798828125,29318.814453125,29351.064453125,1711827888.0,,,,,
2015-05-29,29425.984375,29393.34765625,29178.783203125,29382.525390625,1837448550.0,,,,,
2015-05-30,28960.447265625,29425.61328125,28799.23046875,29425.48828125,1749777246.0,,,,,
2015-05-31,28596.50390625,28948.90625,28499.935546875,28934.384765625,1830007284.0,,,,,
2015-06-01,27830.08203125,28750.94921875,27602.25,28601.845703125,3257138020.0,,,,,
2015-06-02,28008.603515625,28100.490234375,27720.080078125,27826.0859375,2537734360.0,,,,,
2015-06-03,28076.13671875,28252.673828125,27798.669921875,28000.29296875,2206623320.0,,,,,
2015-06-04,27903.662109375,28241.0546875,27881.279296875,28063.4609375,1832028359.0,,,,,
2015-06-05,28256.220703125,28358.984375,27834.884765625,27882.517578125,2268076965.0,,,,,
2015-06-06,28340.00390625,28352.5625,28184.24609375,28262.87890625,1398227715.0,,,,,
2015-06-07,27991.625,28412.228515625,27949.50390625,28337.11328125,1672657856.0,,,,,
2015-06-08,28456.01953125,28547.6171875,27972.98046875,27991.373046875,2911545936.0,,,,,
2015-06-09,28479.828125,28721.439453125,28386.27734375,28462.12109375,3525424454.0,,,,,
2015-06-10,28113.0234375,28247.1015625,28004.1875,28473.23828125,1954222776.0,,,,,
2015-06-11,28389.240234375,28477.291015625,28142.916015625,28119.4140625,1781673440.0,,,,,
2015-06-12,28372.87890625,28500.880859375,28306.396484375,28389.240234375,1729363649.0,,,,,
2015-06-13,28671.43359375,28702.275390625,28277.638671875,28365.23046875,1641474861.0,,,,,
2015-06-14,28791.181640625,28974.431640625,28622.333984375,28676.369140625,1499812152.0,,,,,
2015-06-15,29226.326171875,29351.33984375,28787.935546875,28776.263671875,2457352261.0,,,,,
2015-06-16,30970.478515625,31062.4453125,29132.732421875,29219.16796875,5136585280.0,,,,,
2015-06-17,30801.53125,31813.8125,30412.673828125,30961.591796875,5419143904.0,,,,,
2015-06-18,30627.861328125,30926.087890625,29998.326171875,30819.322265625,3810564600.0,,,,,
2015-06-19,30000.92578125,30900.2890625,29900.4765625,30632.2890625,2939344045.0,,,,,
2015-06-20,30075.251953125,30150.8046875,29512.90234375,29991.603515625,2527583465.0,,,,,
2015-06-21,29949.005859375,30076.72265625,29666.828125,30061.515625,1301472493.0,,,,,
2015-06-22,30478.56640625,30583.04296875,29992.130859375,29952.07421875,2183254500.0,,,,,
2015-06-23,30258.50390625,30571.720703125,30121.74609375,30470.79296875,1871363582.0,,,,,
2015-06-24,29787.783203125,30239.642578125,29787.783203125,30256.767578125,2148165865.0,,,,,
2015-06-25,30007.52734375,30078.26953125,29769.205078125,29769.205078125,1993889829.0,,,,,
2015-06-26,30169.115234375,30188.3125,29940.494140625,29983.4296875,1731856475.0,,,,,
2015-06-27,31085.111328125,31128.3359375,30110.041015625,30163.54296875,2537513110.0,,,,,
2015-06-28,30526.2578125,31107.65234375,30337.8828125,31080.77734375,1855718384.0,,,,,
2015-06-29,31531.46875,31524.267578125,30565.51953125,30490.70703125,4261564114.0,,,,,
2015-06-30,32200.01171875,32752.09765625,31350.826171875,31528.037109375,5450937120.0,,,,,
2015-07-01,31893.142578125,32494.17578125,31421.8359375,32233.427734375,3333314936.0,,,,,
2015-07-02,31425.892578125,32277.41796875,31268.97265625,31884.6328125,2651745776.0,,,,,
2015-07-03,31478.060546875,31620.470703125,31186.185546875,31431.67578125,2337350640.0,,,,,
2015-07-04,32036.798828125,32106.919921875,31215.759765625,31497.09375,1918185120.0,,,,,
2015-07-05,33284.87109375,33476.0078125,31768.48046875,32026.853515625,5405148201.0,,,,,
2015-07-06,32993.83984375,33986.96875,32807.76171875,33186.33203125,6028344672.0,,,,,
2015-07-07,32618.34375,33271.83203125,32394.25,33108.265625,3535921728.0,,,,,
2015-07-08,32729.783203125,33133.22265625,32300.03515625,32590.7734375,4469796774.0,,,,,
2015-07-09,32762.35546875,33036.95703125,32247.962890625,32734.859375,4904253028.0,,,,,
2015-07-10,34967.890625,36178.72265625,32705.138671875,32753.59375,12321868600.0,,,,,
2015-07-11,35976.93359375,36638.62890625,34800.47265625,34966.171875,5045829126.0,,,,,
2015-07-12,38074.9921875,38588.72265625,35902.0625,35980.00390625,6908484400.0,,,,,
2015-07-13,36094.953125,38106.67578125,34690.8046875,38070.08984375,7669241501.0,,,,,
2015-07-14,35447.18359375,36526.76953125,35362.53125,36092.48046875,3542351032.0,,,,,
2015-07-15,35411.35546875,36189.734375,35354.1171875,35518.83203125,3405314874.0,,,,,
2015-07-16,34521.96875,36068.83984375,34138.015625,35437.7421875,6142769964.0,,,,,
2015-07-17,34671.29296875,34771.53515625,33722.44921875,34522.21875,3422989084.0,,,,,
2015-07-18,34104.21875,35050.30078125,34001.74609375,34653.8046875,3124711626.0,,,,,
2015-07-19,33966.4453125,34199.62109375,33807.9609375,34087.59375,1903376550.0,,,,,
2015-07-20,34671.7578125,34671.7578125,33877.06640625,33952.1640625,2822572792.0,,,,,
2015-07-21,34161.91796875,34888.82421875,34107.890625,34659.453125,2839967195.0,,,,,
2015-07-22,34389.38671875,34458.34765625,33935.4453125,34140.12109375,2405304690.0,,,,,
2015-07-23,34194.19140625,34469.078125,34122.61328125,34404.15234375,2295472131.0,,,,,
2015-07-24,35685.93359375,35809.51953125,34123.23828125,34188.73828125,4604913726.0,,,,,
2015-07-25,35737.80078125,35989.83984375,35404.1875,35671.8203125,2557773738.0,,,,,
2015-07-26,36216.96484375,36276.90625,35615.125,35730.74609375,1983836802.0,,,,,
2015-07-27,36195.03125,36694.6875,35482.828125,36211.15234375,3771075840.0,,,,,
2015-07-28,36382.34375,36529.35546875,36314.03125,36196.140625,3145301352.0,,,,,
2015-07-29,35885.9921875,36395.81640625,35678.3984375,36389.390625,3057428592.0,,,,,
2015-07-30,35691.9140625,36007.5390625,35629.0,35825.64453125,2683920990.0,,,,,
2015-07-31,35273.828125,35822.25,35072.76953125,35688.69140625,2928118072.0,,,,,
2015-08-01,34895.99609375,35308.7734375,34463.640625,35278.2890625,2353860400.0,,,,,
2015-08-02,35049.7890625,35078.98828125,34391.39453125,34753.2421875,2197907244.0,,,,,
2015-08-03,34858.0859375,35401.2578125,34743.2890625,35073.6015625,2661714695.0,,,,,
2015-08-04,35444.0390625,35497.23046875,34843.77734375,34857.83984375,2722594149.0,,,,,
2015-08-05,35167.59765625,35513.46875,35003.03515625,35397.93359375,2511169280.0,,,,,
2015-08-06,34752.48046875,35184.6875,34683.44921875,35170.59375,2344314475.0,,,,,
2015-08-07,34727.25,34838.70703125,34479.421875,34772.9375,5277037008.0,,,,,
2015-08-08,32418.439453125,34769.859375,32382.787109375,34746.75390625,7270383930.0,,,,,
2015-08-09,32957.76953125,33164.44140625,32352.728515625,32433.21875,2957760968.0,,,,,
2015-08-10,32960.89453125,33290.8828125,32729.966796875,33006.87890625,2614662622.0,,,,,
2015-08-11,33819.87890625,33819.87890625,32940.4453125,32944.9453125,3181272212.0,,,,,
2015-08-12,33110.5390625,33885.5546875,32950.01171875,33846.3984375,3333154220.0,,,,,
2015-08-13,32843.62890625,33087.3125,32707.93359375,33086.546875,3443245635.0,,,,,
2015-08-14,33024.0234375,33232.65234375,32546.166015625,32850.09375,3367436160.0,,,,,
2015-08-15,32510.7890625,33146.70703125,32479.091796875,33005.25390625,2401612730.0,,,,,
2015-08-16,32147.9296875,32621.29296875,31950.1953125,32549.943359375,3695606120.0,,,,,
2015-08-17,32097.375,32401.61328125,31972.5,32145.814453125,2689699118.0,,,,,
2015-08-18,26254.005859375,32107.23046875,26254.005859375,32091.15234375,5242268736.0,,,,,
2015-08-19,28090.681640625,29512.3125,27591.796875,28068.958984375,7542911264.0,,,,,
2015-08-20,29046.8984375,29449.876953125,28105.978515625,28117.32421875,3983380500.0,,,,,
2015-08-21,28375.744140625,29062.22265625,28277.279296875,29047.513671875,2827435338.0,,,,,
2015-08-22,28109.884765625,28667.103515625,27172.115234375,28387.091796875,2831351859.0,,,,,
2015-08-23,27770.44921875,28392.337890625,27523.015625,28108.17578125,2240267286.0,,,,,
2015-08-24,25023.64453125,27787.33203125,25015.359375,27763.51171875,7040156816.0,,,,,
2015-08-25,26273.962890625,26936.724609375,23720.533203125,24972.8828125,7242735552.0,,,,,
2015-08-26,27106.494140625,27589.37890625,26276.943359375,26329.330078125,3817914240.0,,,,,
2015-08-27,27199.296875,27672.662109375,27097.080078125,27132.78125,2650772454.0,,,,,
2015-08-28,28160.892578125,28522.654296875,26765.18359375,27191.068359375,3813664220.0,,,,,
2015-08-29,27964.2265625,28383.1171875,27666.060546875,28179.513671875,2086242250.0,,,,,
2015-08-30,27746.421875,28242.673828125,27534.259765625,27978.22265625,2354554254.0,,,,,
2015-08-31,27859.78125,28113.06640625,27385.416015625,27789.236328125,2508065770.0,,,,,
2015-09-01,27306.083984375,27970.19921875,27245.88671875,27884.001953125,2462851440.0,,,,,
2015-09-02,27649.357421875,27699.21484375,27222.294921875,27294.830078125,2262316636.0,,,,,
2015-09-03,27286.94921875,27685.76953125,27265.7734375,27654.181640625,2099763020.0,,,,,
2015-09-04,27403.16015625,27474.791015625,27214.33203125,27290.79296875,2494315976.0,,,,,
2015-09-05,27964.91015625,28098.65625,27301.421875,27391.37890625,2459689886.0,,,,,
2015-09-06,28574.537109375,28904.099609375,27924.69140625,27947.181640625,3034936618.0,,,,,
2015-09-07,28642.529296875,28905.03515625,28489.083984375,28585.73828125,2530772524.0,,,,,
2015-09-08,29252.328125,29518.298828125,28619.94921875,28642.408203125,3227654336.0,,,,,
2015-09-09,28634.939453125,29408.1328125,28681.212890625,29229.271484375,2841720211.0,,,,,
2015-09-10,28772.25,29121.65234375,28464.689453125,28655.13671875,2559650075.0,,,,,
2015-09-11,28944.8984375,29056.041015625,28752.009765625,28754.392578125,2317537585.0,,,,,
2015-09-12,28356.85546875,28946.947265625,28299.59375,28914.51953125,2165391430.0,,,,,
2015-09-13,27848.154296875,28441.96484375,27657.439453125,28358.423828125,2232423828.0,,,,,
2015-09-14,27760.310546875,27916.044921875,27473.859375,27859.873046875,2527295208.0,,,,,
2015-09-15,27730.904296875,31215.880859375,27659.078125,27742.017578125,2309198898.0,,,,,
2015-09-16,27607.755859375,27792.04296875,27429.228515625,27724.40234375,2427577542.0,,,,,
2015-09-17,27597.8828125,27726.314453125,27617.6328125,27605.94921875,2273952186.0,,,,,
2015-09-18,27952.341796875,27913.78515625,27736.8203125,28043.537109375,2428659156.0,,,,,
2015-09-19,27774.529296875,27979.935546875,27726.05859375,27938.302734375,1525257748.0,,,,,
2015-09-20,27743.12890625,27879.154296875,27704.58203125,27763.251953125,1733219553.0,,,,,
2015-09-21,27363.744140625,27736.791015625,27300.310546875,27743.7265625,2371295400.0,,,,,
2015-09-22,27685.69140625,27849.138671875,27041.0546875,27349.763671875,3002366465.0,,,,,
2015-09-23,27684.623046875,27778.470703125,27601.4296875,27723.8671875,2074287902.0,,,,,
2015-09-24,28204.458984375,28348.57421875,27702.185546875,27693.638671875,3018261428.0,,,,,
2015-09-25,28346.609375,28733.416015625,28070.123046875,28184.375,2695931980.0,,,,,
2015-09-26,28249.6875,28377.83203125,28131.306640625,28338.412109375,1654440255.0,,,,,
2015-09-27,28016.9609375,28272.109375,28011.033203125,28225.45703125,1706834563.0,,,,,
2015-09-28,28653.994140625,28701.533203125,27963.455078125,28026.46875,2961111660.0,,,,,
2015-09-29,28371.669921875,28689.912109375,28292.484375,28638.8984375,2720006131.0,,,,,
2015-09-30,28294.150390625,28490.041015625,28324.9609375,28366.037109375,2366455910.0,,,,,
2015-10-01,28463.12109375,28513.25390625,28280.98828125,28287.439453125,2454968016.0,,,,,
2015-10-02,28446.685546875,28660.701171875,28245.666015625,28428.97265625,2358986652.0,,,,,
2015-10-03,28618.951171875,28689.08203125,28404.84765625,28435.775390625,1975946076.0,,,,,
2015-10-04,28598.228515625,28647.484375,28538.5234375,28595.09765625,1560269970.0,,,,,
2015-10-05,28958.939453125,28958.939453125,28482.126953125,28584.78515625,2811275873.0,,,,,
2015-10-06,29589.076171875,29688.994140625,28941.19140625,28956.650390625,3311095775.0,,,,,
2015-10-07,29134.412109375,29668.32421875,29100.498046875,29601.94140625,2757834072.0,,,,,
2015-10-08,29057.095703125,29271.041015625,29000.935546875,29147.123046875,2220354776.0,,,,,
2015-10-09,29332.703125,29368.416015625,29037.69140625,29080.359375,2086710275.0,,,,,
2015-10-10,29454.154296875,29499.609375,29229.6484375,29309.736328125,1913502175.0,,,,,
2015-10-11,29692.939453125,29726.025390625,29359.27734375,29430.2265625,2022473187.0,,,,,
2015-10-12,29444.318359375,29739.021484375,29450.90234375,29671.90625,2087117649.0,,,,,
2015-10-13,29871.09765625,29943.23828125,29209.40234375,29431.35546875,3375924420.0,,,,,
2015-10-14,29948.892578125,30210.412109375,29786.22265625,29869.30078125,3263930010.0,,,,,
2015-10-15,30279.33984375,30295.662109375,29995.994140625,29962.916015625,3003109910.0,,,,,
2015-10-16,31391.814453125,31757.890625,30222.271484375,30276.482421875,4287357130.0,,,,,
2015-10-17,32319.830078125,32670.685546875,31331.8671875,31377.248046875,5158896232.0,,,,,
2015-10-18,31211.39453125,32442.591796875,31141.990234375,32351.71484375,2676187647.0,,,,,
2015-10-19,31480.72265625,31624.8046875,31118.40625,31237.3984375,3018426600.0,,,,,
2015-10-20,32278.974609375,32467.69921875,31450.361328125,31496.853515625,3700289142.0,,,,,
2015-10-21,31912.69921875,32500.521484375,31650.125,32260.166015625,3072630405.0,,,,,
2015-10-22,33121.16015625,33109.30859375,31888.296875,31939.544921875,4569925482.0,,,,,
2015-10-23,33580.44140625,33520.109375,33082.2890625,33075.953125,3575791625.0,,,,,
2015-10-24,34206.87890625,34213.19140625,33581.41015625,33581.41015625,3150704480.0,,,,,
2015-10-25,34410.3828125,35710.5234375,34181.49609375,34181.49609375,5545484230.0,,,,,
2015-10-26,34509.88671875,34509.88671875,33964.15234375,34404.07421875,3883880448.0,,,,,
2015-10-27,35389.703125,35658.0,34460.31640625,34495.4921875,5581128628.0,,,,,
2015-10-28,36813.0859375,36860.80859375,35382.40234375,35379.46484375,6140158885.0,,,,,
2015-10-29,37985.87109375,38533.5703125,36436.07421875,36777.5546875,7805938777.0,,,,,
2015-10-30,39561.890625,40350.90625,37986.7421875,37996.51953125,9444366050.0,,,,,
2015-10-31,37891.55859375,40136.234375,37298.765625,39621.83203125,5861416841.0,,,,,
2015-11-01,39207.92578125,39466.921875,37615.96875,37992.75390625,4457892528.0,,,,,
2015-11-02,43620.796875,44106.2578125,38920.828125,39269.4921875,12308636860.0,,,,,
2015-11-03,48845.73046875,50628.5859375,43185.875,43703.40234375,24962094960.0,,,,,
2015-11-04,50000.7890625,60141.40625,46244.1953125,48875.63671875,32061211000.0,,,,,
2015-11-05,47007.69140625,54365.234375,45575.26953125,49577.2734375,18472546777.0,,,,,
2015-11-06,46108.4921875,48763.03515625,43127.32421875,47213.6796875,15106450310.0,,,,,
2015-11-07,47587.52734375,48092.85546875,45857.67578125,46083.7421875,6972248563.0,,,,,
2015-11-08,45995.20703125,48007.76953125,45442.27734375,47316.15234375,6383410144.0,,,,,
2015-11-09,46779.21484375,47574.12890625,44773.984375,46112.97265625,8392965688.0,,,,,
2015-11-10,41448.9453125,47017.38671875,40536.234375,46745.6328125,11788890066.0,,,,,
2015-11-11,38185.5625,41905.578125,36989.5234375,41818.25,13142842500.0,,,,,
2015-11-12,41447.29296875,42444.9609375,38489.515625,38553.19921875,9619023946.0,,,,,
2015-11-13,41292.65234375,41836.96484375,39967.015625,41489.69921875,6376607860.0,,,,,
2015-11-14,40820.93359375,41467.75390625,40460.921875,41276.8359375,4734603440.0,,,,,
2015-11-15,39156.30078125,41036.25390625,38930.62109375,40838.71484375,5407262130.0,,,,,
2015-11-16,40765.0625,40853.0078125,38682.56640625,39103.58984375,5913547325.0,,,,,
2015-11-17,41357.30078125,41738.85546875,40628.22265625,40717.1171875,6294617472.0,,,,,
2015-11-18,41318.51953125,41591.8671875,40751.3828125,41295.46484375,5406861462.0,,,,,
2015-11-19,40073.92578125,41413.75,39976.0546875,41329.5078125,5530513857.0,,,,,
2015-11-20,39573.28515625,40113.73828125,38390.203125,40106.12109375,6531959881.0,,,,,
2015-11-21,40176.05859375,40327.4609375,39275.03125,39581.88671875,3465559445.0,,,,,
2015-11-22,39888.72265625,40186.26171875,39479.51953125,40181.95703125,2880936654.0,,,,,
2015-11-23,39708.8125,39927.7421875,39570.078125,39865.859375,3377706388.0,,,,,
2015-11-24,39205.6328125,39716.75390625,39036.26171875,39704.8828125,3596918500.0,,,,,
2015-11-25,40261.02734375,40391.32421875,38740.96875,39205.515625,5111278623.0,,,,,
2015-11-26,43249.63671875,44949.73828125,40250.72265625,40272.9296875,13011656150.0,,,,,
2015-11-27,43974.71875,44565.1015625,42641.90234375,43148.71484375,6777097062.0,,,,,
2015-11-28,43893.53515625,44158.2109375,43253.765625,43864.0546875,4521814812.0,,,,,
2015-11-29,45598.6171875,45651.79296875,43682.89453125,43904.7109375,4962666133.0,,,,,
2015-11-30,46482.17578125,47053.58984375,45590.44140625,45616.1796875,8832920104.0,,,,,
2015-12-01,44546.15234375,46563.04296875,43825.15625,46493.62890625,7428970858.0,,,,,
2015-12-02,44262.6171875,44739.2734375,42952.7421875,44467.1328125,6674198415.0,,,,,
2015-12-03,44275.0703125,45677.125,43979.546875,44280.359375,6219168187.0,,,,,
2015-12-04,44729.62109375,44657.94140625,43608.69140625,44301.55859375,4407169756.0,,,,,
2015-12-05,47902.9609375,48005.921875,44735.28515625,44795.87890625,8163315752.0,,,,,
2015-12-06,47886.40234375,49609.95703125,47670.0078125,47977.59375,9577945540.0,,,,,
2015-12-07,48753.76953125,49356.17578125,47471.07421875,48033.58984375,7821561908.0,,,,,
2015-12-08,51072.69140625,51072.69140625,47998.9453125,48780.63671875,7103792060.0,,,,,
2015-12-09,50800.71484375,51895.66796875,49518.74609375,50934.80078125,11060986552.0,,,,,
2015-12-10,50559.640625,51033.26953125,50073.046875,50852.421875,6344782741.0,,,,,
2015-12-11,54621.2265625,54621.2265625,50568.76953125,50535.546875,13408691840.0,,,,,
2015-12-12,52573.73828125,56695.7890625,49642.15625,54669.20703125,15949773340.0,,,,,
2015-12-13,52432.3046875,53456.53125,51518.75,52170.4296875,6654516528.0,,,,,
2015-12-14,53786.0,53902.96875,52007.69140625,52373.91796875,15801760640.0,,,,,
2015-12-15,56601.6484375,56601.6484375,53722.5546875,53749.1875,10110851091.0,,,,,
2015-12-16,55711.21484375,56634.421875,54043.30078125,56587.90234375,13218822240.0,,,,,
2015-12-17,55833.0703125,56032.90625,55029.9921875,55691.9921875,5873515728.0,,,,,
2015-12-18,56190.2578125,56621.34375,55711.953125,55804.7890625,7298676120.0,,,,,
2015-12-19,56033.42578125,56428.41796875,55359.91796875,56182.50390625,5804595240.0,,,,,
2015-12-20,53697.69140625,56072.57421875,52641.765625,56022.76171875,9147160220.0,,,,,
2015-12-21,53154.2734375,53967.86328125,51798.76171875,53716.25,9408378361.0,,,,,
2015-12-22,52829.578125,53677.37109375,52723.56640625,53008.49609375,6152196804.0,,,,,
2015-12-23,53499.5546875,53752.4453125,52822.1640625,52847.48828125,5703228102.0,,,,,
2015-12-24,54680.09375,55156.83984375,53572.44140625,53582.99609375,6869152296.0,,,,,
2015-12-25,54860.62109375,55051.59765625,54384.625,54664.4765625,4705051400.0,,,,,
2015-12-26,50239.7890625,55081.67578125,48853.50390625,54873.0234375,13986386400.0,,,,,
2015-12-27,50831.78125,50995.3203125,49229.51171875,50148.28515625,6442734064.0,,,,,
2015-12-28,50804.38671875,51731.296875,50368.37109375,50894.29296875,5972019966.0,,,,,
2015-12-29,52174.453125,52174.453125,50635.078125,50782.609375,6217378250.0,,,,,
2015-12-30,51382.11328125,52343.6328125,50873.78515625,52212.6484375,5647359336.0,,,,,
2015-12-31,51797.20703125,52080.39453125,50373.8203125,51292.38671875,5533390980.0,,,,,
2016-01-01,52250.3828125,52480.39453125,51430.0546875,51815.73828125,4364351670.0,,,,,
2016-01-02,52138.25390625,52458.26171875,51949.640625,52285.02734375,3620320014.0,,,,,
2016-01-03,51730.3203125,52174.9453125,51002.94140625,52155.09765625,4767946140.0,,,,,
2016-01-04,51732.71875,51790.08203125,51648.84375,51736.33984375,4596137375.0,,,,,
2016-01-05,51446.43359375,51923.828125,51109.9609375,51730.09375,4111641660.0,,,,,
2016-01-06,50891.85546875,51429.73046875,50551.25390625,51434.046875,4037440500.0,,,,,
2016-01-07,53816.05859375,53955.46875,50571.015625,50999.3046875,10287682878.0,,,,,
2016-01-08,53227.33203125,54829.90234375,52744.69921875,53756.140625,6693257920.0,,,,,
2016-01-09,52567.43359375,53392.921875,52482.64453125,53245.30078125,3790728320.0,,,,,
2016-01-10,52432.8671875,52649.40625,51714.82421875,52641.0703125,4212960136.0,,,,,
2016-01-11,52757.5546875,52822.08984375,51993.17578125,52515.61328125,4758942500.0,,,,,
2016-01-12,51328.640625,52719.6484375,51328.640625,52728.61328125,13619660670.0,,,,,
2016-01-13,50756.03125,51295.375,50007.875,51207.8828125,20412712320.0,,,,,
2016-01-14,50870.7734375,50893.90625,50387.3046875,50746.2890625,5195237010.0,,,,,
2016-01-15,42644.94140625,50864.74609375,42644.94140625,50864.74609375,17949735486.0,,,,,
2016-01-16,45361.08984375,45714.69921875,41542.68359375,42731.79296875,14087201600.0,,,,,
2016-01-17,44717.515625,45762.453125,44489.76953125,45316.140625,5301033612.0,,,,,
2016-01-18,45445.78125,45528.48046875,44077.33984375,44651.30859375,6385929782.0,,,,,
2016-01-19,44686.51171875,45705.61328125,44498.890625,45429.11328125,5503667490.0,,,,,
2016-01-20,49238.3515625,49734.9765625,44242.8515625,44638.4375,14261932400.0,,,,,
2016-01-21,48369.890625,49616.16015625,47805.2578125,49168.28125,8057050200.0,,,,,
2016-01-22,45428.57421875,48309.36328125,44568.4921875,48309.64453125,10872989682.0,,,,,
2016-01-23,46022.3046875,46859.87109375,45367.8828125,45421.68359375,6680503698.0,,,,,
2016-01-24,47768.18359375,48090.51953125,46024.5625,46094.875,6498931792.0,,,,,
2016-01-25,46309.84765625,47686.6328125,46082.50390625,47690.65625,6982356928.0,,,,,
2016-01-26,46419.15234375,47043.78515625,46115.19140625,46342.4765625,6882860390.0,,,,,
2016-01-27,46792.33203125,46954.4609375,46347.8125,46453.59765625,5618368668.0,,,,,
2016-01-28,45220.1640625,46898.62890625,45139.09765625,46812.9453125,7045167789.0,,,,,
2016-01-29,45927.73828125,46421.453125,43335.296875,45198.640625,10423744575.0,,,,,
2016-01-30,45780.203125,46102.3828125,45566.70703125,45854.03125,3665320932.0,,,,,
2016-01-31,44749.875,46033.39453125,44647.8125,45784.80078125,4598473305.0,,,,,
2016-02-01,45080.0859375,45852.5703125,44636.86328125,44820.625,6242195628.0,,,,,
2016-02-02,44870.10546875,45218.72265625,45078.5703125,45063.65625,4838579621.0,,,,,
2016-02-03,43713.17578125,44949.0078125,43418.26953125,44893.828125,5427490544.0,,,,,
2016-02-04,45516.265625,45728.06640625,43662.875,43739.76171875,8094625432.0,,,,,
2016-02-05,45183.71484375,45691.51171875,45069.51171875,45434.953125,5122704250.0,,,,,
2016-02-06,44011.65625,45193.30078125,43528.31640625,45188.38671875,5756750677.0,,,,,
2016-02-07,44041.94140625,44520.01171875,43799.91796875,44010.72265625,4335702522.0,,,,,
2016-02-08,43181.67578125,44537.015625,43179.8125,44057.9609375,5512209293.0,,,,,
2016-02-09,43311.01953125,43322.9296875,42711.73828125,43178.90234375,6371584830.0,,,,,
2016-02-10,43214.11328125,44214.8984375,43023.39453125,43324.49609375,9639371354.0,,,,,
2016-02-11,42703.48046875,43236.22265625,42231.96484375,43266.76953125,8365767488.0,,,,,
2016-02-12,43498.5703125,43392.015625,42636.671875,42707.08203125,7589244960.0,,,,,
2016-02-13,44358.55078125,44358.55078125,43541.359375,43541.359375,7008404440.0,,,,,
2016-02-14,46281.69140625,46281.69140625,44479.90234375,44479.90234375,8463492770.0,,,,,
2016-02-15,45757.15234375,46541.3125,45578.05859375,46320.1015625,8469220513.0,,,,,
2016-02-16,46498.45703125,46546.12109375,45927.8359375,45899.734375,8340654097.0,,,,,
2016-02-17,47577.27734375,47945.65234375,46401.8515625,46517.625,9507364608.0,,,,,
2016-02-18,47829.515625,48482.60546875,47399.359375,47605.84765625,8691464424.0,,,,,
2016-02-19,47355.14453125,47857.29296875,47193.4296875,47869.9453125,6269749702.0,,,,,
2016-02-20,49198.4375,49740.87890625,47446.9765625,47446.9765625,10577870484.0,,,,,
2016-02-21,49369.1640625,50423.09765625,48288.32421875,49266.97265625,10105727407.0,,,,,
2016-02-22,49443.63671875,49436.46875,48863.33984375,49390.65234375,9644258340.0,,,,,
2016-02-23,47071.94140625,49294.88671875,46825.19921875,49500.90234375,9537198964.0,,,,,
2016-02-24,47616.20703125,47529.6796875,46245.83203125,47096.5546875,7590681137.0,,,,,
2016-02-25,48028.6640625,47938.74609375,47309.30078125,47625.39453125,8009377740.0,,,,,
2016-02-26,49261.0078125,49261.0078125,47592.46484375,48038.27734375,7008789140.0,,,,,
2016-02-27,49302.84375,49497.9921875,48799.4609375,49339.31640625,4775451464.0,,,,,
2016-02-28,49289.40625,49663.5078125,48311.2421875,49308.76953125,6029897580.0,,,,,
2016-02-29,49188.38671875,49828.48046875,49126.6640625,49281.8984375,6820870386.0,,,,,
2016-03-01,49564.859375,49438.98046875,48826.109375,49213.11328125,8531380578.0,,,,,
2016-03-02,48110.03515625,49738.12890625,48110.03515625,49565.7734375,8505177437.0,,,,,
2016-03-03,47937.50390625,48432.96875,47854.796875,48101.29296875,11424025960.0,,,,,
2016-03-04,46744.3125,48427.7734375,46744.3125,47958.53515625,10334880920.0,,,,,
2016-03-05,45564.83984375,46780.484375,44821.48046875,46726.33984375,15400042840.0,,,,,
2016-03-06,46401.1328125,46854.421875,45019.75,45559.71875,10380894170.0,,,,,
2016-03-07,47017.1484375,47131.71484375,46205.45703125,46406.82421875,9732317152.0,,,,,
2016-03-08,46642.22265625,47085.41015625,46470.06640625,47033.48828125,7922018788.0,,,,,
2016-03-09,46970.44921875,47028.2578125,46276.859375,46633.4375,7926793059.0,,,,,
2016-03-10,47064.890625,47254.0078125,46937.05078125,46957.3125,9141813356.0,,,,,
2016-03-11,47988.32421875,48263.97265625,47176.6796875,47076.96484375,8417751405.0,,,,,
2016-03-12,46842.80859375,48000.2734375,46668.6953125,47978.6484375,10550727565.0,,,,,
2016-03-13,47104.03515625,47409.53515625,46844.859375,46845.54296875,8454961728.0,,,,,
2016-03-14,47390.64453125,47389.46875,47131.9296875,47119.50390625,10840519720.0,,,,,
2016-03-15,47139.3046875,47353.3359375,46876.703125,47384.953125,7552342453.0,,,,,
2016-03-16,47034.66796875,47432.421875,47272.5546875,47145.86328125,7352306382.0,,,,,
2016-03-17,46836.1484375,46949.5859375,47087.734375,47133.69921875,9300909610.0,,,,,
2016-03-18,45685.078125,46857.34765625,45365.50390625,46827.90625,11706057000.0,,,,,
2016-03-19,45785.02734375,45845.265625,45426.5078125,45653.51171875,6517085650.0,,,,,
2016-03-20,46096.4453125,46247.2734375,45780.23046875,45780.23046875,5119055539.0,,,,,
2016-03-21,46344.11328125,46054.765625,45683.61328125,46058.8984375,6913420002.0,,,,,
2016-03-22,46922.12890625,46719.9375,46232.3515625,46324.48828125,7498456659.0,,,,,
2016-03-23,46991.98828125,47108.953125,47020.23046875,46930.2109375,6906942522.0,,,,,
2016-03-24,46981.73828125,47038.6953125,46858.51171875,47035.04296875,7711558612.0,,,,,
2016-03-25,47157.6875,47293.20703125,47016.234375,46994.59765625,5941382400.0,,,,,
2016-03-26,47244.50390625,47362.2890625,47053.91796875,47178.9375,5047281216.0,,,,,
2016-03-27,48416.4921875,48471.2109375,47218.05078125,47266.546875,8080975430.0,,,,,
2016-03-28,48082.33984375,48452.5390625,47992.9609375,48391.87109375,7766374152.0,,,,,
2016-03-29,46924.69140625,48399.61328125,46859.92578125,48090.61328125,8495860041.0,,,,,
2016-03-30,46612.875,46914.66796875,46228.42578125,46960.51953125,7420251817.0,,,,,
2016-03-31,46882.01171875,47091.61328125,46629.20703125,46662.4296875,6774210000.0,,,,,
2016-04-01,46665.234375,46985.91796875,46677.02734375,46885.5,5720465905.0,,,,,
2016-04-02,46990.46875,47125.34375,46716.81640625,46716.81640625,5100305980.0,,,,,
2016-04-03,47006.55859375,47069.40625,46833.98828125,47023.96484375,4249837216.0,,,,,
2016-04-04,46868.7890625,47074.34765625,46676.41796875,47050.671875,5631040503.0,,,,,
2016-04-05,46800.19140625,46799.7890625,46675.53515625,46821.30078125,6701445660.0,,,,,
2016-04-06,46444.171875,46880.515625,46331.09765625,46828.2265625,6481691790.0,,,,,
2016-04-07,45846.6953125,45843.92578125,45895.3359375,46466.87890625,6274765170.0,,,,,
2016-04-08,45410.30078125,46355.83984375,45333.171875,45864.265625,6855011241.0,,,,,
2016-04-09,45308.97265625,45468.85546875,44996.1171875,45460.2109375,5379105381.0,,,,,
2016-04-10,45642.734375,45635.65234375,45292.33203125,45328.5234375,7955528022.0,,,,,
2016-04-11,45602.81640625,45596.62890625,45455.41015625,45676.08203125,5477685150.0,,,,,
2016-04-12,46213.90234375,46222.828125,45671.26953125,45641.671875,7687513272.0,,,,,
2016-04-13,46364.9765625,46428.921875,46123.21875,46261.94140625,7556588968.0,,,,,
2016-04-14,46382.5078125,46510.06640625,46184.55859375,46386.96875,4950118920.0,,,,,
2016-04-15,46722.6953125,46724.57421875,46415.3359375,46398.359375,5958567095.0,,,,,
2016-04-16,46816.09375,47039.31640625,46643.4296875,46707.69140625,4283179144.0,,,,,
2016-04-17,46176.1875,46902.96875,46327.5703125,46823.05078125,5631682236.0,,,,,
2016-04-18,46746.421875,46357.296875,46471.2265625,46199.08984375,6072025063.0,,,,,
2016-04-19,47557.58203125,47626.46484375,46701.8671875,46758.63671875,5766906600.0,,,,,
2016-04-20,48486.58203125,48651.7578125,47363.28515625,47537.3828125,8006977046.0,,,,,
2016-04-21,49185.0703125,49298.9609375,48398.890625,48489.546875,7464322806.0,,,,,
2016-04-22,49824.48046875,49213.7109375,48838.734375,49213.8515625,6573155832.0,,,,,
2016-04-23,50332.5234375,50332.5234375,49667.3203125,49838.33984375,5643258012.0,,,,,
2016-04-24,51101.3671875,51310.87890625,50181.171875,50363.59765625,7600029696.0,,,,,
2016-04-25,51269.04296875,51916.140625,50407.6796875,51164.4453125,9676769898.0,,,,,
2016-04-26,51829.09375,52112.58203125,51253.78125,51293.7109375,8781675725.0,,,,,
2016-04-27,49582.6015625,51915.83203125,49543.1484375,51848.33203125,10432485904.0,,,,,
2016-04-28,48533.59765625,48587.47265625,48686.47265625,49621.73828125,8005653855.0,,,,,
2016-04-29,48399.5625,48439.1953125,47866.54296875,48576.5078125,5238641475.0,,,,,
2016-04-30,47678.6171875,48451.6796875,47612.57421875,48408.1796875,7372458510.0,,,,,
2016-05-01,48088.5390625,48121.140625,47637.03515625,47696.2734375,4327047842.0,,,,,
2016-05-02,47308.3359375,48217.0625,47053.5625,48094.7109375,9801391530.0,,,,,
2016-05-03,48020.41796875,48127.5390625,46997.07421875,47314.50390625,6330832896.0,,,,,
2016-05-04,47767.98046875,48005.7890625,47441.76953125,48007.515625,5390052589.0,,,,,
2016-05-05,48085.74609375,48106.75390625,47758.52734375,47766.80859375,5414315472.0,,,,,
2016-05-06,49223.48046875,49413.26171875,47876.51171875,48082.09375,7796537280.0,,,,,
2016-05-07,49109.20703125,49338.29296875,48979.40234375,49227.3359375,4108837950.0,,,,,
2016-05-08,49225.12890625,49203.55859375,48835.78125,49097.74609375,4327815250.0,,,,,
2016-05-09,49893.33203125,50095.94140625,49127.30078125,49188.4140625,6012677385.0,,,,,
2016-05-10,49237.734375,50110.0546875,48998.83984375,49897.125,6438006120.0,,,,,
2016-05-11,49075.71484375,49403.3203125,49207.296875,49234.3515625,5485603680.0,,,,,
2016-05-12,49605.875,49571.2421875,48941.296875,49045.25390625,6528361644.0,,,,,
2016-05-13,49485.76171875,49654.453125,49263.1328125,49615.0390625,6607767000.0,,,,,
2016-05-14,49485.87109375,49612.390625,49389.76171875,49502.37890625,4040897400.0,,,,,
2016-05-15,49710.1875,49818.53515625,49462.84765625,49495.42578125,3097760960.0,,,,,
2016-05-16,49540.09765625,49893.3984375,49339.30078125,49712.14453125,6454427220.0,,,,,
2016-05-17,49457.80859375,49634.703125,49651.60546875,49523.30078125,6986291697.0,,,,,
2016-05-18,50080.828125,50246.41796875,49341.59765625,49447.78125,9567406575.0,,,,,
2016-05-19,48219.1640625,50073.27734375,48219.1640625,50070.36328125,10554371534.0,,,,,
2016-05-20,48756.3359375,49054.64453125,48060.3046875,48117.828125,9030147747.0,,,,,
2016-05-21,48812.7265625,48877.7109375,48649.5,48788.27734375,4709839722.0,,,,,
2016-05-22,48325.53125,48839.05078125,48346.53515625,48816.02734375,4362336000.0,,,,,
2016-05-23,48572.7890625,48575.796875,48143.26953125,48328.27734375,5531702200.0,,,,,
2016-05-24,49129.265625,49176.53125,48508.23046875,48587.6640625,7246666296.0,,,,,
2016-05-25,49509.83984375,49685.8828125,49138.19140625,49138.19140625,7183237720.0,,,,,
2016-05-26,49731.69140625,49751.140625,49093.87890625,49517.87890625,7152204822.0,,,,,
2016-05-27,52185.19921875,52452.9453125,49696.83203125,49746.71875,18162160938.0,,,,,
2016-05-28,58421.0078125,58799.3984375,52100.8828125,52137.25390625,19971754662.0,,,,,
2016-05-29,58285.5625,61057.47265625,56452.37109375,58138.515625,16474109234.0,,,,,
2016-05-30,59168.1484375,60493.50390625,57907.6953125,58533.44921875,9748463164.0,,,,,
2016-05-31,58781.91796875,60712.859375,57647.6953125,59204.38671875,15315339000.0,,,,,
2016-06-01,58755.15234375,59347.78515625,58114.31640625,58751.0546875,9417742774.0,,,,,
2016-06-02,58558.25,58817.3125,57977.5625,58710.83984375,6572167070.0,,,,,
2016-06-03,60624.8515625,61204.6953125,58320.25,58526.6875,12996350200.0,,,,,
2016-06-04,61001.15234375,62854.9609375,60096.98828125,60679.28125,10110493277.0,,,,,
2016-06-05,61327.046875,62074.87890625,60571.921875,61063.03515625,7346111079.0,,,,,
2016-06-06,62910.09375,62963.41796875,61252.5703125,61287.046875,7750602986.0,,,,,
2016-06-07,61863.08984375,63334.7890625,60894.25,62900.2109375,11562643300.0,,,,,
2016-06-08,62096.421875,62305.48828125,61359.296875,61924.24609375,8569176808.0,,,,,
2016-06-09,61542.875,62155.9921875,60834.828125,62155.9921875,7636337100.0,,,,,
2016-06-10,61766.1875,61943.42578125,61374.44140625,61672.140625,7165453624.0,,,,,
2016-06-11,64895.51953125,64937.12890625,61894.97265625,61894.97265625,8808904720.0,,,,,
2016-06-12,71631.3125,73079.703125,64928.890625,65211.8046875,29501239098.0,,,,,
2016-06-13,74783.59375,76096.90625,70807.734375,71511.0,25830630999.0,,,,,
2016-06-14,72710.390625,74769.015625,70250.6015625,74797.1953125,19800765640.0,,,,,
2016-06-15,73530.375,73794.1875,71459.6015625,72723.75,10505815944.0,,,,,
2016-06-16,80263.1015625,80745.625,73664.2734375,73747.859375,28450943484.0,,,,,
2016-06-17,77953.9375,81047.9609375,74643.640625,80491.328125,37818082057.0,,,,,
2016-06-18,78715.6640625,80980.9765625,76394.671875,77938.0078125,26305416620.0,,,,,
2016-06-19,79891.4921875,80165.5546875,77612.4140625,78763.65625,14244950163.0,,,,,
2016-06-20,76531.4296875,79900.265625,76518.6796875,79906.765625,18115987741.0,,,,,
2016-06-21,69778.4609375,76311.0703125,67076.7890625,76392.015625,32441838480.0,,,,,
2016-06-22,62377.58203125,70873.5078125,61503.59375,69701.3203125,27875362683.0,,,,,
2016-06-23,65480.14453125,66620.5625,58409.2421875,62516.43359375,26598302280.0,,,,,
2016-06-24,67986.90625,69202.109375,65691.0703125,65647.84375,22922953413.0,,,,,
2016-06-25,67968.9140625,70687.9921875,66071.8671875,67985.0625,12942976640.0,,,,,
2016-06-26,64308.71875,68056.4921875,63044.48828125,68051.4921875,11160610500.0,,,,,
2016-06-27,66693.890625,66693.890625,63479.60546875,64306.87890625,12430798520.0,,,,,
2016-06-28,66427.59375,67131.21875,65473.77734375,66981.6171875,14207987129.0,,,,,
2016-06-29,65767.8984375,66041.2265625,64386.54296875,66132.0078125,14641627680.0,,,,,
2016-06-30,69407.578125,69667.8203125,65424.203125,65839.9453125,14326058400.0,,,,,
2016-07-01,69327.1015625,70529.765625,68988.265625,69322.8515625,13780522630.0,,,,,
2016-07-02,72136.4921875,72136.4921875,69337.65625,69372.0,11517408540.0,,,,,
2016-07-03,67493.296875,72266.2734375,66529.90625,72266.2734375,13271094640.0,,,,,
2016-07-04,70075.3515625,70075.3515625,66716.1015625,67507.6484375,9430861000.0,,,,,
2016-07-05,67833.921875,69989.484375,67557.3984375,70028.921875,13197647400.0,,,,,
2016-07-06,68484.9375,68789.875,67866.4140625,67812.78125,13645905901.0,,,,,
2016-07-07,64543.02734375,68802.796875,61630.0390625,68561.6796875,26005249966.0,,,,,
2016-07-08,67005.5546875,67024.0546875,63914.015625,64555.72265625,14272244100.0,,,,,
2016-07-09,65441.01171875,66991.578125,63675.6015625,66991.578125,18149284080.0,,,,,
2016-07-10,65377.5625,65575.1171875,64466.26953125,65404.71875,10322921760.0,,,,,
2016-07-11,66378.5703125,66338.890625,66084.6484375,65289.37109375,11059695900.0,,,,,
2016-07-12,69578.4921875,70719.875,66792.8671875,66442.5234375,14466712262.0,,,,,
2016-07-13,68110.484375,69718.6640625,68110.484375,69604.2421875,13679897430.0,,,,,
2016-07-14,69183.7421875,69823.46875,67949.6953125,67949.6953125,10356503482.0,,,,,
2016-07-15,69529.0234375,69929.6875,69963.6875,69298.6484375,8561791492.0,,,,,
2016-07-16,69268.2109375,69865.0078125,69117.984375,69584.1640625,5276114866.0,,,,,
2016-07-17,71608.1796875,71532.3203125,69396.7265625,69396.7265625,7841849003.0,,,,,
2016-07-18,71450.203125,71910.8671875,70994.6015625,71645.0703125,7373709750.0,,,,,
2016-07-19,71397.6015625,71306.765625,70829.078125,71411.1328125,6494282163.0,,,,,
2016-07-20,71341.4609375,71397.765625,70952.984375,71391.4453125,10142182988.0,,,,,
2016-07-21,70338.3203125,70552.59375,70763.46875,71292.484375,6398217686.0,,,,,
2016-07-22,69004.65625,70464.4921875,68591.3359375,70328.796875,14229964140.0,,,,,
2016-07-23,69528.2734375,69614.1796875,68782.453125,69016.0,7374585132.0,,,,,
2016-07-24,70268.140625,70329.4453125,69235.2265625,69512.78125,12558231840.0,,,,,
2016-07-25,69053.015625,70451.59375,69214.1328125,70265.8046875,8253092683.0,,,,,
2016-07-26,68320.0,68647.6953125,67403.9375,69066.640625,23598651539.0,,,,,
2016-07-27,68641.5234375,69486.5234375,68411.1640625,68303.546875,15468658061.0,,,,,
2016-07-28,68654.21875,68876.5,68630.03125,68656.2109375,9058560604.0,,,,,
2016-07-29,67046.03125,67128.0859375,67835.828125,68662.1875,6194792175.0,,,,,
2016-07-30,66847.546875,67171.65625,66762.0234375,67048.078125,3924445005.0,,,,,
2016-07-31,63923.609375,66871.828125,63910.0,66852.953125,11340005940.0,,,,,
2016-08-01,62009.49609375,64008.1484375,61987.98828125,63915.5234375,12466602360.0,,,,,
2016-08-02,55332.2890625,62774.0234375,53701.92578125,62022.28125,33447397501.0,,,,,
2016-08-03,57388.75,58001.09765625,54815.38671875,55452.6640625,21074816060.0,,,,,
2016-08-04,58517.0625,58627.609375,57228.33984375,57386.1171875,12678297480.0,,,,,
2016-08-05,58539.37890625,58556.734375,57602.37890625,58516.25390625,6731820220.0,,,,,
2016-08-06,59835.80078125,59898.7109375,57971.9453125,58538.05859375,8225164733.0,,,,,
2016-08-07,60478.0859375,60826.82421875,59737.8671875,59835.0859375,8407932736.0,,,,,
2016-08-08,60447.09375,60544.6875,60080.76171875,60482.78515625,6258320607.0,,,,,
2016-08-09,59902.80078125,60456.7890625,59841.87109375,60445.45703125,9398965263.0,,,,,
2016-08-10,59873.45703125,60760.37890625,59504.92578125,59887.20703125,10405753600.0,,,,,
2016-08-11,59978.30859375,60536.98046875,59978.30859375,59875.58203125,7586311064.0,,,,,
2016-08-12,59513.8515625,60218.01171875,59560.39453125,59945.5234375,7011091220.0,,,,,
2016-08-13,59314.2109375,59738.20703125,59252.5234375,59493.390625,4412496270.0,,,,,
2016-08-14,57760.39453125,59322.109375,57184.078125,59314.30859375,6161173875.0,,,,,
2016-08-15,57421.703125,57960.26171875,56898.50390625,57762.51953125,5796662629.0,,,,,
2016-08-16,57830.51953125,58278.51171875,56807.61328125,57422.0078125,5849280780.0,,,,,
2016-08-17,57247.08203125,58530.87890625,57325.85546875,57862.76171875,5437222410.0,,,,,
2016-08-18,57494.97265625,57790.75390625,57239.78125,57296.11328125,5996248626.0,,,,,
2016-08-19,57678.125,57945.2265625,57584.71484375,57497.078125,5073286320.0,,,,,
2016-08-20,58286.04296875,58398.36328125,57660.7890625,57723.61328125,4539200280.0,,,,,
2016-08-21,58450.51953125,58532.6328125,58340.921875,58310.2890625,3851004670.0,,,,,
2016-08-22,58821.98828125,59003.6796875,58500.65234375,58450.8203125,7302611000.0,,,,,
2016-08-23,58510.6875,58965.0859375,58285.5390625,58823.79296875,8559671268.0,,,,,
2016-08-24,58337.30078125,58592.4375,58246.43359375,58510.38671875,5663800510.0,,,,,
2016-08-25,58093.8671875,58341.12890625,57798.53125,58337.09765625,13687871500.0,,,,,
2016-08-26,59020.06640625,58857.75390625,57956.921875,58093.0625,4974599376.0,,,,,
2016-08-27,58032.00390625,59039.81640625,57897.90625,58999.8046875,6078480906.0,,,,,
2016-08-28,58487.37109375,58448.55078125,58010.92578125,58020.09375,8794996056.0,,,,,
2016-08-29,58455.57421875,58774.59375,58504.90234375,58503.57421875,11240724360.0,,,,,
2016-08-30,59407.734375,59194.83984375,58433.32421875,58456.2890625,7236122688.0,,,,,
2016-08-31,59452.01171875,59571.69140625,59314.5859375,59416.78515625,7835122966.0,,,,,
2016-09-01,59078.8359375,59440.71484375,59016.92578125,59459.66015625,7940802582.0,,,,,
2016-09-02,59838.58203125,59895.65625,58941.94140625,59089.8828125,8308325876.0,,,,,
2016-09-03,62196.09765625,62330.015625,59684.60546875,59840.453125,16532685580.0,,,,,
2016-09-04,63249.2421875,63612.69140625,62054.2890625,62235.40625,10178225752.0,,,,,
2016-09-05,62769.9375,63262.54296875,62199.5546875,63286.23828125,8531594864.0,,,,,
2016-09-06,62008.0859375,63117.06640625,62626.91796875,62761.23828125,7976986384.0,,,,,
2016-09-07,62579.015625,62511.515625,61697.1328125,62022.00390625,7640549292.0,,,,,
2016-09-08,64059.59765625,63933.3359375,62434.07421875,62588.28125,8869005640.0,,,,,
2016-09-09,63955.37109375,64074.5625,63353.6640625,64063.28125,6628014536.0,,,,,
2016-09-10,64021.90234375,64184.75,63907.51953125,63962.14453125,4622325024.0,,,,,
2016-09-11,62158.359375,64567.03125,61605.91015625,64013.17578125,7541426460.0,,,,,
2016-09-12,61870.4765625,62348.79296875,61800.35546875,62187.6640625,7406467563.0,,,,,
2016-09-13,62435.01953125,62769.51953125,61797.1015625,61848.3046875,8907623088.0,,,,,
2016-09-14,62619.5390625,62621.05078125,62666.2265625,62394.02734375,4909379358.0,,,,,
2016-09-15,61911.59765625,62489.65234375,61911.59765625,62609.6953125,6063605262.0,,,,,
2016-09-16,62081.19921875,62108.06640625,62141.796875,61920.87109375,6644456552.0,,,,,
2016-09-17,61980.04296875,62171.91796875,61899.0390625,62106.2578125,3798709884.0,,,,,
2016-09-18,62390.11328125,62339.84375,61966.953125,62010.62890625,4979902620.0,,,,,
2016-09-19,62074.13671875,62406.703125,61897.55859375,62389.80078125,5583205196.0,,,,,
2016-09-20,61804.5,62043.55078125,61900.24609375,62076.89453125,7387427034.0,,,,,
2016-09-21,59941.81640625,61342.6484375,59904.1171875,61324.54296875,8309074956.0,,,,,
2016-09-22,60106.8359375,60010.29296875,60080.38671875,59954.86328125,6762198240.0,,,,,
2016-09-23,60874.984375,60911.64453125,60180.34375,60096.85546875,5156745660.0,,,,,
2016-09-24,60853.07421875,61050.48828125,60794.50390625,60887.0,3570602310.0,,,,,
2016-09-25,60623.34375,60929.41015625,60588.80078125,60865.59765625,3428360020.0,,,,,
2016-09-26,61011.0390625,61045.39453125,60599.2265625,60621.42578125,5935492292.0,,,,,
2016-09-27,60907.5625,61037.68359375,60652.640625,61008.92578125,4965962752.0,,,,,
2016-09-28,61029.15234375,61004.7578125,60793.234375,60915.29296875,4917084792.0,,,,,
2016-09-29,61290.07421875,61568.359375,61307.39453125,61058.515625,5632093734.0,,,,,
2016-09-30,61784.4453125,61784.4453125,60945.84765625,61292.3046875,5686882792.0,,,,,
2016-10-01,62214.89453125,62341.96484375,61804.10546875,61804.10546875,5710654810.0,,,,,
2016-10-02,62011.6484375,62217.12890625,61779.078125,62211.3515625,3984247198.0,,,,,
2016-10-03,62327.3828125,62236.90625,61820.78125,62019.36328125,4765002906.0,,,,,
2016-10-04,62765.58203125,62398.90625,62697.10546875,62319.13671875,5122592576.0,,,,,
2016-10-05,63358.13671875,63296.50390625,62705.203125,62767.0234375,7041937014.0,,,,,
2016-10-06,63588.66796875,63806.48046875,63372.6484375,63353.89453125,5893119133.0,,,,,
2016-10-07,63501.74609375,63780.875,63415.24609375,63545.82421875,6592947060.0,,,,,
2016-10-08,63706.2109375,63782.4609375,63524.390625,63524.390625,4357393110.0,,,,,
2016-10-09,63537.79296875,63715.47265625,63498.1875,63712.796875,4042855068.0,,,,,
2016-10-10,64183.48828125,63939.8359375,63437.484375,63545.00390625,6997115674.0,,,,,
2016-10-11,66254.796875,66371.8125,64268.3359375,64208.78515625,10706026500.0,,,,,
2016-10-12,66348.46875,66410.4453125,66318.4296875,66234.015625,9633288158.0,,,,,
2016-10-13,66041.078125,66285.3125,65814.40625,66331.5703125,6390682797.0,,,,,
2016-10-14,66714.578125,66770.59375,66108.6875,66064.1015625,6057504428.0,,,,,
2016-10-15,66534.140625,66894.1875,66403.2890625,66707.59375,4066707972.0,,,,,
2016-10-16,66748.8671875,66977.1171875,66560.703125,66579.6640625,4192211343.0,,,,,
2016-10-17,66373.796875,66943.421875,66325.15625,66768.328125,6029324224.0,,,,,
2016-10-18,66252.1484375,66694.2109375,66035.4609375,66396.4375,6807024795.0,,,,,
2016-10-19,65176.85546875,66085.1328125,64861.18359375,66270.2109375,7171985916.0,,,,,
2016-10-20,65678.5234375,65504.515625,65062.3984375,65191.63671875,5929824503.0,,,,,
2016-10-21,65687.546875,65882.3671875,65630.015625,65675.1953125,5807713800.0,,,,,
2016-10-22,68227.1171875,68320.8515625,65689.828125,65719.515625,8154164285.0,,,,,
2016-10-23,68276.2421875,68625.1953125,67873.3671875,68261.0546875,5660455686.0,,,,,
2016-10-24,68193.8046875,68275.3359375,67817.671875,68285.6015625,6489980442.0,,,,,
2016-10-25,68494.3671875,69153.25,68239.53125,68218.953125,9413855808.0,,,,,
2016-10-26,70923.46875,71038.375,68497.1640625,68503.734375,9292989994.0,,,,,
2016-10-27,72417.40625,71896.1015625,70902.640625,70914.0546875,10111238192.0,,,,,
2016-10-28,72199.5625,72289.484375,72090.1484375,72384.4765625,8495122814.0,,,,,
2016-10-29,74798.8046875,75418.8828125,72241.546875,72266.359375,14108128253.0,,,,,
2016-10-30,73379.8828125,74761.0078125,72913.96875,74761.0078125,10524525750.0,,,,,
2016-10-31,73461.8671875,74489.53125,72474.4375,73461.015625,10172349120.0,,,,,
2016-11-01,75956.859375,77239.0859375,73493.1015625,73500.1171875,13585250160.0,,,,,
2016-11-02,76586.8984375,76586.8984375,74885.921875,75985.265625,8773364376.0,,,,,
2016-11-03,70963.6484375,76643.09375,69816.1640625,76743.7265625,17806136320.0,,,,,
2016-11-04,72517.59375,72778.4453125,70736.390625,71007.3359375,10302481612.0,,,,,
2016-11-05,72536.46875,72958.4296875,71950.84375,72547.5,5542937176.0,,,,,
2016-11-06,74105.015625,73654.28125,72138.625,72577.09375,6238814130.0,,,,,
2016-11-07,73427.96875,74023.15625,73083.875,74023.15625,6792868653.0,,,,,
2016-11-08,74498.546875,74999.1015625,73357.609375,73423.5859375,8360400960.0,,,,,
2016-11-09,76507.8203125,76631.765625,73376.5625,74496.1328125,14008339620.0,,,,,
2016-11-10,76419.03125,76401.3125,75978.5703125,76462.4375,7348673040.0,,,,,
2016-11-11,76419.5625,76493.6796875,76163.25,76421.2734375,6732978399.0,,,,,
2016-11-12,75208.109375,76498.1796875,75099.4140625,76455.9375,6893282075.0,,,,,
2016-11-13,75033.0703125,75229.765625,73315.890625,75223.2578125,8584398100.0,,,,,
2016-11-14,76283.2734375,76575.3125,74816.46875,75029.4375,6815842600.0,,,,,
2016-11-15,77523.7734375,78156.40625,76139.8671875,76366.9140625,7847873754.0,,,,,
2016-11-16,80953.859375,81579.75,77334.8828125,77474.53125,15369961320.0,,,,,
2016-11-17,81663.0703125,82448.4296875,81471.921875,81027.609375,11966491590.0,,,,,
2016-11-18,83358.296875,83276.28125,81146.328125,81633.1015625,9689441865.0,,,,,
2016-11-19,83361.734375,83874.2421875,82568.8359375,83385.796875,12267533280.0,,,,,
2016-11-20,81092.7109375,83790.28125,79576.90625,83390.90625,17096087880.0,,,,,
2016-11-21,81783.0078125,82568.4921875,81108.5234375,81119.2265625,6726569512.0,,,,,
2016-11-22,83354.4375,83815.265625,81577.7265625,81826.703125,14411771640.0,,,,,
2016-11-23,83796.609375,83559.9296875,83210.234375,83398.1484375,8614239252.0,,,,,
2016-11-24,83837.7265625,84041.0,83023.734375,83799.53125,9730360272.0,,,,,
2016-11-25,83850.8359375,83850.8359375,82766.3671875,83855.0546875,7666327256.0,,,,,
2016-11-26,83142.2890625,83914.7109375,82491.40625,83835.234375,6214082862.0,,,,,
2016-11-27,82449.1015625,83553.375,82524.875,83148.5078125,5924540734.0,,,,,
2016-11-28,82168.234375,82767.3671875,82572.921875,82499.671875,6911099962.0,,,,,
2016-11-29,82696.6015625,83260.4765625,82652.578125,82225.859375,7702018312.0,,,,,
2016-11-30,85500.9296875,84695.484375,82631.0234375,82773.046875,9639557928.0,,,,,
2016-12-01,86158.71875,86504.015625,85399.890625,85541.6328125,9160587770.0,,,,,
2016-12-02,88327.7578125,88645.84375,86314.671875,86246.5,14488271700.0,,,,,
2016-12-03,87556.9453125,88362.2734375,86841.75,88362.2734375,7896399988.0,,,,,
2016-12-04,87842.2109375,87842.2109375,87217.0,87611.78125,6873927229.0,,,,,
2016-12-05,86355.234375,87951.046875,85980.9375,87787.953125,12106236660.0,,,,,
2016-12-06,87152.1015625,87219.65625,86380.265625,86357.5078125,13253500720.0,,,,,
2016-12-07,87328.9296875,87747.5859375,86854.6171875,87150.625,10962682854.0,,,,,
2016-12-08,87910.8828125,88416.28125,86988.484375,87322.5625,9136762651.0,,,,,
2016-12-09,89149.515625,89031.9921875,88032.453125,87812.109375,7925842947.0,,,,,
2016-12-10,89363.625,89645.328125,89162.890625,89175.9375,6211340016.0,,,,,
2016-12-11,88826.9609375,89380.6953125,88297.9296875,89375.390625,6613966360.0,,,,,
2016-12-12,89686.6015625,89975.765625,88831.8125,88862.6171875,8803367870.0,,,,,
2016-12-13,89920.0546875,90672.90625,89465.625,89750.984375,9405573120.0,,,,,
2016-12-14,91589.578125,89824.421875,89313.1796875,89856.578125,8904738800.0,,,,,
2016-12-15,92008.90625,92139.0,91975.0859375,91424.203125,9646846352.0,,,,,
2016-12-16,92603.328125,92618.0703125,92127.953125,92112.375,9864095436.0,,,,,
2016-12-17,93302.0,93500.2109375,92598.2578125,92633.8828125,9319216604.0,,,,,
2016-12-18,93108.625,93763.0703125,92947.6640625,93323.125,7128563832.0,,,,,
2016-12-19,92755.4609375,92598.53125,92941.6328125,93127.703125,8762457664.0,,,,,
2016-12-20,94359.2109375,94413.5234375,92723.875,92700.8203125,11738323655.0,,,,,
2016-12-21,98128.1328125,98128.1328125,94121.9453125,94331.875,18298849120.0,,,,,
2016-12-22,101574.8046875,102956.9296875,98054.2109375,98116.25,23501173170.0,,,,,
2016-12-23,108157.9453125,108525.4765625,101564.9609375,101615.6875,32326412840.0,,,,,
2016-12-24,105440.8125,108333.3203125,103975.9609375,108180.9375,16156755309.0,,,,,
2016-12-25,105167.0703125,105538.171875,101170.9609375,105538.171875,16859086811.0,,,,,
2016-12-26,106362.8125,107016.0390625,104981.9140625,105251.8046875,14504723490.0,,,,,
2016-12-27,109632.1015625,110427.4375,106159.5390625,106450.0078125,19655343840.0,,,,,
2016-12-28,114260.8359375,114260.8359375,109758.5078125,109823.9453125,27704640400.0,,,,,
2016-12-29,113227.4375,114413.15625,111142.328125,114167.6328125,23182909200.0,,,,,
2016-12-30,112339.8828125,113232.25,109188.4921875,113115.5390625,21910086380.0,,,,,
2016-12-31,112632.640625,112632.640625,110703.4765625,112268.4765625,11585919605.0,,,,,
2017-01-01,116554.4453125,117250.0234375,112071.90625,112622.7109375,17252732184.0,,,,,
2017-01-02,120004.5390625,120414.78125,116364.9609375,116588.5390625,26095627310.0,,,,,
2017-01-03,122776.453125,122783.8046875,119925.625,119986.9140625,21779460160.0,,,,,
2017-01-04,135230.421875,136023.15625,122894.5546875,122842.328125,40396624186.0,,,,,
2017-01-05,116852.8515625,137321.921875,104961.9765625,135464.640625,58831047613.0,,,,,
2017-01-06,105476.3203125,121325.2890625,102864.5625,116952.015625,41137823160.0,,,,,
2017-01-07,106222.671875,106222.671875,96281.9375,105626.6640625,32682192371.0,,,,,
2017-01-08,106737.8515625,110213.859375,103728.28125,106174.734375,18591876037.0,,,,,
2017-01-09,104709.9921875,107166.2265625,103130.9765625,106977.40625,16454893532.0,,,,,
2017-01-10,105163.6875,106006.3359375,104117.484375,104664.9921875,13417514880.0,,,,,
2017-01-11,89519.8359375,106637.578125,87946.8046875,105214.203125,35787926979.0,,,,,
2017-01-12,92282.265625,94712.578125,86405.578125,89222.984375,25491899160.0,,,,,
2017-01-13,94354.40625,94928.8984375,89762.7421875,92156.484375,19348525680.0,,,,,
2017-01-14,93716.359375,95625.5859375,93034.3359375,94487.015625,10656678025.0,,,,,
2017-01-15,93849.328125,94276.8828125,93081.8515625,93685.4453125,8109753120.0,,,,,
2017-01-16,94919.609375,95211.53125,93789.7890625,93847.6171875,9446506080.0,,,,,
2017-01-17,102497.1171875,102592.90625,94752.2890625,94852.484375,17508675453.0,,,,,
2017-01-18,101703.9453125,103613.1640625,97340.2578125,102659.1171875,25887407752.0,,,,,
2017-01-19,103330.4609375,103876.828125,101451.2578125,101900.9140625,12139481250.0,,,,,
2017-01-20,102569.9765625,102972.078125,102201.0625,103226.90625,9939074640.0,,,,,
2017-01-21,105637.0234375,106276.2578125,102628.3046875,102629.9140625,12738706800.0,,,,,
2017-01-22,105209.2890625,107440.3671875,102860.8359375,105684.6953125,13263675940.0,,,,,
2017-01-23,103871.734375,105172.5390625,104150.6015625,105303.28125,8299322308.0,,,,,
2017-01-24,101623.4921875,104271.28125,101604.609375,102706.1484375,12675970160.0,,,,,
2017-01-25,102117.6640625,102645.5625,101536.3984375,101536.6328125,13686527370.0,,,,,
2017-01-26,104981.015625,105455.8828125,102059.578125,102214.28125,15097314780.0,,,,,
2017-01-27,105826.4375,106281.4375,105276.5,105069.453125,14450845640.0,,,,,
2017-01-28,106038.1484375,106305.203125,105833.453125,105833.453125,7936792776.0,,,,,
2017-01-29,105401.8203125,106248.4765625,105417.0859375,106093.03125,6975430371.0,,,,,
2017-01-30,104629.03125,105098.2421875,105334.9375,105476.90625,8892879009.0,,,,,
2017-01-31,109432.3515625,109604.859375,104630.1484375,104694.6171875,18559912140.0,,,,,
2017-02-01,112016.75,112066.6171875,109965.65625,109493.015625,17001458600.0,,,,,
2017-02-02,114110.8046875,114152.7578125,110671.359375,112127.5078125,16445691478.0,,,,,
2017-02-03,116070.859375,116847.984375,113892.390625,114072.4609375,22684030600.0,,,,,
2017-02-04,117534.8359375,117872.9296875,114408.53125,116230.8828125,17475712800.0,,,,,
2017-02-05,115719.5703125,117617.1015625,114893.9375,117604.703125,12864389120.0,,,,,
2017-02-06,116085.9375,117563.7890625,115698.8515625,115838.9765625,12497226840.0,,,,,
2017-02-07,119274.5078125,119254.7421875,116204.4453125,116308.453125,16408267559.0,,,,,
2017-02-08,119000.046875,121071.21875,116406.375,119383.515625,22595649596.0,,,,,
2017-02-09,112782.921875,122413.3671875,107165.3984375,119182.515625,46186892400.0,,,,,
2017-02-10,111908.0078125,113395.6953125,107572.4921875,112924.5859375,21557261880.0,,,,,
2017-02-11,113693.6953125,114241.53125,111246.53125,111933.3671875,11574922590.0,,,,,
2017-02-12,113836.6953125,113728.7890625,112841.4921875,113588.4296875,7693692900.0,,,,,
2017-02-13,112586.46875,113828.5390625,111137.3515625,113802.96875,11433985550.0,,,,,
2017-02-14,114799.96875,114856.9609375,111994.0546875,112710.6796875,15764468880.0,,,,,
2017-02-15,114973.6171875,115199.4453125,114640.8515625,114989.6796875,10243342728.0,,,,,
2017-02-16,116419.21875,117049.8203125,114982.9453125,114993.0234375,13855206870.0,,,,,
2017-02-17,118064.796875,118839.7109375,116184.5,116269.65625,15401090900.0,,,,,
2017-02-18,118991.3046875,119745.1328125,118149.4296875,118403.34375,11180444926.0,,,,,
2017-02-19,118283.5625,119261.015625,117754.453125,119029.6640625,8739541652.0,,,,,
2017-02-20,122329.3359375,122365.4921875,117794.296875,118376.1171875,12400573060.0,,,,,
2017-02-21,126776.15625,127042.5,122059.25,122250.046875,21241398321.0,,,,,
2017-02-22,126717.6875,127304.1171875,124868.40625,126719.3203125,15433740000.0,,,,,
2017-02-23,131477.671875,132593.3125,126518.0546875,126698.421875,21349571260.0,,,,,
2017-02-24,131663.421875,135307.96875,127696.40625,132152.6875,37104545517.0,,,,,
2017-02-25,128315.96875,131794.671875,126156.5,131296.59375,15700824083.0,,,,,
2017-02-26,130712.1328125,130966.78125,126785.828125,128364.2109375,13067399480.0,,,,,
2017-02-27,133029.8125,132511.78125,130356.7265625,130552.84375,14833201800.0,,,,,
2017-02-28,133419.203125,134312.21875,131935.203125,133114.375,20912974920.0,,,,,
2017-03-01,139511.703125,139511.703125,133859.421875,133427.125,26139983927.0,,,,,
2017-03-02,143027.96875,144539.125,138556.359375,139760.484375,42104881665.0,,,,,
2017-03-03,145336.109375,146505.875,143056.203125,142993.671875,35991089522.0,,,,,
2017-03-04,143074.546875,145838.8125,140265.84375,145614.25,20890947300.0,,,,,
2017-03-05,144185.578125,144344.328125,141126.46875,142976.515625,15262311330.0,,,,,
2017-03-06,144949.875,145042.921875,143949.421875,144225.40625,17498458249.0,,,,,
2017-03-07,139361.203125,145374.4375,137214.671875,144993.15625,33174058400.0,,,,,
2017-03-08,131560.0,140244.453125,131351.828125,139325.890625,38049784115.0,,,,,
2017-03-09,136842.734375,137408.53125,130739.3046875,131600.03125,24442265541.0,,,,,
2017-03-10,128132.453125,146472.484375,123582.1171875,136942.90625,64689949368.0,,,,,
2017-03-11,134914.734375,136980.046875,128086.546875,128086.546875,32508136800.0,,,,,
2017-03-12,140141.140625,140697.796875,134860.8125,135005.375,26066174240.0,,,,,
2017-03-13,141535.296875,142037.703125,139642.03125,140187.046875,43690023611.0,,,,,
2017-03-14,142166.0,142630.34375,140468.25,141562.859375,28124332900.0,,,,,
2017-03-15,141680.78125,143559.671875,142298.5,142184.34375,33765129993.0,,,,,
2017-03-16,134626.390625,142629.765625,130582.96875,141875.796875,72375297120.0,,,,,
2017-03-17,123995.921875,133712.125,123921.53125,133759.34375,79633704595.0,,,,,
2017-03-18,109749.2890625,125555.6796875,107927.71875,123935.0546875,70020737203.0,,,,,
2017-03-19,116799.125,120578.859375,110077.46875,110077.46875,45812963680.0,,,,,
2017-03-20,118664.125,119686.5546875,116709.4375,116855.4609375,32251814999.0,,,,,
2017-03-21,124962.625,125072.3828125,118706.890625,118791.3203125,37625845212.0,,,,,
2017-03-22,116832.234375,124997.3046875,112425.1796875,124974.890625,42410452869.0,,,,,
2017-03-23,115252.328125,117333.3125,114561.0703125,116933.5703125,27580483800.0,,,,,
2017-03-24,104374.1015625,115492.1640625,103732.421875,115236.7890625,54667262321.0,,,,,
2017-03-25,108299.484375,108631.46875,100610.3671875,104264.9921875,48517948881.0,,,,,
2017-03-26,106871.4453125,112216.1875,106229.5234375,108437.09375,33570497400.0,,,,,
2017-03-27,115829.484375,115396.9921875,107190.3984375,107460.6796875,41261977486.0,,,,,
2017-03-28,116474.5,117420.25,114263.015625,115697.6796875,36297908360.0,,,,,
2017-03-29,115561.4609375,117013.9140625,113006.4921875,116355.4765625,33164651182.0,,,,,
2017-03-30,114683.03125,116681.0546875,113387.640625,115810.3671875,39437225476.0,,,,,
2017-03-31,119375.9765625,119724.59375,114347.1640625,114706.4921875,49818826951.0,,,,,
2017-04-01,120346.09375,121595.7734375,118184.203125,119367.0546875,32259433138.0,,,,,
2017-04-02,122627.4375,123352.296875,119783.6171875,120358.34375,57208446510.0,,,,,
2017-04-03,126585.4609375,127670.375,122692.15625,122714.2109375,64237741022.0,,,,,
2017-04-04,125598.09375,127728.7890625,124041.5625,126774.703125,48356239073.0,,,,,
2017-04-05,124164.46875,125711.2109375,123534.9765625,125696.734375,45788005760.0,,,,,
2017-04-06,131135.5625,131623.859375,124300.6875,124278.171875,56684297134.0,,,,,
2017-04-07,130694.75,131769.703125,128612.765625,130720.859375,35205294877.0,,,,,
2017-04-08,130589.2421875,131592.03125,129104.5078125,130222.7890625,23244097600.0,,,,,
2017-04-09,132103.015625,132950.171875,130135.0546875,130658.09375,26950965920.0,,,,,
2017-04-10,131379.671875,132377.703125,131227.15625,132039.640625,23891772495.0,,,,,
2017-04-11,132008.84375,132331.984375,131392.4375,131416.1875,23682738100.0,,,,,
2017-04-12,130696.28125,132145.625,131129.0,131986.9375,31433875502.0,,,,,
2017-04-13,127545.0625,131152.59375,126028.828125,130767.0625,38392777647.0,,,,,
2017-04-14,126806.5234375,129630.4921875,126289.5390625,127659.59375,27676761339.0,,,,,
2017-04-15,127347.3984375,129028.6796875,126526.3046875,126780.4609375,22108543859.0,,,,,
2017-04-16,128124.2265625,129062.6796875,127357.171875,127357.171875,19845750477.0,,,,,
2017-04-17,130267.5234375,130112.6640625,127173.8984375,128157.8046875,27627306660.0,,,,,
2017-04-18,131490.4375,132459.4375,130335.8125,130252.25,29357264480.0,,,,,
2017-04-19,131715.859375,131822.0625,131233.203125,131540.34375,31349677759.0,,,,,
2017-04-20,134424.46875,135742.4375,131704.609375,131801.828125,34463361960.0,,,,,
2017-04-21,133289.0,134952.28125,132581.140625,134461.671875,29685255563.0,,,,,
2017-04-22,134342.609375,134762.53125,131807.8125,133360.96875,27193332400.0,,,,,
2017-04-23,132817.234375,134396.046875,132481.546875,134365.515625,28489789900.0,,,,,
2017-04-24,137041.453125,137215.609375,133071.390625,133083.5,25849053720.0,,,,,
2017-04-25,140557.96875,140612.640625,137571.6875,137074.328125,26940694920.0,,,,,
2017-04-26,142404.84375,144101.625,140708.125,140613.515625,36641782849.0,,,,,
2017-04-27,146544.75,146750.640625,142672.765625,142493.78125,49955197480.0,,,,,
2017-04-28,146827.015625,147971.78125,143995.859375,146545.859375,58830847278.0,,,,,
2017-04-29,147419.25,148022.609375,146685.359375,146978.6875,47144398396.0,,,,,
2017-04-30,150006.6875,149981.953125,146653.03125,147428.15625,45975569240.0,,,,,
2017-05-01,158934.875,160400.0,150133.203125,150052.3125,79783163200.0,,,,,
2017-05-02,162672.25,165312.625,158415.703125,158871.15625,53447534069.0,,,,,
2017-05-03,168052.34375,168190.390625,162234.671875,162779.75,65840509271.0,,,,,
2017-05-04,173018.640625,180889.75,168123.390625,168123.390625,105042932580.0,,,,,
2017-05-05,175314.765625,181720.953125,172465.9375,173378.6875,106627713953.0,,,,,
2017-05-06,177946.546875,177946.546875,173855.171875,175468.0625,65656954497.0,,,,,
2017-05-07,179869.375,179854.53125,175800.546875,178022.0625,121665374093.0,,,,,
2017-05-08,195100.453125,195100.453125,179909.015625,179893.046875,151737627200.0,,,,,
2017-05-09,199566.875,208522.8125,195658.203125,195161.59375,132780824800.0,,,,,
2017-05-10,204304.703125,204508.109375,196097.734375,199698.765625,104685454275.0,,,,,
2017-05-11,210385.75,213965.328125,200320.546875,203531.890625,90989955079.0,,,,,
2017-05-12,195408.125,211341.234375,191914.390625,210065.953125,83975716720.0,,,,,
2017-05-13,204550.453125,205466.15625,187116.890625,195281.1875,65690035457.0,,,,,
2017-05-14,204859.0625,207554.828125,201060.078125,204091.46875,49512447000.0,,,,,
2017-05-15,197537.8125,205372.125,193987.640625,204805.828125,83123642997.0,,,,,
2017-05-16,195420.46875,202221.984375,191371.703125,197909.359375,108055599249.0,,,,,
2017-05-17,204267.71875,209426.015625,187047.96875,194550.671875,118259559323.0,,,,,
2017-05-18,210452.265625,212120.984375,200608.390625,202003.0,99654191704.0,,,,,
2017-05-19,221152.609375,223022.890625,210611.65625,211423.9375,128760083620.0,,,,,
2017-05-20,231947.0625,231947.0625,219729.609375,220766.546875,106958243360.0,,,,,
2017-05-21,227124.3125,235768.84375,226529.25,229977.765625,127722378639.0,,,,,
2017-05-22,241030.046875,256539.25,224891.609375,227345.75,215392201549.0,,,,,
2017-05-23,259747.8125,259746.1875,241878.859375,243044.015625,154337269627.0,,,,,
2017-05-24,272539.15625,281445.25,259761.3125,259854.171875,192431627831.0,,,,,
2017-05-25,257512.359375,309010.40625,255359.421875,272829.15625,268876527575.0,,,,,
2017-05-26,245151.359375,285742.15625,230446.734375,259289.8125,196292965924.0,,,,,
2017-05-27,226946.625,251582.859375,206572.4375,244466.8125,189280428800.0,,,,,
2017-05-28,239832.75,252377.625,228639.65625,228639.65625,127619321440.0,,,,,
2017-05-29,250756.171875,256682.390625,234654.4375,240236.578125,110572463918.0,,,,,
2017-05-30,241107.34375,255379.4375,235444.859375,250728.390625,160035200420.0,,,,,
2017-05-31,253334.21875,255790.34375,238179.734375,242406.265625,171167158682.0,,,,,
2017-06-01,268310.0625,272530.28125,253684.265625,253546.96875,184213850966.0,,,,,
2017-06-02,274735.9375,274735.9375,264791.3125,267881.0625,145400113766.0,,,,,
2017-06-03,277694.65625,285042.84375,267562.125,275306.6875,167250481766.0,,,,,
2017-06-04,277454.53125,285482.25,270760.40625,281276.03125,149686555200.0,,,,,
2017-06-05,296596.96875,296596.96875,277052.96875,277519.6875,151158125601.0,,,,,
2017-06-06,313491.75,329780.09375,297095.65625,297041.84375,228791397148.0,,,,,
2017-06-07,300264.375,314111.03125,296548.5,314168.40625,166796323725.0,,,,,
2017-06-08,308225.4375,308275.34375,293644.25,298981.84375,140749341473.0,,,,,
2017-06-09,311550.96875,320145.65625,308440.78125,308425.34375,148829655265.0,,,,,
2017-06-10,325220.84375,325582.71875,303026.875,312028.6875,222744131935.0,,,,,
2017-06-11,326249.96875,330614.875,313395.6875,324636.09375,193272196000.0,,,,,
2017-06-12,292266.71875,330537.84375,276563.09375,325710.625,282365664008.0,,,,,
2017-06-13,299008.0625,307156.96875,291515.28125,294605.1875,196021060000.0,,,,,
2017-06-14,274297.15625,306579.1875,263879.125,298992.625,185671526400.0,,,,,
2017-06-15,273494.4375,277677.46875,244620.59375,273554.03125,224854068649.0,,,,,
2017-06-16,279157.1875,281473.9375,265085.5625,274048.1875,132474861373.0,,,,,
2017-06-17,294377.71875,297626.4375,275432.96875,278652.875,170085083080.0,,,,,
2017-06-18,282758.25,295067.1875,279010.6875,294319.0,130784110049.0,,,,,
2017-06-19,289206.53125,296428.46875,282814.875,282840.375,161583098348.0,,,,,
2017-06-20,303016.875,307958.875,289308.8125,289391.90625,206426967356.0,,,,,
2017-06-21,299323.71875,308469.28125,296235.53125,301640.84375,181054616238.0,,,,,
2017-06-22,301085.0625,303288.4375,293566.21875,299538.5625,122189739039.0,,,,,
2017-06-23,305398.6875,307708.09375,301002.5,301299.875,106956349270.0,,,,,
2017-06-24,290246.1875,306848.40625,287405.71875,304687.75,109340766780.0,,,,,
2017-06-25,288020.0625,298428.25,283872.3125,290082.625,129149156559.0,,,,,
2017-06-26,277239.40625,291103.46875,265906.84375,288149.09375,186054500800.0,,,,,
2017-06-27,286333.84375,286333.84375,261621.5,277239.40625,167124636815.0,,,,,
2017-06-28,289251.90625,292322.78125,278602.84375,286398.90625,132995950408.0,,,,,
2017-06-29,284378.46875,289793.625,283357.875,288439.6875,106388149106.0,,,,,
2017-06-30,278722.375,287531.75,278451.59375,284369.5,96651674246.0,,,,,
2017-07-01,273521.6875,282590.59375,271800.5,280043.625,87623336102.0,,,,,
2017-07-02,281301.125,282328.5,269060.28125,273729.53125,90204526708.0,,,,,
2017-07-03,290687.5,293702.09375,279127.28125,280413.40625,109301377440.0,,,,,
2017-07-04,293881.25,297343.375,290076.75,290340.5625,111323890975.0,,,,,
2017-07-05,294519.25,296674.15625,288176.1875,294020.21875,106575857351.0,,,,,
2017-07-06,295158.5625,296055.6875,292557.09375,295210.84375,86215433645.0,,,,,
2017-07-07,286825.0,332119.1875,284571.34375,295161.96875,104474874916.0,,,,,
2017-07-08,292824.21875,292824.21875,283824.28125,287008.34375,83511618578.0,,,,,
2017-07-09,286976.21875,300129.59375,286929.75,292968.84375,60149191200.0,,,,,
2017-07-10,270614.1875,289743.65625,264748.0625,287752.25,126743472000.0,,,,,
2017-07-11,265900.25,275859.625,262778.03125,272134.59375,151246902400.0,,,,,
2017-07-12,271836.5625,274242.78125,258296.625,265329.25,126624906639.0,,,,,
2017-07-13,267409.4375,273952.84375,265075.59375,272273.96875,94784673885.0,,,,,
2017-07-14,251250.765625,268016.1875,245612.25,267714.53125,99281584800.0,,,,,
2017-07-15,224871.75,251003.234375,223921.125,250888.515625,111780900000.0,,,,,
2017-07-16,216911.765625,231611.625,207340.875,224097.75,132954589798.0,,,,,
2017-07-17,250896.671875,251242.390625,217303.796875,217226.484375,135306158400.0,,,,,
2017-07-18,259668.171875,267555.59375,242952.140625,251472.015625,169364156375.0,,,,,
2017-07-19,254351.34375,268818.625,253123.15625,260138.5,139301791580.0,,,,,
2017-07-20,315261.28125,324559.3125,253750.984375,253955.28125,251669704981.0,,,,,
2017-07-21,296388.125,317561.3125,291182.65625,317589.6875,165477893222.0,,,,,
2017-07-22,312204.34375,318014.84375,295271.5625,296484.78125,130779141222.0,,,,,
2017-07-23,302855.96875,314655.1875,294852.71875,311979.90625,118999412800.0,,,,,
2017-07-24,306395.53125,307970.375,299664.0625,303111.09375,96369236501.0,,,,,
2017-07-25,288565.75,306869.34375,277644.21875,306689.15625,163530078208.0,,,,,
2017-07-26,281123.0625,292457.34375,274734.6875,288710.25,104183084117.0,,,,,
2017-07-27,296781.3125,299416.40625,280680.875,282152.21875,87653672320.0,,,,,
2017-07-28,310816.96875,320602.84375,297584.0,297664.40625,152708061459.0,,,,,
2017-07-29,301681.6875,310789.28125,297958.3125,310596.75,88934493130.0,,,,,
2017-07-30,304668.375,304955.5,292652.65625,301453.75,78006698848.0,,,,,
2017-07-31,317293.78125,318580.625,300681.84375,305338.03125,94964448602.0,,,,,
2017-08-01,300177.4375,321903.5625,296115.375,316847.96875,146283302799.0,,,,,
2017-08-02,300206.6875,306336.96875,294639.03125,301156.9375,121265714272.0,,,,,
2017-08-03,308183.71875,309379.71875,297137.59375,300083.78125,88431093481.0,,,,,
2017-08-04,320488.125,320868.875,302083.5625,308425.46875,110904620400.0,,,,,
2017-08-05,359999.53125,364105.40625,318157.4375,320680.6875,215330615459.0,,,,,
2017-08-06,356104.53125,364468.40625,349230.25,360519.71875,122437325773.0,,,,,
2017-08-07,374251.375,376666.8125,352219.9375,355976.03125,164177325711.0,,,,,
2017-08-08,376501.1875,385215.34375,370383.375,373285.5625,192961355446.0,,,,,
2017-08-09,367738.53125,376845.875,357211.21875,376551.8125,161614979200.0,,,,,
2017-08-10,368863.84375,376909.53125,365108.5,367669.25,165283351645.0,,,,,
2017-08-11,398465.1875,401641.4375,367729.6875,368050.03125,220612890246.0,,,,,
2017-08-12,424016.09375,431133.75,394435.34375,398466.25,242268236275.0,,,,,
2017-08-13,444962.9375,459345.78125,421078.875,423506.375,345098982861.0,,,,,
2017-08-14,475418.28125,475418.28125,436813.0,444180.78125,270742844006.0,,,,,
2017-08-15,462437.84375,490958.8125,432023.5,475622.78125,360275174308.0,,,,,
2017-08-16,481385.53125,482066.75,441902.6875,464473.59375,249901672561.0,,,,,
2017-08-17,473583.65625,494617.59375,465280.375,482244.5625,279158834806.0,,,,,
2017-08-18,454214.90625,476606.375,438361.21875,472780.0625,321146489434.0,,,,,
2017-08-19,457826.25,463236.65625,433464.9375,451718.15625,324870272894.0,,,,,
2017-08-20,446862.96875,458108.96875,444308.78125,457346.96875,230640054651.0,,,,,
2017-08-21,436149.65625,448882.46875,434438.3125,447171.28125,305269013307.0,,,,,
2017-08-22,449909.0625,452346.90625,401558.125,435780.1875,413012398756.0,,,,,
2017-08-23,452017.5,464220.46875,446259.625,448646.1875,258025991148.0,,,,,
2017-08-24,474647.46875,479302.25,450859.15625,450501.90625,223133626752.0,,,,,
2017-08-25,477990.75,486562.46875,471956.34375,474443.78125,188936245048.0,,,,,
2017-08-26,475891.40625,478830.4375,466829.3125,478041.03125,165279435651.0,,,,,
2017-08-27,479180.25,482909.9375,472052.5,475093.25,168090498301.0,,,,,
2017-08-28,476482.8125,478531.0625,461161.71875,479351.9375,213018362818.0,,,,,
2017-08-29,502593.25,507067.0625,472206.09375,477194.90625,272872140800.0,,,,,
2017-08-30,504283.03125,507575.5,491094.96875,501642.6875,214054909233.0,,,,,
2017-08-31,517937.3125,520870.75,502663.1875,503210.46875,214175696886.0,,,,,
2017-09-01,539344.0625,539344.0625,515199.6875,517757.78125,286548562944.0,,,,,
2017-09-02,504809.40625,548498.1875,492733.75,540381.5625,300115924416.0,,,,,
2017-09-03,503163.1875,519727.34375,487039.28125,505526.03125,212244931857.0,,,,,
2017-09-04,465104.46875,504344.625,450444.96875,504115.03125,327978965970.0,,,,,
2017-09-05,475247.375,480907.6875,437793.0625,464223.96875,292972553613.0,,,,,
2017-09-06,501775.65625,504434.5625,474816.21875,475253.90625,237084725478.0,,,,,
2017-09-07,498029.0,504420.125,489420.25,500904.65625,199717010865.0,,,,,
2017-09-08,455986.125,501849.875,439426.65625,498600.6875,291236980777.0,,,,,
2017-09-09,455696.0625,464620.03125,443624.46875,456100.40625,149477182625.0,,,,,
2017-09-10,446225.78125,457785.78125,426040.65625,456049.71875,181727915895.0,,,,,
2017-09-11,455201.3125,461965.03125,444415.9375,446174.9375,170356333951.0,,,,,
2017-09-12,455297.875,475826.0625,450272.9375,456033.78125,205508501891.0,,,,,
2017-09-13,428948.5625,455385.5,418824.0625,455426.84375,245200407961.0,,,,,
2017-09-14,346823.65625,433147.90625,346672.3125,428150.875,298603960059.0,,,,,
2017-09-15,403182.71875,413815.59375,327899.875,348071.375,459772066386.0,,,,,
2017-09-16,401799.4375,422171.84375,386586.65625,403208.21875,201551456000.0,,,,,
2017-09-17,398272.9375,406207.5625,381914.71875,399720.09375,137743908664.0,,,,,
2017-09-18,453147.84375,454915.71875,399185.5625,399185.5625,216609616917.0,,,,,
2017-09-19,437948.15625,456243.15625,432617.0625,454105.375,174508891971.0,,,,,
2017-09-20,439575.59375,449056.53125,429944.0,436987.46875,136604430001.0,,,,,
2017-09-21,408310.4375,441106.375,406605.625,439071.4375,158720933197.0,,,,,
2017-09-22,406529.46875,420437.65625,398030.90625,407970.84375,133785109725.0,,,,,
2017-09-23,424635.03125,427636.9375,402485.125,406442.125,103920922788.0,,,,,
2017-09-24,414098.53125,425054.90625,410582.78125,425054.90625,86355603902.0,,,,,
2017-09-25,438659.8125,440334.375,414067.3125,413956.875,153540488663.0,,,,,
2017-09-26,437422.3125,444508.5625,431532.53125,438921.25,117295504796.0,,,,,
2017-09-27,474129.625,475019.90625,436770.3125,437488.59375,190398145600.0,,,,,
2017-09-28,469531.875,482834.5625,462998.8125,473730.0625,192584630400.0,,,,,
2017-09-29,468220.46875,473176.5,455066.40625,469182.125,153752111700.0,,,,,
2017-09-30,487974.71875,490192.65625,467971.90625,468562.375,135801899700.0,,,,,
2017-10-01,496037.3125,496037.3125,480225.53125,488237.875,136092779807.0,,,,,
2017-10-02,497194.90625,504152.53125,493077.09375,495144.03125,161441880212.0,,,,,
2017-10-03,487184.4375,501090.75,480615.75,497097.9375,145340173189.0,,,,,
2017-10-04,477114.09375,489765.4375,474809.0625,487397.71875,125982829115.0,,,,,
2017-10-05,488158.09375,492193.0625,468788.71875,477172.75,131024418796.0,,,,,
2017-10-06,492284.34375,498522.96875,487442.15625,487712.59375,120507338596.0,,,,,
2017-10-07,498600.625,500514.1875,486679.84375,492119.90625,102147300640.0,,,,,
2017-10-08,518863.40625,520354.5,496207.25,498913.71875,147862924398.0,,,,,
2017-10-09,537615.75,549098.8125,514117.125,519318.09375,221798244795.0,,,,,
2017-10-10,537208.8125,552710.4375,535406.625,538087.8125,179422704005.0,,,,,
2017-10-11,542641.125,547612.3125,534273.25,538024.375,137420933204.0,,,,,
2017-10-12,611306.75,611306.75,541896.375,542989.6875,313302402870.0,,,,,
2017-10-13,631583.9375,654347.1875,609960.1875,613242.6875,404355290358.0,,,,,
2017-10-14,652227.375,652888.375,625369.0625,631172.375,186664316990.0,,,,,
2017-10-15,635162.3125,654541.375,612727.75,652693.75,221039827241.0,,,,,
2017-10-16,642239.4375,645493.6875,619676.375,636211.5625,225245213695.0,,,,,
2017-10-17,628938.1875,650683.25,613875.0,644033.0625,204380159386.0,,,,,
2017-10-18,631747.9375,628636.5,581752.125,628748.5625,271117497344.0,,,,,
2017-10-19,643178.9375,646469.1875,624567.3125,630962.625,200613445405.0,,,,,
2017-10-20,682299.625,687580.0625,637058.6875,643132.75,267227799552.0,,,,,
2017-10-21,684586.625,703118.875,677035.4375,680635.6875,250505839104.0,,,,,
2017-10-22,685260.3125,689655.5,657430.5625,685160.9375,232049553325.0,,,,,
2017-10-23,672083.125,691037.5625,651724.5625,684984.3125,272200541706.0,,,,,
2017-10-24,629650.125,672731.8125,626981.1875,672672.5,311678297354.0,,,,,
2017-10-25,653118.3125,653749.4375,614656.5625,629417.6875,223391048849.0,,,,,
2017-10-26,673741.125,679203.5,648958.0,652794.6875,217365064000.0,,,,,
2017-10-27,657114.875,683694.5,652054.25,673160.375,194390482556.0,,,,,
2017-10-28,653953.75,668006.8125,646690.25,657901.5,159583586400.0,,,,,
2017-10-29,699754.3125,711461.875,650713.0,654107.1875,325101438400.0,,,,,
2017-10-30,692811.1875,706022.875,685213.625,695319.625,200270673308.0,,,,,
2017-10-31,735068.9375,735429.125,690469.75,692979.5625,262665219564.0,,,,,
2017-11-01,772556.125,772556.125,726057.875,731951.875,327675745812.0,,,,,
2017-11-02,807019.8125,840317.6875,771507.9375,773750.25,530576345063.0,,,,,
2017-11-03,822117.0625,851034.75,797704.875,808049.25,384366242550.0,,,,,
2017-11-04,841757.125,854635.625,801987.75,817180.5625,283302235300.0,,,,,
2017-11-05,845629.9375,868849.75,836423.625,844559.5625,271747618386.0,,,,,
2017-11-06,798909.125,849934.625,797221.6875,845151.625,354009733079.0,,,,,
2017-11-07,812601.75,826588.3125,798877.625,798947.875,264597922519.0,,,,,
2017-11-08,849658.6875,884334.5,809148.625,812260.5625,524190587289.0,,,,,
2017-11-09,809724.8125,848417.375,804531.1875,848193.9375,365695435686.0,,,,,
2017-11-10,751357.4375,828595.8125,730777.875,813142.3125,591292606152.0,,,,,
2017-11-11,721778.3125,780308.6875,704365.125,751410.75,557282462198.0,,,,,
2017-11-12,676403.9375,752141.875,626573.1875,714722.4375,1018271535270.0,,,,,
2017-11-13,745092.5,771435.375,664086.6875,675060.25,711442558413.0,,,,,
2017-11-14,752494.0625,768569.375,733085.5625,745318.5,362552275814.0,,,,,
2017-11-15,824827.125,828058.9375,752448.125,752381.75,473649234432.0,,,,,
2017-11-16,889815.8125,900632.625,810020.5625,825695.3125,579195458888.0,,,,,
2017-11-17,863946.5625,903237.9375,851151.875,887767.5625,521312658693.0,,,,,
2017-11-18,873042.125,883670.875,836427.6875,862626.3125,410981985093.0,,,,,
2017-11-19,900167.25,907900.0625,862277.8125,870338.9375,352755326031.0,,,,,
2017-11-20,922900.0,938480.375,890407.8125,900456.1875,392590168402.0,,,,,
2017-11-21,906644.625,937888.5,873848.25,923474.0,480503929503.0,,,,,
2017-11-22,918372.5,930351.25,906148.5,907396.125,404302895562.0,,,,,
2017-11-23,894393.5625,919417.625,894393.5625,916016.9375,470093516119.0,,,,,
2017-11-24,920534.0625,933048.9375,883984.375,898315.4375,564186792929.0,,,,,
2017-11-25,980451.3125,980451.3125,913558.9375,919197.9375,484269955369.0,,,,,
2017-11-26,1041849.1875,1061330.5,978741.5625,980241.625,611403252081.0,,,,,
2017-11-27,1091015.0,1091015.0,1044044.125,1044324.6875,628196939735.0,,,,,
2017-11-28,1122763.25,1125572.875,1082968.625,1091579.5,708655284829.0,,,,,
2017-11-29,1107425.5,1290524.75,1073779.25,1124839.375,1295589883330.0,,,,,
2017-11-30,1151996.25,1212196.25,1035414.625,1109461.375,935534349885.0,,,,,
2017-12-01,1230364.75,1243195.625,1091036.0,1148056.375,760387737651.0,,,,,
2017-12-02,1241462.625,1268994.5,1222461.625,1230667.375,576025860762.0,,,,,
2017-12-03,1278162.875,1339558.75,1223604.25,1242370.75,745946005708.0,,,,,
2017-12-04,1311318.5,1311318.5,1250802.75,1277282.375,689834784701.0,,,,,
2017-12-05,1340152.125,1354923.5,1306445.875,1314524.375,775440957593.0,,,,,
2017-12-06,1604935.5,1612787.75,1340547.875,1340905.625,1421302493590.0,,,,,
2017-12-07,2026067.0,2026067.0,1580602.75,1602083.0,2031839678670.0,,,,,
2017-12-08,1880295.5,2080174.375,1627811.625,2015110.25,2398513163800.0,,,,,
2017-12-09,1722422.125,1904534.875,1551827.75,1875064.125,1578654334890.0,,,,,
2017-12-10,1754960.75,1798726.0,1500954.5,1721310.125,1525351211370.0,,,,,
2017-12-11,1923004.375,1987652.5,1748136.625,1751781.375,1379953809630.0,,,,,
2017-12-12,1976996.25,2019123.5,1880213.75,1921074.125,1657823325140.0,,,,,
2017-12-13,1850188.5,2002744.125,1812806.875,1986600.0,1463275254820.0,,,,,
2017-12-14,1861628.0,1926082.375,1822532.375,1847527.5,1548441964420.0,,,,,
2017-12-15,1993265.75,2036163.75,1865156.125,1865820.25,1610876656770.0,,,,,
2017-12-16,2194822.25,2219508.75,1971697.375,1999277.0,1434209320390.0,,,,,
2017-12-17,2157551.0,2261418.75,2136863.0,2192391.0,1500821704790.0,,,,,
2017-12-18,2151494.25,2179431.25,2068342.875,2153673.5,1670334094790.0,,,,,
2017-12-19,2008589.25,2159612.25,1949701.75,2151956.0,1908909536920.0,,,,,
2017-12-20,1882735.875,2029849.25,1822085.75,2006736.375,2508453477890.0,,,,,
2017-12-21,1790626.625,1993933.875,1739708.75,1884751.875,1871495924240.0,,,,,
2017-12-22,1566589.625,1806706.125,1341152.25,1801402.375,2514145436510.0,,,,,
2017-12-23,1664831.375,1767218.5,1566249.875,1579829.75,1482120374500.0,,,,,
2017-12-24,1577793.125,1656540.75,1443804.5,1654524.75,1311141564620.0,,,,,
2017-12-25,1589213.75,1652803.125,1523491.375,1585735.5,1208310499120.0,,,,,
2017-12-26,1822497.375,1863407.75,1589614.75,1590346.75,1523026778110.0,,,,,
2017-12-27,1793076.625,1916577.875,1712299.0,1829708.25,1413721210490.0,,,,,
2017-12-28,1648489.625,1799520.25,1572684.875,1795974.75,1392297357500.0,,,,,
2017-12-29,1651314.125,1721790.5,1609537.5,1658568.0,1467583103030.0,,,,,
2017-12-30,1459324.375,1654209.75,1391485.75,1654209.75,1628374420370.0,,,,,
2017-12-31,1595143.25,1620045.5,1437301.0,1453183.875,1367518229910.0,,,,,
2018-01-01,1539985.875,1590162.75,1482140.125,1590162.75,1160435712000.0,,,,,
2018-01-02,1681590.875,1734583.0,1483669.25,1536355.0,1890862405550.0,,,,,
2018-01-03,1711632.625,1749915.5,1666443.625,1681153.25,1899775958020.0,,,,,
2018-01-04,1759589.75,1774493.75,1637813.75,1719480.875,2457144931120.0,,,,,
2018-01-05,1970579.25,2001749.875,1714115.625,1745828.125,2695452049080.0,,,,,
2018-01-06,1981602.625,2002564.0,1895405.625,1974265.0,2070648726650.0,,,,,
2018-01-07,1864440.375,1987549.5,1819036.25,1981636.625,1795237943450.0,,,,,
2018-01-08,1716345.125,1870436.5,1605384.5,1864282.0,2083348620660.0,,,,,
2018-01-09,1645923.25,1744863.5,1625729.0,1711095.5,1878748171130.0,,,,,
2018-01-10,1668624.5,1668624.5,1530128.5,1645145.125,2061729209060.0,,,,,
2018-01-11,1491663.375,1672343.375,1464453.25,1668056.25,1839749303440.0,,,,,
2018-01-12,1552266.0,1580799.625,1463312.25,1497015.5,1339654653240.0,,,,,
2018-01-13,1594413.0,1627644.25,1549135.0,1549135.0,1417142493790.0,,,,,
2018-01-14,1530482.375,1611245.125,1473146.0,1595589.875,1231775986770.0,,,,,
2018-01-15,1528608.0,1598394.625,1510681.875,1529960.0,1410365973840.0,,,,,
2018-01-16,1268436.25,1532569.5,1125822.875,1530411.0,2081270974930.0,,,,,
2018-01-17,1245738.625,1292404.25,1042243.875,1261879.125,2096599025380.0,,,,,
2018-01-18,1273943.5,1344515.625,1216587.125,1246874.375,1667564765370.0,,,,,
2018-01-19,1285635.625,1326163.75,1239209.25,1268936.375,1189606718180.0,,,,,
2018-01-20,1428715.375,1451288.25,1291040.75,1291040.75,1307156330990.0,,,,,
2018-01-21,1283899.0,1428349.875,1248813.625,1427607.875,1099625697610.0,,,,,
2018-01-22,1212948.125,1325637.875,1135843.0,1287551.5,1169229939510.0,,,,,
2018-01-23,1196719.625,1256087.0,1119129.25,1214401.75,1063729716010.0,,,,,
2018-01-24,1241468.875,1257793.125,1168675.625,1200573.375,1086450791850.0,,,,,
2018-01-25,1234818.5,1284641.375,1202160.625,1248277.625,973120545126.0,,,,,
2018-01-26,1214331.25,1274427.0,1142937.875,1234445.5,1059411891300.0,,,,,
2018-01-27,1243604.125,1262539.625,1194526.0,1214711.625,824301436826.0,,,,,
2018-01-28,1279874.25,1308780.625,1247365.125,1247365.125,906765599350.0,,,,,
2018-01-29,1230516.875,1290046.375,1215067.25,1276529.75,774204696914.0,,,,,
2018-01-30,1098756.875,1231806.375,1091938.625,1231649.75,939108121804.0,,,,,
2018-01-31,1116041.875,1134189.75,1064467.75,1098963.5,878014281365.0,,,,,
2018-02-01,1002981.9375,1126932.25,965385.3125,1117810.75,1089259627000.0,,,,,
2018-02-02,972177.25,1000348.3125,856600.375,999891.1875,1401104389290.0,,,,,
2018-02-03,1010065.875,1038231.25,908421.9375,974529.875,799670649908.0,,,,,
2018-02-04,910636.625,1027675.875,884317.6875,1010152.8125,778231951636.0,,,,,
2018-02-05,758472.1875,920550.625,741072.6875,909924.8125,1012560872760.0,,,,,
2018-02-06,849993.5,860044.1875,659441.75,768993.3125,1534658111080.0,,,,,
2018-02-07,831788.6875,929194.875,790764.0625,850156.8125,1000735219200.0,,,,,
2018-02-08,897064.4375,938297.875,834054.3125,833596.0,1014402827860.0,,,,,
2018-02-09,950408.75,950408.75,858566.0625,897742.75,738052743967.0,,,,,
2018-02-10,937890.3125,992350.9375,902381.1875,948570.3125,846412856648.0,,,,,
2018-02-11,884540.75,937262.625,862745.0625,937262.625,666094252851.0,,,,,
2018-02-12,970407.4375,976769.5,885380.5625,885787.625,680137571528.0,,,,,
2018-02-13,926553.8125,972979.375,909717.5625,970423.6875,613878533407.0,,,,,
2018-02-14,1011462.9375,1013343.75,926985.375,926727.375,842633114373.0,,,,,
2018-02-15,1078553.375,1086117.0,996777.0625,1010790.75,961444899154.0,,,,,
2018-02-16,1087863.625,1095283.75,1043199.4375,1075296.375,775581780788.0,,,,,
2018-02-17,1181280.0,1184128.875,1078881.25,1085057.25,920651584820.0,,,,,
2018-02-18,1121234.25,1206483.75,1097653.75,1182417.5,929138473697.0,,,,,
2018-02-19,1197851.75,1201674.375,1117342.875,1121319.25,816554508534.0,,,,,
2018-02-20,1224415.25,1282907.875,1198882.25,1198545.375,1065812630720.0,,,,,
2018-02-21,1149859.5,1228859.0,1128599.0,1221033.125,1011638332540.0,,,,,
2018-02-22,1068734.125,1181294.0,1062786.875,1146632.625,858841331927.0,,,,,
2018-02-23,1100981.5,1120987.5,1042084.625,1061477.875,827197763420.0,,,,,
2018-02-24,1048821.0,1132628.75,1020380.125,1099549.375,739388356690.0,,,,,
2018-02-25,1034706.0625,1060593.75,1005426.5,1047041.375,610984986122.0,,,,,
2018-02-26,1109858.875,1118311.0,1014879.8125,1035209.125,780220117094.0,,,,,
2018-02-27,1152143.875,1164325.875,1095615.375,1112771.0,748307038413.0,,,,,
2018-02-28,1108624.125,1187717.5,1108631.875,1148019.0,739536572682.0,,,,,
2018-03-01,1162558.125,1174085.75,1103804.875,1107248.75,776802417623.0,,,,,
2018-03-02,1172165.125,1186145.875,1145662.0,1165360.875,805724989159.0,,,,,
2018-03-03,1214806.0,1218876.625,1163283.75,1173803.875,707393991475.0,,,,,
2018-03-04,1215154.875,1215154.875,1177419.75,1215620.125,642182007168.0,,,,,
2018-03-05,1229663.125,1242624.25,1208590.375,1217244.875,687282364800.0,,,,,
2018-03-06,1138034.125,1222345.625,1135734.625,1221885.625,721272185211.0,,,,,
2018-03-07,1057845.25,1158964.125,1027849.3125,1140567.75,933898148198.0,,,,,
2018-03-08,999723.0,1076639.125,990255.75,1056345.375,764671835197.0,,,,,
2018-03-09,996970.1875,1007314.25,907999.8125,1001817.1875,929346415842.0,,,,,
2018-03-10,946622.8125,1017659.0625,942615.6875,998362.5,575097372734.0,,,,,
2018-03-11,1023859.75,1038103.875,918982.1875,945211.375,673019008113.0,,,,,
2018-03-12,978136.0625,1058741.25,952605.875,1026457.125,686163303598.0,,,,,
2018-03-13,979435.375,1010773.625,957988.875,974727.25,638176215757.0,,,,,
2018-03-14,877840.3125,997988.5,857610.4375,981544.5625,683418116198.0,,,,,
2018-03-15,882381.4375,892730.8125,824847.625,880064.125,726499903898.0,,,,,
2018-03-16,883865.0625,910626.875,848402.75,884725.375,560674263040.0,,,,,
2018-03-17,839189.25,884732.1875,828158.875,882122.5,469171888128.0,,,,,
2018-03-18,871298.875,873776.6875,784186.9375,836395.125,703422182195.0,,,,,
2018-03-19,914935.25,920943.625,867989.0,884059.5,713352952797.0,,,,,
2018-03-20,949017.125,964205.125,890922.375,913771.1875,677339776190.0,,,,,
2018-03-21,945878.6875,974912.0,939922.5625,951573.5625,640148745646.0,,,,,
2018-03-22,915965.625,962036.0625,903254.375,946954.9375,580359128279.0,,,,,
2018-03-23,929873.8125,929873.8125,878868.375,916782.0625,623515466506.0,,,,,
2018-03-24,907725.5625,942079.9375,907472.125,932212.25,593196918702.0,,,,,
2018-03-25,890612.625,908659.125,884789.6875,901933.4375,479060527109.0,,,,,
2018-03-26,866338.0,895573.125,834997.9375,890894.5625,624847337692.0,,,,,
2018-03-27,826150.75,869299.25,823782.625,865346.0,567244052813.0,,,,,
2018-03-28,849458.9375,858427.0,823945.5,826550.4375,527039603722.0,,,,,
2018-03-29,763075.4375,853394.75,754025.3125,852084.875,677407363958.0,,,,,
2018-03-30,732186.6875,772563.0,709833.375,763687.75,668323320699.0,,,,,
2018-03-31,741007.25,765906.125,729317.625,732394.9375,483830444697.0,,,,,
2018-04-01,727610.0625,750296.5625,693545.1875,744145.1875,481807561206.0,,,,,
2018-04-02,749395.1875,758215.0625,724193.4375,727677.0625,458434617600.0,,,,,
2018-04-03,793553.75,802722.875,748906.0,751348.0625,585333094840.0,,,,,
2018-04-04,731784.5,795542.1875,726314.1875,793585.75,527016720000.0,,,,,
2018-04-05,729440.375,742542.75,710661.3125,731230.375,603914785654.0,,,,,
2018-04-06,709488.9375,736014.4375,705760.5,729921.125,402709669074.0,,,,,
2018-04-07,738864.625,753773.25,708867.8125,708867.8125,425139380232.0,,,,,
2018-04-08,751095.25,760296.875,739815.0625,739815.0625,390598346578.0,,,,,
2018-04-09,722775.4375,768632.0,710834.375,753319.5625,522440908416.0,,,,,
2018-04-10,732139.4375,736516.1875,717478.125,725413.1875,457696988569.0,,,,,
2018-04-11,744286.25,744286.25,729823.0,733072.5,495800248684.0,,,,,
2018-04-12,845806.5,846876.4375,727683.9375,742904.125,954839088231.0,,,,,
2018-04-13,847473.375,881330.625,833386.6875,847075.8125,833359495235.0,,,,,
2018-04-14,857163.1875,873742.375,842111.1875,845188.3125,557196197356.0,,,,,
2018-04-15,895545.9375,894962.625,858568.125,858568.125,563886489600.0,,,,,
2018-04-16,862680.625,899312.6875,849796.75,896455.5625,602831716659.0,,,,,
2018-04-17,845602.625,887757.75,843501.6875,864071.25,738463155103.0,,,,,
2018-04-18,876261.5,878804.125,845222.5,850133.5,700920513638.0,,,,,
2018-04-19,891140.625,891362.3125,874104.9375,875816.0625,758871280681.0,,,,,
2018-04-20,952253.625,955956.8125,887277.375,890342.375,908362563891.0,,,,,
2018-04-21,957609.1875,968588.4375,931404.0,952572.25,812601423001.0,,,,,
2018-04-22,949521.375,969026.5,946793.1875,960782.6875,715167288837.0,,,,,
2018-04-23,971411.8125,969046.3125,947961.0,948650.8125,753252931963.0,,,,,
2018-04-24,1055088.0,1059005.375,970901.5,971788.125,1161853481780.0,,,,,
2018-04-25,967370.125,1060973.0,961822.5,1055472.125,1212047833500.0,,,,,
2018-04-26,1014376.1875,1014376.1875,954481.8125,969730.125,980392446444.0,,,,,
2018-04-27,979858.0625,1024738.8125,979858.0625,1015372.9375,824952589978.0,,,,,
2018-04-28,1019264.8125,1026200.125,973854.875,974648.5625,851031477422.0,,,,,
2018-04-29,1027433.25,1039218.375,1002390.1875,1019039.125,965685260943.0,,,,,
2018-04-30,1009992.0625,1034240.25,1001932.3125,1028200.125,948059456000.0,,,,,
2018-05-01,1001814.4375,1011760.25,974548.0,1011185.625,847352366653.0,,,,,
2018-05-02,1014288.75,1016458.4375,989321.4375,1000231.3125,830037117143.0,,,,,
2018-05-03,1063055.125,1069291.75,1007113.1875,1014074.5625,1113616384610.0,,,,,
2018-05-04,1058449.875,1066324.0,1046978.5625,1057779.0,896647419080.0,,,,,
2018-05-05,1075622.75,1087226.625,1057834.5,1058397.625,834903155942.0,,,,,
2018-05-06,1053724.875,1084568.625,1032753.4375,1074221.75,788239660155.0,,,,,
2018-05-07,1021001.9375,1053094.375,1008452.375,1052728.375,805430581171.0,,,,,
2018-05-08,1006780.125,1031155.875,995292.0,1021858.1875,808478142167.0,,,,,
2018-05-09,1023998.0,1027754.9375,989052.75,1005571.125,793584817255.0,,,,,
2018-05-10,989768.8125,1029148.25,989394.4375,1024083.6875,755869223486.0,,,,,
2018-05-11,923330.1875,991299.125,918186.0,990755.9375,928474338601.0,,,,,
2018-05-12,930264.8125,947762.4375,899486.4375,923324.75,746122554900.0,,,,,
2018-05-13,953526.6875,959299.9375,918258.25,931424.3125,641195309517.0,,,,,
2018-05-14,956493.375,973726.0,915455.875,952341.8125,808068153165.0,,,,,
2018-05-15,938524.6875,971185.6875,932577.3125,955220.5625,739505707622.0,,,,,
2018-05-16,923500.375,937969.3125,901266.0625,937866.375,745990294656.0,,,,,
2018-05-17,897174.4375,930529.625,892557.5625,923635.0,649802830520.0,,,,,
2018-05-18,913712.375,915696.875,884407.5,896898.4375,638326423634.0,,,,,
2018-05-19,913292.6875,927121.875,906224.1875,914239.5625,521851161825.0,,,,,
2018-05-20,943949.1875,949314.4375,908648.3125,913271.6875,575584729252.0,,,,,
2018-05-21,934423.75,952794.25,929615.8125,944955.9375,572152348979.0,,,,,
2018-05-22,890385.875,934391.125,887067.5625,934521.375,568769766687.0,,,,,
2018-05-23,830302.0625,892536.875,828194.25,889865.5,713114457262.0,,,,,
2018-05-24,829296.25,846370.6875,804079.4375,830664.625,661179756493.0,,,,,
2018-05-25,818177.75,838292.875,808829.8125,829838.375,532443219149.0,,,,,
2018-05-26,804586.125,830758.625,803846.75,818871.1875,443157441700.0,,,,,
2018-05-27,807630.625,807414.75,795297.625,805264.3125,444635150185.0,,,,,
2018-05-28,780606.0,811940.8125,776979.375,807969.3125,551391241001.0,,,,,
2018-05-29,809954.0,818046.5625,773096.875,779891.625,613775727805.0,,,,,
2018-05-30,805236.875,822208.5,796670.4375,809644.0625,535178552279.0,,,,,
2018-05-31,815065.9375,827315.6875,799197.875,805196.625,557626670981.0,,,,,
2018-06-01,826015.0625,830588.625,811400.0,815776.125,539047538335.0,,,,,
2018-06-02,837187.125,842924.25,821174.875,825496.9375,541001511475.0,,,,,
2018-06-03,846216.625,849393.125,833856.25,835942.8125,531801427630.0,,,,,
2018-06-04,826291.125,849663.5625,819752.6875,846466.5,549048964403.0,,,,,
2018-06-05,838797.5,838462.3125,813300.125,824798.9375,545195966587.0,,,,,
2018-06-06,842856.25,845999.375,826196.3125,837941.625,516711653581.0,,,,,
2018-06-07,842379.75,852004.1875,842355.25,842508.25,492137110979.0,,,,,
2018-06-08,835157.5,845338.25,828098.3125,843136.75,463046826885.0,,,,,
2018-06-09,824977.75,841582.5,824977.75,835989.9375,421166957115.0,,,,,
2018-06-10,742594.1875,821425.6875,733972.25,821425.6875,635223634196.0,,,,,
2018-06-11,762454.875,762745.6875,737393.9375,744046.3125,523830328806.0,,,,,
2018-06-12,726955.8125,761188.125,721722.25,762333.4375,514029730734.0,,,,,
2018-06-13,699949.4375,733594.25,694122.125,728559.4375,556920535209.0,,,,,
2018-06-14,738427.25,742279.1875,698500.875,699161.3125,568444101970.0,,,,,
2018-06-15,714485.125,738793.8125,711972.0625,738286.75,437703452088.0,,,,,
2018-06-16,724840.75,729525.0,708477.4375,714360.125,353466864594.0,,,,,
2018-06-17,719014.25,729150.875,719014.25,724328.3125,343397729060.0,,,,,
2018-06-18,741638.375,749316.0,712229.25,720209.0,444796704000.0,,,,,
2018-06-19,745235.0,749724.5,736413.6875,742472.0,446597850071.0,,,,,
2018-06-20,747927.8125,751804.125,726777.8125,745325.25,429189196800.0,,,,,
2018-06-21,740002.25,753085.625,739608.8125,748318.5,388063133041.0,,,,,
2018-06-22,668962.5625,742313.75,660485.75,740897.25,558575912878.0,,,,,
2018-06-23,677626.3125,684481.1875,667656.25,669667.4375,377312345600.0,,,,,
2018-06-24,678623.1875,684366.8125,640672.0625,677824.1875,502040411024.0,,,,,
2018-06-25,684972.625,692910.3125,670900.5625,678484.6875,602943810406.0,,,,,
2018-06-26,670974.0,689087.0625,670974.0,685451.625,361134359506.0,,,,,
2018-06-27,678577.3125,681159.625,668658.375,669953.25,363276395620.0,,,,,
2018-06-28,652212.0625,678745.125,648678.375,678139.75,383122551071.0,,,,,
2018-06-29,688117.0625,692915.3125,645784.125,651625.375,438903013570.0,,,,,
2018-06-30,708666.625,715473.3125,687665.625,687665.625,502823572388.0,,,,,
2018-07-01,707038.0,711859.1875,695972.8125,709516.5,530156129485.0,,,,,
2018-07-02,733314.125,740304.3125,697977.9375,706435.6875,487487634422.0,,,,,
2018-07-03,720866.75,739454.6875,712540.875,731371.6875,515822997504.0,,,,,
2018-07-04,728963.25,748161.6875,711743.75,723216.0625,461482469261.0,,,,,
2018-07-05,733956.9375,746566.625,724452.25,729201.9375,552666003226.0,,,,,
2018-07-06,737088.0625,740118.8125,722479.9375,733907.1875,476476874931.0,,,,,
2018-07-07,757347.9375,758127.75,726677.0625,736559.0,437501293069.0,,,,,
2018-07-08,748039.5625,760548.75,745246.9375,757444.0,373939175601.0,,,,,
2018-07-09,747929.75,758204.5,745863.75,748172.0625,412489333325.0,,,,,
2018-07-10,701675.0,751083.8125,700715.0625,747647.9375,449211874368.0,,,,,
2018-07-11,715951.75,717130.6875,702049.125,701765.875,408078514852.0,,,,,
2018-07-12,701675.4375,716859.0625,691206.3125,716183.4375,424709663117.0,,,,,
2018-07-13,700907.25,708737.875,695512.4375,702376.125,427574751191.0,,,,,
2018-07-14,705184.875,707664.625,698005.0625,701969.125,328503562998.0,,,,,
2018-07-15,714759.9375,719492.75,702981.4375,704800.625,369252845803.0,,,,,
2018-07-16,757570.4375,757570.4375,714591.4375,714464.3125,531038138808.0,,,,,
2018-07-17,827350.75,833650.0625,750832.8125,757334.4375,673759993006.0,,,,,
2018-07-18,831350.25,849946.875,821601.0625,826704.3125,688403633751.0,,,,,
2018-07-19,838976.375,842677.0625,822636.0625,832187.1875,574342727025.0,,,,,
2018-07-20,819176.5,848248.6875,815737.875,839037.0625,549917936824.0,,,,,
2018-07-21,826434.6875,828478.75,808959.875,819019.5,415107078989.0,,,,,
2018-07-22,823823.3125,839953.8125,823148.25,826268.75,410380843661.0,,,,,
2018-07-23,859403.1875,865822.8125,822187.8125,823403.5625,572014896000.0,,,,,
2018-07-24,937368.5,937368.5,857391.0,860005.0,809788550277.0,,,,,
2018-07-25,906907.125,936461.0,897424.1875,932404.8125,647962597094.0,,,,,
2018-07-26,883818.125,918651.5,876191.3125,906403.8125,544533844608.0,,,,,
2018-07-27,906561.0625,917072.625,869899.75,883686.9375,576898549294.0,,,,,
2018-07-28,909574.4375,912983.0,900538.8125,907010.75,442870921383.0,,,,,
2018-07-29,911673.75,918469.0,903915.25,911092.25,455610588475.0,,,,,
2018-07-30,908033.25,914305.1875,878367.4375,912019.875,616205400000.0,,,,,
2018-07-31,870086.625,907577.125,860285.875,908113.1875,591304479900.0,,,,,
2018-08-01,851168.6875,868656.375,838002.6875,868811.75,535558320600.0,,,,,
2018-08-02,845175.0,860899.375,837885.5,852204.625,470673945900.0,,,,,
2018-08-03,827075.875,844312.9375,818463.625,844615.4375,514770437500.0,,,,,
2018-08-04,782404.5625,834095.75,776977.8125,827552.0625,474858387500.0,,,,,
2018-08-05,786156.375,789614.9375,772152.875,782207.625,409190614200.0,,,,,
2018-08-06,773943.875,797780.375,767330.5625,785540.1875,437070447000.0,,,,,
2018-08-07,751892.375,794983.3125,751146.625,774669.75,521382952000.0,,,,,
2018-08-08,699376.25,751126.8125,690923.625,751194.25,561695931300.0,,,,,
2018-08-09,729533.3125,736383.625,693521.8125,699349.6875,473940132800.0,,,,,
2018-08-10,686008.0625,730641.1875,679331.75,729887.625,502321185600.0,,,,,
2018-08-11,698322.375,716070.6875,677613.625,686127.8125,448987522000.0,,,,,
2018-08-12,699415.9375,707391.0625,691863.5,696982.4375,626689955000.0,,,,,
2018-08-13,696637.1875,721559.5625,689187.1875,701481.25,451769867600.0,,,,,
2018-08-14,689655.75,695760.5625,661413.1875,695540.9375,589761108000.0,,,,,
2018-08-15,697533.0625,728687.0,692257.375,692070.75,541289906500.0,,,,,
2018-08-16,703218.375,717846.4375,693982.625,695953.0,480497904200.0,,,,,
2018-08-17,727093.8125,727300.4375,702198.1875,703904.4375,551675465100.0,,,,,
2018-08-18,709761.25,731151.0,702023.625,727403.1875,440249614800.0,,,,,
2018-08-19,718725.5625,722642.9375,702887.6875,709629.75,365784949900.0,,,,,
2018-08-20,693622.875,722198.9375,692583.375,718111.3125,402977745000.0,,,,,
2018-08-21,714477.375,716135.8125,691987.625,692802.625,371861289800.0,,,,,
2018-08-22,705136.5625,750937.5625,697519.5625,714201.0,516199603800.0,,,,,
2018-08-23,727658.875,729088.1875,704415.375,704542.75,381505143000.0,,,,,
2018-08-24,747393.9375,747393.9375,723688.5625,729511.75,455759540400.0,,,,,
2018-08-25,752202.0,755142.625,745280.75,747392.8125,368427372000.0,,,,,
2018-08-26,746450.9375,753487.6875,736359.8125,751251.0625,366756195000.0,,,,,
2018-08-27,765021.1875,765021.1875,743293.6875,746844.9375,446591280000.0,,,,,
2018-08-28,788680.5625,790369.8125,766073.25,765736.8125,517905731600.0,,,,,
2018-08-29,787026.8125,791070.0625,778849.6875,788172.625,463011878400.0,,,,,
2018-08-30,774653.3125,790019.5,758582.25,786647.125,495465382500.0,,,,,
2018-08-31,781312.125,782851.875,766338.5,774180.4375,499107063000.0,,,,,
2018-09-01,798594.625,804039.0625,781364.3125,782114.8125,456963871000.0,,,,,
2018-09-02,808217.375,811146.5625,791812.375,798187.1875,481141780200.0,,,,,
2018-09-03,806374.875,813169.5,799672.1875,808918.625,454027503200.0,,,,,
2018-09-04,820530.625,823643.25,804918.5,806701.4375,476339914400.0,,,,,
2018-09-05,757060.875,824031.625,757060.875,820508.3125,646461267000.0,,,,,
2018-09-06,721342.6875,752319.9375,712781.3125,752860.375,610232965600.0,,,,,
2018-09-07,718168.125,725080.625,708581.3125,721315.0625,473592714000.0,,,,,
2018-09-08,691395.0625,725628.4375,688234.625,717401.875,425883413000.0,,,,,
2018-09-09,698828.375,715857.1875,688645.5,691106.375,407249319900.0,,,,,
2018-09-10,703419.5625,707176.5625,698181.75,698907.125,412747933000.0,,,,,
2018-09-11,705572.375,712903.6875,698389.0,703661.8125,429726954200.0,,,,,
2018-09-12,706320.1875,707853.25,698244.25,705104.625,451942376000.0,,,,,
2018-09-13,730003.875,731247.0,706718.5625,706591.5,471664029100.0,,,,,
2018-09-14,729684.0,737509.9375,722122.625,729791.0625,456699688800.0,,,,,
2018-09-15,733100.125,735175.125,727537.3125,729313.1875,360354252000.0,,,,,
2018-09-16,729598.3125,733226.75,723789.625,732369.625,366494073500.0,,,,,
2018-09-17,701484.4375,732961.3125,699841.0625,729249.0,436755910400.0,,,,,
2018-09-18,715369.5625,717134.9375,702824.6875,701452.0,469340505200.0,,,,,
2018-09-19,718684.0,723710.6875,696824.0625,715431.3125,497728108800.0,,,,,
2018-09-20,733234.0625,734246.5625,719598.8125,718718.8125,489009784113.0,,,,,
2018-09-21,758115.875,764998.125,730899.0,732581.75,735264159153.0,,,,,
2018-09-22,756659.6875,767077.125,744753.9375,758127.125,507629900640.0,,,,,
2018-09-23,755113.6875,761627.875,751663.75,755910.0,472323700796.0,,,,,
2018-09-24,743994.0625,755747.9375,742286.0625,754454.25,471220705987.0,,,,,
2018-09-25,728354.375,744834.5,720942.75,744922.4375,533987421952.0,,,,,
2018-09-26,732280.9375,744110.625,722574.5,729068.4375,500284881219.0,,,,,
2018-09-27,756967.25,761261.8125,728602.75,732313.625,522290669254.0,,,,,
2018-09-28,755358.125,769892.375,749295.3125,757194.0,570080723573.0,,,,,
2018-09-29,750563.875,755241.0,740296.75,755241.0,496099367754.0,,,,,
2018-09-30,754041.75,756115.3125,747324.75,750876.5625,455491478073.0,,,,,
2018-10-01,751125.0625,757631.5625,746670.8125,753391.875,456054942360.0,,,,,
2018-10-02,744674.625,753445.625,744035.875,751537.6875,451984242223.0,,,,,
2018-10-03,744663.25,748072.0,734828.4375,744420.1875,445166770318.0,,,,,
2018-10-04,749286.3125,751805.875,743835.25,744127.3125,437312415424.0,,,,,
2018-10-05,753141.5,753271.125,747027.875,748996.9375,417541321207.0,,,,,
2018-10-06,749321.5,753830.6875,748060.25,753138.125,370746548321.0,,,,,
2018-10-07,750577.125,755229.75,745668.9375,749591.0,375874539997.0,,,,,
2018-10-08,752612.125,755014.6875,745338.25,750263.375,450223439823.0,,,,,
2018-10-09,750736.125,753163.0625,748482.25,752708.3125,404695033023.0,,,,,
2018-10-10,738043.625,750451.25,738799.4375,750470.5,424483816289.0,,,,,
2018-10-11,701198.5,738227.8125,700038.75,738179.25,580757460469.0,,,,,
2018-10-12,704089.4375,711095.0625,699636.0,699294.25,424557876493.0,,,,,
2018-10-13,705369.75,707896.8125,702432.0625,704482.1875,343823991096.0,,,,,
2018-10-14,705777.3125,713971.3125,704714.4375,705650.3125,346141019584.0,,,,,
2018-10-15,737770.25,779117.75,701673.75,705969.1875,824361672767.0,,,,,
2018-10-16,741089.4375,747961.75,736801.6875,738314.9375,457813963608.0,,,,,
2018-10-17,737194.375,741101.3125,731275.1875,740461.375,460538233460.0,,,,,
2018-10-18,726450.4375,739004.8125,723717.0625,736957.8125,440138532946.0,,,,,
2018-10-19,727681.875,729879.875,725216.5625,726603.0,402801806270.0,,,,,
2018-10-20,730358.3125,731318.375,725834.9375,727176.5,380321069953.0,,,,,
2018-10-21,728982.375,737920.5625,728873.75,730459.625,365889592965.0,,,,,
2018-10-22,729523.3125,735892.875,726804.125,729398.5,413036980590.0,,,,,
2018-10-23,728067.9375,731471.1875,725334.5,727858.9375,417807009945.0,,,,,
2018-10-24,727720.625,733592.8125,727196.6875,728638.625,383661376968.0,,,,,
2018-10-25,727722.875,732313.0,722275.4375,726490.0625,363008019488.0,,,,,
2018-10-26,724505.125,727696.6875,720689.125,726868.3125,369937076850.0,,,,,
2018-10-27,725134.25,728158.875,722129.875,725186.5625,379694074691.0,,,,,
2018-10-28,726013.1875,727527.125,721501.0,725389.375,385615637953.0,,,,,
2018-10-29,711360.1875,728302.375,708729.0625,726461.125,471786390075.0,,,,,
2018-10-30,716152.5625,716653.3125,710714.25,711807.5,427491166000.0,,,,,
2018-10-31,713069.6875,719122.875,715146.3125,716460.0625,473065957354.0,,,,,
2018-11-01,718785.125,738545.6875,712171.125,713044.4375,427070910895.0,,,,,
2018-11-02,723206.0,724159.1875,716599.5,719130.1875,479410200787.0,,,,,
2018-11-03,720129.0625,724522.5625,717990.625,723070.125,414177846547.0,,,,,
2018-11-04,721465.5,722879.875,712579.375,720605.625,496735153020.0,,,,,
2018-11-05,726914.6875,733512.0625,720473.1875,719946.0625,472723381622.0,,,,,
2018-11-06,732656.125,733057.0625,726412.9375,728545.625,532968232595.0,,,,,
2018-11-07,741631.75,741393.8125,733445.625,733467.1875,561181721784.0,,,,,
2018-11-08,735319.125,742916.25,734164.125,740600.5,531546894935.0,,,,,
2018-11-09,726875.125,735413.375,725257.625,734103.125,494798520600.0,,,,,
2018-11-10,729564.0,732758.125,726839.8125,726933.1875,421778031605.0,,,,,
2018-11-11,729802.875,731161.0625,722842.375,730066.0,448388123625.0,,,,,
2018-11-12,724753.6875,733339.0625,724107.6875,729972.4375,488658482167.0,,,,,
2018-11-13,723684.5,728926.5,721757.8125,724572.0625,512514424800.0,,,,,
2018-11-14,651701.5625,725400.9375,629329.0625,722745.6875,840293916330.0,,,,,
2018-11-15,641359.6875,656246.6875,606764.1875,651451.6875,798531727618.0,,,,,
2018-11-16,629117.0625,642478.1875,620472.75,641051.9375,595691961704.0,,,,,
2018-11-17,626666.125,629458.9375,622799.4375,629458.9375,485502022801.0,,,,,
2018-11-18,633784.1875,637925.0625,627276.5625,627276.5625,468804255360.0,,,,,
2018-11-19,547767.875,633638.9375,545045.3125,633638.9375,791553468816.0,,,,,
2018-11-20,501651.09375,557572.0625,481504.0625,546939.1875,949726917567.0,,,,,
2018-11-21,520358.9375,528011.5,490027.34375,503063.1875,691990748200.0,,,,,
2018-11-22,493300.53125,523272.46875,493266.625,521315.40625,516285754542.0,,,,,
2018-11-23,491004.6875,495986.03125,473703.1875,492708.46875,550233242225.0,,,,,
2018-11-24,438429.65625,498457.09375,428758.96875,491070.1875,528667467212.0,,,,,
2018-11-25,452740.75,465326.8125,404932.53125,438431.90625,770640531733.0,,,,,
2018-11-26,429029.03125,464949.8125,413760.9375,453361.625,735295739788.0,,,,,
2018-11-27,434675.28125,439458.0625,415812.03125,427478.625,682461777088.0,,,,,
2018-11-28,483437.90625,498394.53125,434836.53125,434836.53125,826689262518.0,,,,,
2018-11-29,485305.34375,500343.84375,469864.84375,484782.4375,737607535994.0,,,,,
2018-11-30,455992.1875,490297.96875,447577.34375,486424.875,686498416730.0,,,,,
2018-12-01,478358.9375,489148.90625,450594.0,456808.96875,610090086596.0,,,,,
2018-12-02,470865.59375,488216.0,466589.875,476776.90625,598573995893.0,,,,,
2018-12-03,442242.8125,472860.4375,436195.0,471799.46875,578004764236.0,,,,,
2018-12-04,446056.6875,459915.5625,433616.25,441356.78125,566809217279.0,,,,,
2018-12-05,424201.40625,448103.03125,424201.40625,446263.09375,599180417808.0,,,,,
2018-12-06,396900.75,436774.6875,396900.75,424379.34375,662609325458.0,,,,,
2018-12-07,385540.28125,395781.125,369720.5,395781.125,770600425526.0,,,,,
2018-12-08,391873.34375,395247.3125,377729.375,385762.71875,598052094317.0,,,,,
2018-12-09,406512.8125,415456.09375,391081.90625,391547.875,556458234684.0,,,,,
2018-12-10,396402.59375,410201.5,392862.0,406252.28125,568233074248.0,,,,,
2018-12-11,388437.90625,397460.40625,384637.0625,395835.1875,532736071010.0,,,,,
2018-12-12,394945.90625,400144.65625,387090.5,387983.125,468841017986.0,,,,,
2018-12-13,376383.3125,395503.75,374671.125,395071.65625,493341010330.0,,,,,
2018-12-14,367814.21875,378129.09375,363559.78125,376089.15625,496028457675.0,,,,,
2018-12-15,367165.03125,371545.5,362008.4375,367985.84375,402897557938.0,,,,,
2018-12-16,368795.5,374991.125,366831.3125,367109.8125,424509846111.0,,,,,
2018-12-17,400146.125,405475.28125,369182.28125,368909.03125,610426415247.0,,,,,
2018-12-18,415932.21875,416414.875,391835.78125,399971.40625,665224945138.0,,,,,
2018-12-19,421083.40625,443666.9375,413898.9375,417119.71875,765591550316.0,,,,,
2018-12-20,459696.125,466707.1875,419484.28125,420643.3125,992580723149.0,,,,,
2018-12-21,433430.90625,466957.75,428642.09375,459568.625,801559072626.0,,,,,
2018-12-22,445861.75,445861.75,428892.0,433602.21875,622647863388.0,,,,,
2018-12-23,444103.75,454373.3125,441734.9375,446618.375,683125286076.0,,,,,
2018-12-24,450014.28125,474532.0625,444261.5,444261.5,798935880054.0,,,,,
2018-12-25,421275.34375,450984.59375,414402.65625,450178.46875,679939007792.0,,,,,
2018-12-26,428959.125,429776.8125,416808.65625,421762.96875,592350302119.0,,,,,
2018-12-27,405182.15625,430021.53125,404212.78125,428671.375,568746711992.0,,,,,
2018-12-28,432710.125,436719.875,402634.6875,404933.25,621019655765.0,,,,,
2018-12-29,421295.5625,437103.5,421295.5625,433655.53125,550454856300.0,,,,,
2018-12-30,426573.0625,430284.84375,418738.34375,421513.5,526390410541.0,,,,,
2018-12-31,410329.8125,424148.46875,408484.34375,426690.0,511099506128.0,,,,,
2019-01-01,421550.21875,422476.0625,406628.40625,410769.78125,474270436917.0,,,,,
2019-01-02,423712.09375,424742.0,417147.4375,422155.84375,563550251443.0,,,,,
2019-01-03,413836.6875,424259.0,412363.3125,422272.03125,488635808827.0,,,,,
2019-01-04,418678.09375,419459.25,410230.28125,413212.6875,526149692143.0,,,,,
2019-01-05,417318.59375,423799.125,416418.40625,418054.75,557584323516.0,,,,,
2019-01-06,442570.84375,445001.65625,415291.125,416377.0625,607629217740.0,,,,,
2019-01-07,437226.5,444402.5625,435816.65625,442623.34375,567938545327.0,,,,,
2019-01-08,438458.65625,446602.46875,434717.5,437582.71875,577228850842.0,,,,,
2019-01-09,436614.03125,442826.0625,437267.8125,438550.625,553534550423.0,,,,,
2019-01-10,398461.15625,438623.53125,396741.4375,436481.34375,744532577729.0,,,,,
2019-01-11,400053.34375,403077.5,395699.3125,397909.78125,600911574825.0,,,,,
2019-01-12,397434.0,401313.25,396412.90625,400010.78125,518670143212.0,,,,,
2019-01-13,385371.9375,398894.96875,384823.125,397169.90625,507758642280.0,,,,,
2019-01-14,401192.0,403465.59375,385196.84375,385843.75,611780455455.0,,,,,
2019-01-15,394468.46875,403261.53125,393388.90625,400927.71875,601609219851.0,,,,,
2019-01-16,398530.4375,400919.15625,393405.75,394534.5,588194600271.0,,,,,
2019-01-17,401536.25,401499.15625,394036.75,398204.5625,596472661987.0,,,,,
2019-01-18,401538.96875,402178.5625,398893.21875,401485.0,549199657387.0,,,,,
2019-01-19,409303.25,412592.65625,400939.4375,400939.4375,653785466282.0,,,,,
2019-01-20,394998.78125,410930.0625,393325.625,408960.5,612348862275.0,,,,,
2019-01-21,392196.0,395593.90625,390169.09375,394928.5,548844257224.0,,,,,
2019-01-22,394212.78125,395484.21875,387227.8125,392116.6875,581121783391.0,,,,,
2019-01-23,392563.8125,398253.03125,390789.5625,394292.90625,594985376016.0,,,,,
2019-01-24,394654.75,396515.96875,390920.96875,392493.8125,576810283025.0,,,,,
2019-01-25,394336.34375,396323.71875,392792.0,395369.875,576847268609.0,,,,,
2019-01-26,394559.46875,400379.65625,393633.0625,394330.8125,558378518777.0,,,,,
2019-01-27,392105.5625,395677.84375,390702.59375,394803.375,609471013656.0,,,,,
2019-01-28,379159.0,392071.3125,375938.6875,392140.3125,754825102293.0,,,,,
2019-01-29,377279.1875,379403.84375,371505.875,379017.4375,645243603083.0,,,,,
2019-01-30,379931.0625,382756.59375,375147.03125,376859.0,649000084289.0,,,,,
2019-01-31,376363.4375,381480.5,375288.40625,379848.53125,634696775792.0,,,,,
2019-02-01,381912.0625,383445.9375,373891.375,376670.1875,593782533259.0,,,,,
2019-02-02,385538.0,385781.8125,379681.5625,381548.59375,555316653171.0,,,,,
2019-02-03,379136.25,385573.875,377602.875,384999.15625,552058968563.0,,,,,
2019-02-04,380384.53125,381943.84375,378211.90625,379510.9375,586410358492.0,,,,,
2019-02-05,381123.84375,382578.03125,379799.375,379979.15625,574765841313.0,,,,,
2019-02-06,375451.28125,381437.03125,373624.59375,381421.4375,602940143511.0,,,,,
2019-02-07,373133.375,376600.96875,372704.375,375575.09375,549355548168.0,,,,,
2019-02-08,402381.46875,405642.59375,372185.1875,373342.71875,848884072240.0,,,,,
2019-02-09,402918.28125,403825.75,400162.46875,402908.84375,675938151334.0,,,,,
2019-02-10,405248.0,405934.8125,399601.1875,403137.53125,689903053581.0,,,,,
2019-02-11,402759.375,405837.4375,402158.9375,405843.75,692939952343.0,,,,,
2019-02-12,403832.5625,405283.09375,399862.625,402132.5,716291159138.0,,,,,
2019-02-13,402904.6875,405857.4375,400359.90625,403757.9375,714265991307.0,,,,,
2019-02-14,399755.5625,404882.15625,399041.59375,402802.09375,693106821636.0,,,,,
2019-02-15,400080.75,402840.46875,398670.71875,399892.84375,673129018412.0,,,,,
2019-02-16,401072.625,403619.9375,399468.5625,399468.5625,655758332771.0,,,,,
2019-02-17,406219.75,406680.21875,399900.78125,401467.3125,778365936928.0,,,,,
2019-02-18,433089.125,435365.625,405621.125,405964.9375,1095876833670.0,,,,,
2019-02-19,436432.40625,443693.5,431900.75,432609.09375,1098366556860.0,,,,,
2019-02-20,443082.125,443002.34375,434786.6875,436436.28125,963012845778.0,,,,,
2019-02-21,437776.25,444014.3125,436483.21875,443099.59375,860815532734.0,,,,,
2019-02-22,443335.6875,443415.625,437248.71875,437595.625,866247641680.0,,,,,
2019-02-23,458432.75,461062.0625,439262.625,442604.0625,987381716515.0,,,,,
2019-02-24,422077.25,465970.65625,419982.5625,458757.09375,1195665780540.0,,,,,
2019-02-25,431157.90625,434861.59375,421660.75,421726.40625,1034815028020.0,,,,,
2019-02-26,426133.96875,431206.40625,425333.34375,430717.375,876867641021.0,,,,,
2019-02-27,426953.0625,430412.65625,420374.875,426479.09375,920339118918.0,,,,,
2019-02-28,429240.8125,434950.21875,428242.65625,426651.03125,935336943764.0,,,,,
2019-03-01,431943.03125,437338.625,429202.75,429152.46875,857404032365.0,,,,,
2019-03-02,432486.03125,433624.40625,428870.34375,431465.65625,848179843652.0,,,,,
2019-03-03,430623.90625,433722.46875,429561.40625,432245.53125,811908720100.0,,,,,
2019-03-04,420449.90625,433095.84375,417605.75,430407.84375,1009240638290.0,,,,,
2019-03-05,435889.4375,437094.21875,419027.9375,420267.875,1138184609060.0,,,,,
2019-03-06,435797.125,438386.46875,432660.875,435968.40625,1024237793330.0,,,,,
2019-03-07,436657.875,439975.8125,434931.9375,435704.90625,1069926655020.0,,,,,
2019-03-08,433669.3125,438775.6875,430789.78125,436845.3125,1182644298210.0,,,,,
2019-03-09,440583.59375,443243.125,432697.59375,432937.9375,1200153801830.0,,,,,
2019-03-10,438969.125,440901.59375,436255.625,440901.59375,1079012229040.0,,,,,
2019-03-11,434799.5625,440669.3125,432552.625,439206.875,1127395978360.0,,,,,
2019-03-12,435123.625,436369.53125,430432.1875,434636.0,1091927085910.0,,,,,
2019-03-13,434430.84375,436845.78125,433373.25,435582.84375,1052982823530.0,,,,,
2019-03-14,438531.5,440346.84375,435482.46875,434352.0625,1171183503860.0,,,,,
2019-03-15,441346.8125,442518.3125,437056.96875,438845.84375,1046755356650.0,,,,,
2019-03-16,451131.625,454286.125,441429.96875,441679.875,1098229112500.0,,,,,
2019-03-17,449064.59375,451732.90625,446416.6875,451019.5,917225083649.0,,,,,
2019-03-18,449161.5625,454283.9375,447121.75,449601.40625,1074527748160.0,,,,,
2019-03-19,453564.0,454620.28125,447785.96875,449179.21875,1041100759790.0,,,,,
2019-03-20,452351.625,452793.40625,449940.5,453561.75,1126145354580.0,,,,,
2019-03-21,446486.6875,452595.46875,444156.46875,451950.75,1200198551630.0,,,,,
2019-03-22,442335.28125,446902.6875,445422.5,446401.71875,1017130292830.0,,,,,
2019-03-23,443636.34375,445183.90625,441455.5,442197.34375,1052950729620.0,,,,,
2019-03-24,442818.59375,444172.03125,440428.0625,443563.5,1006797805580.0,,,,,
2019-03-25,436247.875,443985.75,432831.96875,442992.4375,1140390732930.0,,,,,
2019-03-26,440584.5625,440584.5625,435803.59375,436875.15625,1183824908250.0,,,,,
2019-03-27,451607.875,451509.78125,439274.84375,440530.96875,1204098571110.0,,,,,
2019-03-28,450224.0625,453118.65625,446962.5625,451641.3125,1034958724060.0,,,,,
2019-03-29,454405.5625,455587.65625,446246.4375,450117.8125,1210602445650.0,,,,,
2019-03-30,455324.21875,476408.4375,449477.21875,453713.875,1079107690170.0,,,,,
2019-03-31,455659.84375,456505.53125,454405.28125,455190.71875,1003920401210.0,,,,,
2019-04-01,463426.90625,463015.78125,454911.71875,455684.75,1132079811690.0,,,,,
2019-04-02,543171.875,546090.625,462904.34375,463301.28125,2372545999850.0,,,,,
2019-04-03,554053.3125,591604.4375,542814.25,543183.25,2551318141000.0,,,,,
2019-04-04,549610.8125,564400.5625,539795.875,553801.1875,2037741606010.0,,,,,
2019-04-05,562726.25,564490.5625,549582.625,549685.6875,1881160317320.0,,,,,
2019-04-06,565311.125,581623.5625,557759.0,562738.75,1891491562120.0,,,,,
2019-04-07,580789.5625,584639.4375,564260.375,565643.6875,1860643158690.0,,,,,
2019-04-08,589611.125,592845.5,573827.6875,580897.0,1912040390970.0,,,,,
2019-04-09,578335.0625,589627.5,575014.875,589627.5,1635807367120.0,,,,,
2019-04-10,591017.25,601710.375,577299.125,578260.75,1720986336710.0,,,,,
2019-04-11,565343.6875,594703.625,557873.5625,591011.125,1848086860600.0,,,,,
2019-04-12,570155.625,571681.5625,553683.625,564976.8125,1531964987160.0,,,,,
2019-04-13,570994.9375,574365.875,567024.5625,570078.4375,1212584843260.0,,,,,
2019-04-14,578965.75,580716.0625,566126.0,570902.1875,1164262398120.0,,,,,
2019-04-15,567250.125,581734.125,562761.0625,578908.6875,1375852133680.0,,,,,
2019-04-16,586320.0625,586733.0625,566387.0,567207.1875,1301151032190.0,,,,,
2019-04-17,588429.5,591460.625,584594.5,586415.75,1393612862620.0,,,,,
2019-04-18,593390.75,595749.8125,588222.375,588368.0,1484655681880.0,,,,,
2019-04-19,593602.6875,597318.5625,585767.1875,593361.5,1542284310290.0,,,,,
2019-04-20,597416.1875,599722.25,592714.625,593641.625,1473946950680.0,,,,,
2019-04-21,594799.3125,599882.8125,588401.4375,597191.5625,1536860090790.0,,,,,
2019-04-22,604364.5,607039.125,590997.0,594545.1875,1634397134440.0,,,,,
2019-04-23,623516.0,630016.8125,603247.0625,604364.5,1775462560490.0,,,,,
2019-04-24,612847.0625,630819.0,607990.5625,623280.9375,1911819314280.0,,,,,
2019-04-25,581177.25,618769.0625,578107.875,613033.0,1709929080140.0,,,,,
2019-04-26,589122.4375,601092.25,577268.8125,581153.75,1876063136140.0,,,,,
2019-04-27,587809.5625,592546.9375,584021.4375,589136.1875,1462890471870.0,,,,,
2019-04-28,589795.0625,594274.3125,586346.125,588195.125,1430647013450.0,,,,,
2019-04-29,586036.125,593341.0625,582473.0625,589782.3125,1534010503140.0,,,,,
2019-04-30,596068.25,597464.1875,581972.125,586010.75,1546109714040.0,,,,,
2019-05-01,602087.375,602206.5625,595904.4375,596091.875,1524473985730.0,,,,,
2019-05-02,613828.125,615249.625,601630.375,602056.8125,1632828102210.0,,,,,
2019-05-03,640885.8125,653896.875,611857.5625,613842.4375,2079972262540.0,,,,,
2019-05-04,647871.875,654063.3125,627239.875,640987.25,1951868281960.0,,,,,
2019-05-05,641495.0625,648171.3125,634191.25,647860.875,1639108024150.0,,,,,
2019-05-06,636792.1875,643516.0625,626061.125,640735.0,1743804533280.0,,,,,
2019-05-07,642767.6875,661396.5625,635687.375,636658.3125,1987613067460.0,,,,,
2019-05-08,658208.5625,659215.375,638606.5625,644981.375,1685620644900.0,,,,,
2019-05-09,677964.8125,678570.0,658244.25,658244.25,1842958262270.0,,,,,
2019-05-10,701323.0625,707100.875,677012.3125,678167.125,2135119803320.0,,,,,
2019-05-11,792129.25,806227.625,700976.6875,701413.0,3173846527640.0,,,,,
2019-05-12,764621.625,825013.8125,749360.5,791990.25,3045748751320.0,,,,,
2019-05-13,853070.8125,878872.625,756883.6875,764490.75,3130435070340.0,,,,,
2019-05-14,876699.625,906872.4375,843701.5,852296.125,3512697177000.0,,,,,
2019-05-15,898301.75,900088.6875,864944.3125,876221.0,3103113482430.0,,,,,
2019-05-16,866346.5,910219.125,849127.625,897072.5,3644212667020.0,,,,,
2019-05-17,808380.625,871095.9375,774468.1875,866600.0,3309591396830.0,,,,,
2019-05-18,800379.5,819759.8125,798210.6875,808135.0625,2350576970390.0,,,,,
2019-05-19,903034.9375,909681.0625,800022.375,800022.375,2853339580230.0,,,,,
2019-05-20,878204.375,903540.625,843875.0625,902950.625,2624538889270.0,,,,,
2019-05-21,880477.25,890847.3125,866230.875,878167.0,2778231540530.0,,,,,
2019-05-22,846535.3125,883808.125,840153.125,879699.375,2724703930710.0,,,,,
2019-05-23,863580.9375,870395.6875,829357.125,846234.625,2679662926640.0,,,,,
2019-05-24,873059.625,890178.6875,857743.5,863546.125,2833090175750.0,,,,,
2019-05-25,880263.8125,887411.0625,870721.0,873553.0,2433003524740.0,,,,,
2019-05-26,948919.25,949767.25,866207.25,880554.8125,2918783351770.0,,,,,
2019-05-27,964404.4375,975647.375,948851.3125,948978.1875,3061052454120.0,,,,,
2019-05-28,953511.625,964481.0,945155.125,964073.6875,2649168563620.0,,,,,
2019-05-29,948594.9375,957395.5,927006.375,953361.75,2571378889410.0,,,,,
2019-05-30,909937.6875,988025.625,901060.25,948843.875,3198822947500.0,,,,,
2019-05-31,928404.1875,929720.5625,884882.9375,910026.75,2746416050910.0,,,,,
2019-06-01,927268.875,933936.875,918342.875,928332.5,2434921066220.0,,,,,
2019-06-02,946154.1875,953827.375,926967.75,927426.625,2193189631700.0,,,,,
2019-06-03,886757.5,946326.5,886352.875,946023.125,2376986004090.0,,,,,
2019-06-04,834424.0,886972.5625,818424.6875,886972.5625,2664188013140.0,,,,,
2019-06-05,847481.625,853771.0625,829951.875,834052.9375,2357034424900.0,,,,,
2019-06-06,848475.75,858740.8125,820889.75,846983.5625,2112462995920.0,,,,,
2019-06-07,870232.5625,879649.625,844275.25,848944.875,2070809413850.0,,,,,
2019-06-08,860515.0625,873796.1875,847909.6875,869456.1875,1787506055570.0,,,,,
2019-06-09,833771.4375,862878.5,823061.8125,860033.3125,1801432107520.0,,,,,
2019-06-10,866962.5,872787.5,822221.4375,834227.75,2025279149970.0,,,,,
2019-06-11,860061.875,869944.75,843411.4375,867386.625,1855934585260.0,,,,,
2019-06-12,883690.375,889430.625,852877.3125,859814.5,2064920132360.0,,,,,
2019-06-13,891627.1875,900641.4375,875513.3125,883719.1875,2022391533360.0,,,,,
2019-06-14,943845.9375,945670.25,886427.875,891612.125,2152970200890.0,,,,,
2019-06-15,959540.5,961793.4375,935656.1875,943402.3125,1994455959380.0,,,,,
2019-06-16,976494.25,1013550.8125,956954.625,959873.3125,2534855217780.0,,,,,
2019-06-17,1011762.125,1022297.0,975890.125,975890.125,1689421694810.0,,,,,
2019-06-18,986195.4375,1014560.375,976564.625,1013402.875,1720969068210.0,,,,,
2019-06-19,1002655.75,1005156.5,984572.0,985793.1875,1680925409960.0,,,,,
2019-06-20,1022190.125,1029529.25,995119.3125,1002605.9375,1914825238250.0,,,,,
2019-06-21,1088664.5,1088664.5,1022184.6875,1021945.9375,2213268302950.0,,,,,
2019-06-22,1148453.375,1197352.0,1084637.875,1092030.625,3218939504260.0,,,,,
2019-06-23,1165108.75,1206771.375,1132828.875,1147916.875,2253753883250.0,,,,,
2019-06-24,1181747.25,1187558.75,1138865.0,1164934.125,2068296364670.0,,,,,
2019-06-25,1263679.75,1263679.75,1181317.0,1181317.0,2666455310140.0,,,,,
2019-06-26,1402276.375,1487399.5,1260300.0,1262357.625,4859371441370.0,,,,,
2019-06-27,1204852.375,1434389.0,1131552.875,1402372.625,4307233246640.0,,,,,
2019-06-28,1338689.125,1342772.125,1174871.25,1202628.75,3785793624150.0,,,,,
2019-06-29,1290356.375,1337996.25,1241696.5,1337980.375,3228645785880.0,,,,,
2019-06-30,1172385.0,1319917.5,1170418.125,1287402.125,2954111110280.0,,,,,
2019-07-01,1146814.875,1213080.75,1094052.0,1170192.875,3183537385670.0,,,,,
2019-07-02,1164542.75,1180458.75,1053347.0,1147416.25,3343863295480.0,,,,,
2019-07-03,1289221.5,1289941.625,1166424.375,1166424.375,3319338544470.0,,,,,
2019-07-04,1209220.0,1294055.875,1204040.875,1290455.5,2794660280160.0,,,,,
2019-07-05,1190778.625,1237739.75,1173814.75,1207848.5,2585640755980.0,,,,,
2019-07-06,1215737.25,1260469.875,1191221.625,1191221.625,2287749874630.0,,,,,
2019-07-07,1242136.375,1250892.25,1209257.0,1216720.5,2101066762460.0,,,,,
2019-07-08,1335760.125,1342735.625,1234941.125,1241675.375,2553081700930.0,,,,,
2019-07-09,1369406.0,1390514.875,1330689.0,1335616.5,3067750582170.0,,,,,
2019-07-10,1316961.375,1426164.5,1269620.5,1369440.625,3643003409740.0,,,,,
2019-07-11,1233482.5,1315715.0,1210628.5,1315141.5,3105281015180.0,,,,,
2019-07-12,1275122.25,1284780.625,1211715.0,1233008.875,2539746373150.0,,,,,
2019-07-13,1229408.625,1277924.75,1177188.5,1274813.625,2270813947030.0,,,,,
2019-07-14,1105915.75,1235756.625,1103584.125,1228182.875,2424676291480.0,,,,,
2019-07-15,1175503.875,1193289.875,1079063.375,1106107.75,2738761005260.0,,,,,
2019-07-16,1025607.875,1190561.5,1022757.5625,1175672.625,2613483411060.0,,,,,
2019-07-17,1046482.375,1076892.75,992013.1875,1024810.75,2652415168390.0,,,,,
2019-07-18,1145622.875,1156132.5,1011544.0,1046895.1875,2705187195310.0,,,,,
2019-07-19,1134317.875,1152306.875,1102032.75,1144277.5,2232654724940.0,,,,,
2019-07-20,1159567.125,1189885.75,1125759.25,1133788.625,2176151419080.0,,,,,
2019-07-21,1142769.0,1167617.125,1118908.0,1160686.0,1846976359500.0,,,,,
2019-07-22,1116020.25,1147734.0,1095335.25,1142536.5,1762482007990.0,,,,,
2019-07-23,1071639.375,1118269.625,1068787.25,1116413.25,1932255791660.0,,,,,
2019-07-24,1061606.25,1071230.125,1039467.5625,1070228.25,1882464759300.0,,,,,
2019-07-25,1077070.375,1103938.375,1060098.25,1061300.125,1719292423910.0,,,,,
2019-07-26,1072655.25,1078080.375,1055499.25,1077210.0,1575321771460.0,,,,,
2019-07-27,1029986.625,1104933.5,1022797.125,1072748.875,1827675451370.0,,,,,
2019-07-28,1037755.875,1040665.5,1005197.3125,1031502.5625,1492474794950.0,,,,,
2019-07-29,1036368.4375,1051134.125,1029139.5,1037247.3125,1501502235230.0,,,,,
2019-07-30,1042993.9375,1054241.625,1025083.4375,1036715.0,1501381583760.0,,,,,
2019-07-31,1097669.25,1097669.25,1044608.9375,1042627.8125,1810091549700.0,,,,,
2019-08-01,1117134.75,1139623.25,1083260.375,1096778.5,1843904323060.0,,,,,
2019-08-02,1121083.625,1136825.25,1112216.375,1117389.75,1864081700080.0,,,,,
2019-08-03,1153437.75,1166766.875,1119520.0,1121201.25,1636371737430.0,,,,,
2019-08-04,1169257.125,1173735.625,1131966.375,1153427.875,1761945420850.0,,,,,
2019-08-05,1246641.625,1261819.5,1168250.0,1168250.0,2521232792730.0,,,,,
2019-08-06,1220457.25,1305750.5,1201471.625,1247251.875,2513086948730.0,,,,,
2019-08-07,1267570.375,1273277.75,1213538.25,1220362.875,2355868749360.0,,,,,
2019-08-08,1267048.375,1271016.5,1225245.625,1268553.75,2062784431110.0,,,,,
2019-08-09,1253619.25,1267788.375,1238607.625,1265621.375,1938083790030.0,,,,,
2019-08-10,1199839.875,1259190.375,1196656.25,1253473.5,1915402225300.0,,,,,
2019-08-11,1214463.125,1214463.125,1188666.875,1199387.125,1662451549660.0,,,,,
2019-08-12,1199283.75,1216567.125,1190487.0,1216567.125,1437882452610.0,,,,,
2019-08-13,1161511.875,1203934.0,1154724.0,1199745.5,1778273299300.0,,,,,
2019-08-14,1064658.875,1160879.5,1062007.125,1160770.375,2117394608760.0,,,,,
2019-08-15,1093918.375,1105353.125,1026849.25,1063408.75,2429292696940.0,,,,,
2019-08-16,1103571.0,1117158.25,1048080.875,1094745.25,2151776690370.0,,,,,
2019-08-17,1088402.375,1111898.5,1072973.125,1101909.75,1465639336440.0,,,,,
2019-08-18,1101071.0,1115562.75,1076419.25,1088536.625,1383527940690.0,,,,,
2019-08-19,1163323.125,1163323.125,1097331.0,1101580.625,1709196814040.0,,,,,
2019-08-20,1144009.125,1166192.0,1128822.125,1163387.875,1599971295790.0,,,,,
2019-08-21,1080746.5,1149464.875,1060344.625,1144026.5,2075889255500.0,,,,,
2019-08-22,1078678.875,1090587.875,1046460.875,1081222.0,1820414511700.0,,,,,
2019-08-23,1097047.625,1100681.875,1073274.625,1079223.0,1647160549310.0,,,,,
2019-08-24,1070906.875,1098107.5,1052180.25,1097013.75,1628610078120.0,,,,,
2019-08-25,1063222.25,1086154.875,1050163.0,1070988.625,1484309281110.0,,,,,
2019-08-26,1099172.125,1105819.625,1061907.875,1061907.875,1954257629930.0,,,,,
2019-08-27,1077146.875,1100202.75,1067710.5,1099300.375,1561189738010.0,,,,,
2019-08-28,1034745.3125,1089518.625,1029887.8125,1078971.625,1867403035960.0,,,,,
2019-08-29,1012294.25,1034977.875,999661.625,1034977.875,1814414354060.0,,,,,
2019-08-30,1020241.125,1025813.5,1003060.125,1012815.5625,1445113232980.0,,,,,
2019-08-31,1023694.6875,1028218.25,1013185.9375,1020173.75,1217592564130.0,,,,,
2019-09-01,1035676.8125,1039668.5,1018622.375,1023687.1875,1214770012170.0,,,,,
2019-09-02,1098757.875,1103672.125,1032933.3125,1035628.9375,1831634832240.0,,,,,
2019-09-03,1124501.75,1136623.375,1093162.25,1098710.875,2051893569110.0,,,,,
2019-09-04,1126491.25,1144499.625,1109324.5,1124343.375,1780214059510.0,,,,,
2019-09-05,1132386.5,1132596.0,1124457.5,1125938.125,1558089443090.0,,,,,
2019-09-06,1106923.375,1166117.375,1100523.875,1132697.5,2088752892910.0,,,,,
2019-09-07,1124662.625,1129091.75,1106454.75,1106990.625,1636893234160.0,,,,,
2019-09-08,1116699.625,1133044.5,1112050.0,1124754.5,1462074028630.0,,,,,
2019-09-09,1109493.25,1118172.875,1084853.125,1116925.875,1888981966200.0,,,,,
2019-09-10,1088559.875,1116750.125,1077220.25,1109431.0,1604091971650.0,,,,,
2019-09-11,1099343.5,1100822.125,1075533.5,1089248.625,1666351188910.0,,,,,
2019-09-12,1126149.625,1129648.25,1090682.75,1099367.5,1657676832860.0,,,,,
2019-09-13,1119823.125,1129149.625,1105428.625,1126656.25,1525069278170.0,,,,,
2019-09-14,1119553.125,1126479.625,1112381.125,1118186.25,1455770205860.0,,,,,
2019-09-15,1115152.375,1122686.0,1114693.875,1119382.0,1297896748690.0,,,,,
2019-09-16,1111580.375,1118691.5,1101489.0,1115042.5,1639786282640.0,,,,,
2019-09-17,1107012.375,1113511.75,1103489.5,1112087.375,1654324317470.0,,,,,
2019-09-18,1105793.25,1112266.625,1102299.125,1107717.625,1753229386055.0,,,,,
2019-09-19,1109124.5,1112768.625,1063750.125,1106037.0,2153953520605.0,,,,,
2019-09-20,1095035.875,1111224.75,1090539.25,1109114.0,1584662593131.0,,,,,
2019-09-21,1077620.875,1095730.25,1075576.5,1095251.75,1443887898258.0,,,,,
2019-09-22,1084294.25,1083506.875,1067168.75,1078093.875,1421226297852.0,,,,,
2019-09-23,1046948.1875,1084965.25,1047681.4375,1084032.625,1629707560854.0,,,,,
2019-09-24,924008.3125,1054322.0,896227.25,1046947.9375,2679971914083.0,,,,,
2019-09-25,913966.6875,936536.125,893524.6875,922171.4375,2341696008979.0,,,,,
2019-09-26,874952.6875,916426.25,850923.875,914039.5625,2075389380315.0,,,,,
2019-09-27,890868.3125,892992.4375,859492.875,874320.5,1771507435235.0,,,,,
2019-09-28,890270.25,894514.25,877220.6875,890806.5625,1526749555163.0,,,,,
2019-09-29,874868.6875,891975.25,862741.625,890283.4375,1407123344890.0,,,,,
2019-09-30,896304.5,898693.5625,844253.6875,874873.0625,1849640892905.0,,,,,
2019-10-01,898880.8125,914840.25,890325.3125,896937.0625,1648953974534.0,,,,,
2019-10-02,899479.25,899479.25,887221.25,898981.625,1406677914766.0,,,,,
2019-10-03,882531.625,901459.25,869618.5625,899236.3125,1460433476953.0,,,,,
2019-10-04,877626.6875,882538.4375,870436.625,882478.4375,1405267196092.0,,,,,
2019-10-05,871917.125,878652.0,863319.375,878076.9375,1305013982203.0,,,,,
2019-10-06,852959.3125,872977.0625,849937.625,871743.4375,1405287138328.0,,,,,
2019-10-07,884413.8125,891164.375,844957.25,853062.3125,1931699392846.0,,,,,
2019-10-08,880319.0,894575.3125,876373.25,884545.375,1668067602610.0,,,,,
2019-10-09,921188.25,927222.9375,875136.125,880432.125,2077445499967.0,,,,,
2019-10-10,926369.9375,926330.9375,912375.375,920067.25,1900826642666.0,,,,,
2019-10-11,901978.5625,941811.875,901374.25,926239.3125,2124879658800.0,,,,,
2019-10-12,903582.5625,912111.25,901066.4375,901318.25,1575163958232.0,,,,,
2019-10-13,902512.9375,918492.25,896882.6875,903620.1875,1497674322529.0,,,,,
2019-10-14,907726.75,909082.5625,897982.4375,902494.125,1642248923760.0,,,,,
2019-10-15,892852.25,911228.0625,890794.0,907593.625,1656181296466.0,,,,,
2019-10-16,874585.125,893433.875,868038.9375,892776.625,1746626416356.0,,,,,
2019-10-17,879971.3125,883052.25,869947.625,874616.1875,1554197090976.0,,,,,
2019-10-18,864016.625,884115.6875,858964.25,879648.0,1696084833207.0,,,,,
2019-10-19,865680.375,875874.125,860935.75,864081.25,1495201375505.0,,,,,
2019-10-20,891407.8125,898130.0625,861441.0,866682.375,1680914370753.0,,,,,
2019-10-21,895313.4375,900815.0625,889647.25,891737.0625,1723433404934.0,,,,,
2019-10-22,876323.5,900886.625,875837.0,895278.8125,1822830429877.0,,,,,
2019-10-23,816375.1875,876533.6875,811581.125,876109.25,2383819512750.0,,,,,
2019-10-24,813859.875,818148.5,808864.5625,815838.125,1766927295466.0,,,,,
2019-10-25,941115.0625,944424.6875,812805.0,813557.375,3119235992663.0,,,,,
2019-10-26,1004604.9375,1089012.75,941323.875,941862.3125,4835185695373.0,,,,,
2019-10-27,1038568.625,1059432.625,990214.375,1004250.125,3543887250354.0,,,,,
2019-10-28,1008633.25,1066385.0,1008633.25,1040024.1875,3372400435253.0,,,,,
2019-10-29,1026467.75,1037159.0625,1004784.5,1007793.3125,3095050946026.0,,,,,
2019-10-30,1001506.0,1026379.1875,989049.3125,1025898.9375,3014238697879.0,,,,,
2019-10-31,993530.3125,1018993.3125,977794.3125,1001150.375,2870962850371.0,,,,,
2019-11-01,1002098.0,1003672.75,986526.1875,992926.3125,2632053799946.0,,,,,
2019-11-02,1008981.0625,1014690.9375,1000851.875,1001955.0625,2298563798274.0,,,,,
2019-11-03,999431.625,1014754.4375,988946.4375,1008988.5625,2286886675674.0,,,,,
2019-11-04,1023240.3125,1032390.25,994737.8125,999458.9375,2844955404890.0,,,,,
2019-11-05,1019749.25,1028415.0,1006954.5,1023283.0625,2859612932384.0,,,,,
2019-11-06,1019591.75,1027128.125,1013468.875,1019567.75,2519755493629.0,,,,,
2019-11-07,1012671.4375,1019955.375,1005699.875,1018667.375,2480483238152.0,,,,,
2019-11-08,961959.3125,1013373.5,958253.75,1012431.8125,2658456440052.0,,,,,
2019-11-09,962910.0,971457.5,960679.125,962460.625,1920517448593.0,,,,,
2019-11-10,989098.875,994297.125,962099.3125,962790.5625,2248736136925.0,,,,,
2019-11-11,954975.5625,990967.375,948278.625,989250.875,2209812090382.0,,,,,
2019-11-12,960852.375,966911.1875,948236.625,955189.625,2213638460839.0,,,,,
2019-11-13,958330.1875,962766.3125,955528.125,960456.8125,1908960642266.0,,,,,
2019-11-14,944664.5625,959727.125,941733.6875,958729.875,2070335347368.0,,,,,
2019-11-15,923674.125,948626.875,922994.0625,944405.625,2370844470486.0,,,,,
2019-11-16,930057.6875,934551.6875,921714.3125,923584.3125,1794187054071.0,,,,,
2019-11-17,932387.375,949766.75,924641.75,929917.375,2029197039188.0,,,,,
2019-11-18,903088.5,943260.875,898475.5625,931953.0625,2345348585536.0,,,,,
2019-11-19,890091.9375,913638.0625,880942.9375,902637.3125,2286865797968.0,,,,,
2019-11-20,870693.75,893757.0,868724.875,889817.1875,2252241492178.0,,,,,
2019-11-21,829885.4375,880110.1875,825288.375,870300.6875,2444701611818.0,,,,,
2019-11-22,792671.1875,836486.125,753125.1875,829974.4375,3719948949357.0,,,,,
2019-11-23,803667.1875,808497.375,776901.5625,792626.25,2282325962002.0,,,,,
2019-11-24,766339.8125,804838.375,764314.3125,803758.125,3309121748376.0,,,,,
2019-11-25,778880.6875,797256.8125,720086.75,765476.4375,4652404216480.0,,,,,
2019-11-26,787517.125,797594.0,773517.75,778774.4375,2305207925181.0,,,,,
2019-11-27,823659.0,834998.3125,761269.5,787790.875,2623688904180.0,,,,,
2019-11-28,817329.5,846033.25,816350.375,824222.875,2086292586132.0,,,,,
2019-11-29,849735.875,852177.3125,817393.875,817726.125,2157906152128.0,,,,,
2019-11-30,828738.25,857931.6875,822850.25,850043.9375,1878513481606.0,,,,,
2019-12-01,813239.1875,828955.6875,798270.6875,828955.6875,2050621477127.0,,,,,
2019-12-02,798290.75,819957.75,793069.9375,813211.125,1862395111009.0,,,,,
2019-12-03,795328.6875,805125.5,787006.8125,798507.375,1607736521328.0,,,,,
2019-12-04,789241.125,819275.8125,777903.5,795326.5,2357725838427.0,,,,,
2019-12-05,809927.125,843097.6875,787275.5,789372.5,2046056404030.0,,,,,
2019-12-06,819460.4375,819460.4375,802631.25,810172.1875,1965801056055.0,,,,,
2019-12-07,820463.875,824124.5625,817149.25,819489.625,1677958716366.0,,,,,
2019-12-08,821722.375,828973.25,811761.4375,819931.9375,1673993725312.0,,,,,
2019-12-09,803630.375,826584.125,799853.9375,821445.375,1940642365874.0,,,,,
2019-12-10,791675.6875,806534.6875,788121.75,803221.5,1985033805967.0,,,,,
2019-12-11,783508.9375,796348.1875,781106.875,791575.375,1774975344413.0,,,,,
2019-12-12,792447.5625,794515.625,778585.25,783434.1875,2070749816643.0,,,,,
2019-12-13,794805.5,796675.9375,790202.75,792614.75,1872382508274.0,,,,,
2019-12-14,778951.3125,799086.0625,775948.5,794720.0625,1873617165920.0,,,,,
2019-12-15,782378.25,785117.75,757052.375,778903.8125,1846598290400.0,,,,,
2019-12-16,759723.5625,784744.5625,756374.375,782527.125,2215151602153.0,,,,,
2019-12-17,727259.25,763270.0,721452.375,759595.875,2449250292177.0,,,,,
2019-12-18,797246.5,802616.875,716652.0625,728045.9375,3488009435580.0,,,,,
2019-12-19,787872.3125,804920.6875,771515.6875,797332.875,2833536297133.0,,,,,
2019-12-20,789969.5625,794248.9375,775813.6875,788505.9375,2476863732948.0,,,,,
2019-12-21,786942.875,790452.125,778360.9375,790164.0,2113411268730.0,,,,,
2019-12-22,822560.3125,823266.0,784318.75,786946.1875,2533359146158.0,,,,,
2019-12-23,804597.3125,837617.5625,801393.4375,822266.125,3044387373935.0,,,,,
2019-12-24,801052.125,824341.5,795209.875,804462.1875,2515179996032.0,,,,,
2019-12-25,795727.4375,804710.8125,792756.3125,801404.75,2358092435156.0,,,,,
2019-12-26,793025.3125,810134.75,789104.75,795688.4375,2496305775425.0,,,,,
2019-12-27,797892.5625,806048.75,786972.75,792934.8125,2492958273891.0,,,,,
2019-12-28,800946.3125,809817.25,797544.125,797776.8125,2338450506100.0,,,,,
2019-12-29,812272.0,822401.5625,796773.625,800908.875,2456218218188.0,,,,,
2019-12-30,794029.5625,813397.6875,792530.625,812011.5625,2490435973416.0,,,,,
2019-12-31,781836.0,796881.9375,779057.1875,794186.8125,2300637399993.0,,,,,
2020-01-01,782687.75,806101.1875,779471.375,781976.5625,2018162047811.0,,,,,
2020-01-02,758402.0,783654.75,752861.6875,782946.125,2258450998706.0,,,,,
2020-01-03,793945.0,800271.625,748250.9375,758288.9375,3038709516359.0,,,,,
2020-01-04,801054.625,802863.0,790121.625,793998.0625,1993732830414.0,,,,,
2020-01-05,800266.625,815522.125,797711.875,801032.5,2129893775655.0,,,,,
2020-01-06,842322.6875,843592.0,799982.625,800173.1875,2523564275193.0,,,,,
2020-01-07,882145.125,881914.5,842215.25,842264.4375,3108510794830.0,,,,,
2020-01-08,880999.9375,912748.9375,868736.5,881955.3125,3453465008246.0,,,,,
2020-01-09,862813.5,881265.25,858782.4375,881265.25,2633204277922.0,,,,,
2020-01-10,894013.0,894013.0,847204.1875,862729.8125,3143457009060.0,,,,,
2020-01-11,880001.8125,899684.25,879137.4375,893535.375,2794223041120.0,,,,,
2020-01-12,897627.0,897537.9375,876883.8125,879533.75,2509461033133.0,,,,,
2020-01-13,895726.125,898004.1875,887227.3125,897328.75,2472746716087.0,,,,,
2020-01-14,969790.9375,975341.8125,895367.4375,895367.4375,4926179800096.0,,,,,
2020-01-15,967712.0625,976303.8125,951520.125,969525.0,4406489445630.0,,,,,
2020-01-16,961298.75,972437.75,946695.375,968313.25,3450576688972.0,,,,,
2020-01-17,983390.625,987007.125,956455.75,961455.6875,4005809191918.0,,,,,
2020-01-18,984907.3125,992549.4375,972189.4375,983189.625,3561488250480.0,,,,,
2020-01-19,959352.0625,1009307.875,949363.875,984757.1875,3770449314394.0,,,,,
2020-01-20,953901.75,963528.0,943231.5625,959174.25,2911225482109.0,,,,,
2020-01-21,961286.0625,961352.875,938167.0,954050.3125,2648615544593.0,,,,,
2020-01-22,952480.9375,967441.8125,949302.9375,961101.0,2479733938787.0,,,,,
2020-01-23,920992.6875,952906.125,911500.0,952456.1875,2823358474071.0,,,,,
2020-01-24,922874.75,930161.375,905756.625,920888.8125,2666081697754.0,,,,,
2020-01-25,914396.5,924297.375,906569.25,922294.0,2146961955168.0,,,,,
2020-01-26,935380.5,937613.0,909768.6875,914020.8125,2413048677736.0,,,,,
2020-01-27,970631.25,977710.375,935432.625,935432.625,3120826720882.0,,,,,
2020-01-28,1021403.5625,1019892.125,970491.1875,970925.9375,3754304763168.0,,,,,
2020-01-29,1015209.625,1026037.125,1011266.5,1021281.3125,3343405356914.0,,,,,
2020-01-30,1035378.8125,1040261.25,1005826.25,1015142.875,3525537697970.0,,,,,
2020-01-31,1013550.4375,1037880.25,1004918.4375,1035304.6875,3190334017609.0,,,,,
2020-02-01,1018140.5,1023175.25,1009508.3125,1013098.1875,2809885729538.0,,,,,
2020-02-02,1012761.0,1026370.0625,999165.8125,1017809.375,3342038841693.0,,,,,
2020-02-03,1009508.75,1035776.4375,1004535.6875,1012795.5,3360216233262.0,,,,,
2020-02-04,1004819.6875,1013686.875,994006.3125,1009434.9375,3271689384991.0,,,,,
2020-02-05,1055703.0,1065581.125,1002930.0625,1005088.125,3867928225959.0,,,,,
2020-02-06,1069996.125,1079878.0,1047975.4375,1056185.875,4138079372819.0,,,,,
2020-02-07,1075104.75,1080183.875,1069578.25,1069578.25,3788867986238.0,,,,,
2020-02-08,1082696.75,1083973.125,1062260.25,1074789.375,3860131464857.0,,,,,
2020-02-09,1109126.375,1111705.375,1081080.5,1082562.375,3925743723247.0,,,,,
2020-02-10,1081984.25,1116470.375,1074105.375,1109004.25,4323557123769.0,,,,,
2020-02-11,1121379.875,1121982.625,1069156.625,1081905.25,4135658147877.0,,,,,
2020-02-12,1134205.25,1142187.625,1120737.375,1120737.375,4771886129271.0,,,,,
2020-02-13,1121123.125,1148032.875,1110048.125,1133975.25,5417287844643.0,,,,,
2020-02-14,1132182.75,1133125.5,1111788.625,1120812.625,4758173029694.0,,,,,
2020-02-15,1085774.75,1135414.875,1084128.25,1132373.875,4816010167478.0,,,,,
2020-02-16,1090625.25,1103840.375,1067435.5,1085747.875,4761784589607.0,,,,,
2020-02-17,1064266.25,1090792.5,1044657.8125,1090858.75,5051983257681.0,,,,,
2020-02-18,1114868.125,1116410.5,1058232.875,1064385.875,5196309852002.0,,,,,
2020-02-19,1071377.125,1134697.0,1070156.875,1115066.125,5226217472039.0,,,,,
2020-02-20,1076090.0,1072085.875,1065136.875,1070925.375,5031352079417.0,,,,,
2020-02-21,1080861.875,1086410.75,1075683.625,1076460.25,4567236764231.0,,,,,
2020-02-22,1078266.5,1082177.5,1071297.75,1081003.125,3998987455307.0,,,,,
2020-02-23,1107228.5,1107033.0,1077665.0,1078281.75,4594825249481.0,,,,,
2020-02-24,1069670.25,1111097.5,1053118.75,1106901.5,4996931684826.0,,,,,
2020-02-25,1030202.0,1069811.625,1024887.625,1069796.375,4688577084401.0,,,,,
2020-02-26,973423.125,1032129.8125,961099.25,1029825.375,5564301340030.0,,,,,
2020-02-27,963379.375,983923.3125,946488.5,973927.625,4986633354219.0,,,,,
2020-02-28,937362.625,972518.0625,923560.5,963843.8125,4821181564349.0,,,,,
2020-02-29,929478.1875,948514.5,929478.1875,937228.3125,3868621914235.0,,,,,
2020-03-01,920019.9375,943236.125,915611.3125,929505.1875,3798202711430.0,,,,,
2020-03-02,962501.125,966409.625,916815.5,920107.0,4650743396154.0,,,,,
2020-03-03,940574.375,961015.5,932111.3125,962036.4375,4536734967706.0,,,,,
2020-03-04,942593.0625,950082.6875,935237.6875,940655.25,3740843437610.0,,,,,
2020-03-05,964700.25,972796.875,942809.25,943135.5625,4218275583468.0,,,,,
2020-03-06,961059.75,965142.9375,958425.5625,964652.0,4301110635523.0,,,,,
2020-03-07,938351.75,965024.625,936328.75,960960.25,3814186021881.0,,,,,
2020-03-08,842860.0,938814.125,842318.125,938167.6875,4155308894826.0,,,,,
2020-03-09,817807.3125,851349.1875,787353.875,843174.9375,4844414274359.0,,,,,
2020-03-10,830505.75,849217.3125,811101.5625,817652.6875,4432379376447.0,,,,,
2020-03-11,826962.0,834002.375,800576.0,830543.625,4043412468156.0,,,,,
2020-03-12,520073.65625,829526.4375,508077.90625,827190.5625,5647748856911.0,,,,,
2020-03-13,600518.375,625099.625,431450.09375,524995.5625,8004107165715.0,,,,,
2020-03-14,561301.25,607158.5,553174.0625,601529.8125,3902334642016.0,,,,,
2020-03-15,575551.75,623698.625,557946.3125,561376.875,3628783874406.0,,,,,
2020-03-16,532449.0,574795.5,484901.78125,574795.5,4817281392758.0,,,,,
2020-03-17,561201.25,573270.625,529251.375,531185.25,4147840115388.0,,,,,
2020-03-18,567658.1875,575710.0625,546106.3125,561360.625,4104698393334.0,,,,,
2020-03-19,689232.5,701690.8125,571721.5,568414.3125,5677639467275.0,,,,,
2020-03-20,688058.1875,752832.5,652418.6875,689283.8125,6043116032344.0,,,,,
2020-03-21,686536.1875,707966.625,658537.5,688917.6875,4716834993108.0,,,,,
2020-03-22,643897.3125,705920.0625,643957.1875,686590.75,4428634410484.0,,,,,
2020-03-23,711215.9375,715270.3125,639207.125,644021.0,5153392852830.0,,,,,
2020-03-24,748531.9375,749448.125,706906.625,713469.125,5359568002610.0,,,,,
2020-03-25,740714.25,767745.375,726741.5,748966.8125,4943603504680.0,,,,,
2020-03-26,732949.5625,746113.6875,727736.1875,740060.9375,3854367638972.0,,,,,
2020-03-27,698188.4375,737100.1875,697854.3125,733271.3125,3732305814048.0,,,,,
2020-03-28,673626.5,697940.5625,660206.625,697913.875,3764640127800.0,,,,,
2020-03-29,636065.9375,674519.375,638284.25,673996.75,3047518834931.0,,,,,
2020-03-30,694690.8125,702674.25,634631.625,636441.375,4008524267003.0,,,,,
2020-03-31,692257.3125,705873.25,691370.3125,694773.4375,3525069980800.0,,,,,
2020-04-01,708665.9375,709287.8125,664140.875,692114.8125,4327698893754.0,,,,,
2020-04-02,733674.0625,765077.0625,707633.1875,708665.9375,5147087647883.0,,,,,
2020-04-03,730094.4375,759639.375,723714.9375,734081.4375,4226183450124.0,,,,,
2020-04-04,744639.125,745878.0625,726093.125,730636.125,3598323556153.0,,,,,
2020-04-05,738138.0625,746361.6875,728201.5,744098.125,3207530712875.0,,,,,
2020-04-06,793561.1875,793561.1875,738396.9375,737803.3125,5117805552444.0,,,,,
2020-04-07,779782.0,809841.75,776749.25,793764.5,4807452583206.0,,,,,
2020-04-08,798786.0,800519.0,777852.25,780093.75,4091163761373.0,,,,,
2020-04-09,792708.75,799967.75,781679.5625,799207.25,3779502496620.0,,,,,
2020-04-10,743841.875,792896.0625,737344.9375,792896.0625,4726316847712.0,,,,,
2020-04-11,743147.375,750405.0625,735654.0,744052.875,3382757002384.0,,,,,
2020-04-12,755314.3125,771948.25,737946.25,743037.375,3874531273174.0,,,,,
2020-04-13,736676.6875,754721.0625,718965.6875,754721.0625,4156287455385.0,,,,,
2020-04-14,732889.0,744979.6875,731188.375,736487.6875,3653551536078.0,,,,,
2020-04-15,714829.625,742042.4375,712911.6875,733224.6875,3474895993839.0,,,,,
2020-04-16,768282.125,770442.1875,705881.375,714651.375,5050402862677.0,,,,,
2020-04-17,763372.0625,771009.6875,758456.5,768254.9375,3497631540266.0,,,,,
2020-04-18,780670.75,781992.875,762625.75,762953.25,3490181818732.0,,,,,
2020-04-19,774142.875,783129.3125,770924.25,781021.125,3371528493565.0,,,,,
2020-04-20,740999.4375,780785.6875,736792.0625,773868.1875,4064335562036.0,,,,,
2020-04-21,741204.25,744438.0,734104.5625,740765.3125,3510831294514.0,,,,,
2020-04-22,767352.375,769931.5625,740222.5,741109.125,3584807397768.0,,,,,
2020-04-23,799782.6875,805791.125,761390.25,767794.3125,4682700064363.0,,,,,
2020-04-24,811457.5625,814339.5,800262.4375,800262.4375,3722214297303.0,,,,,
2020-04-25,813881.5,821244.125,808692.4375,811412.6875,3541709046306.0,,,,,
2020-04-26,825718.1875,827544.375,812964.5625,813903.3125,3555612067920.0,,,,,
2020-04-27,836347.125,836347.125,825670.0,825670.0,3879637615718.0,,,,,
2020-04-28,833500.25,834060.125,826788.0,836494.0625,3543225919718.0,,,,,
2020-04-29,938362.25,946215.4375,829556.8125,833463.3125,6418606085309.0,,,,,
2020-04-30,929085.75,1004825.125,913169.875,938003.1875,7185481727923.0,,,,,
2020-05-01,947909.5,966115.6875,930073.875,930612.4375,4712232942373.0,,,,,
2020-05-02,961150.3125,963138.3125,942199.125,948368.3125,4291569028435.0,,,,,
2020-05-03,949615.6875,980310.625,944295.5,960617.625,5027114654417.0,,,,,
2020-05-04,950957.9375,956122.875,922735.3125,949431.75,4878081265610.0,,,,,
2020-05-05,958327.3125,965967.3125,945701.0,950976.9375,4592916533949.0,,,,,
2020-05-06,984296.1875,998152.0625,953083.5,958792.5625,5243047532689.0,,,,,
2020-05-07,1058360.625,1062909.625,970869.125,983566.9375,6499437559482.0,,,,,
2020-05-08,1049976.25,1063551.0,1038983.0625,1056727.5,5523763078123.0,,,,,
2020-05-09,1023438.5,1057571.25,1022024.8125,1049788.5,4967487497107.0,,,,,
2020-05-10,936261.6875,1023618.125,895556.4375,1023147.5625,6770913011225.0,,,,,
2020-05-11,925256.5,969354.6875,902115.5625,936165.9375,6144126171961.0,,,,,
2020-05-12,943373.625,960213.6875,921806.125,926180.5,4515466781280.0,,,,,
2020-05-13,991313.9375,997641.9375,943471.125,943471.125,4871896805533.0,,,,,
2020-05-14,1044984.75,1046603.3125,988993.0,991457.3125,6057832927889.0,,,,,
2020-05-15,998616.0625,1047268.0,991812.375,1045045.875,5155567781011.0,,,,,
2020-05-16,1003842.0625,1023881.5,991389.625,999155.875,3871564397130.0,,,,,
2020-05-17,1036925.9375,1051586.625,1000901.5,1003618.9375,4297954640202.0,,,,,
2020-05-18,1044296.25,1061530.25,1026964.875,1037457.3125,4490781814782.0,,,,,
2020-05-19,1048942.25,1059499.75,1024433.1875,1044348.75,4232225319985.0,,,,,
2020-05-20,1024637.875,1056933.875,1015571.3125,1048542.375,3932241388993.0,,,,,
2020-05-21,977479.5625,1028939.0625,954282.5625,1024611.9375,4232715784618.0,,,,,
2020-05-22,988274.5625,993090.0,967907.625,977325.9375,3208383368385.0,,,,,
2020-05-23,991149.1875,1001181.375,981336.125,988542.0,2984210595033.0,,,,,
2020-05-24,947052.25,999664.125,947029.25,991471.625,3503494570489.0,,,,,
2020-05-25,959165.5625,964200.8125,939082.125,946593.25,3369343435388.0,,,,,
2020-05-26,949750.5625,969289.125,942345.5625,959451.0625,3180240928431.0,,,,,
2020-05-27,989745.875,990981.3125,949715.8125,950000.8125,3529544469950.0,,,,,
2020-05-28,1025429.625,1028177.75,986371.1875,990169.1875,3699552414586.0,,,,,
2020-05-29,1017395.9375,1030673.875,1005732.9375,1025710.0,3545764177192.0,,,,,
2020-05-30,1045559.0,1045948.8125,1009592.8125,1017373.25,3527045492081.0,,,,,
2020-05-31,1019113.375,1045551.4375,1015738.25,1045525.75,2991645161923.0,,,,,
2020-06-01,1093377.875,1096779.625,1016505.625,1019387.6875,3785254621993.0,,,,,
2020-06-02,1037104.75,1104437.75,1026150.3125,1092916.0,4259209303857.0,,,,,
2020-06-03,1052556.5,1055405.875,1027482.1875,1037535.3125,2725746372934.0,,,,,
2020-06-04,1069631.625,1078679.0,1037146.9375,1052462.375,2829079883751.0,,,,,
2020-06-05,1059245.75,1078636.875,1059938.875,1069585.75,2576420268929.0,,,,,
2020-06-06,1057946.75,1071070.5,1051080.375,1059177.0,2239846419599.0,,,,,
2020-06-07,1070051.625,1070969.25,1036518.75,1057872.625,2742905578309.0,,,,,
2020-06-08,1059434.625,1069465.375,1050934.5,1070184.375,2329571153483.0,,,,,
2020-06-09,1056010.75,1065631.75,1042958.625,1059745.875,2556866464455.0,,,,,
2020-06-10,1056180.75,1061644.125,1044149.625,1055840.375,2750812670315.0,,,,,
2020-06-11,995878.5,1063474.375,990152.6875,1056179.0,3231408198716.0,,,,,
2020-06-12,1017896.5625,1024843.9375,991924.625,995762.0,2427549343340.0,,,,,
2020-06-13,1017298.9375,1019224.4375,1008788.4375,1017885.0,1885767118888.0,,,,,
2020-06-14,1007331.4375,1018049.8125,1005110.8125,1017543.375,2038074059918.0,,,,,
2020-06-15,1015704.75,1020432.25,963887.6875,1007250.625,2869524070285.0,,,,,
2020-06-16,1024578.3125,1029867.8125,1008662.125,1016087.8125,2316578474037.0,,,,,
2020-06-17,1013290.75,1023620.625,998440.375,1024122.8125,2156681068559.0,,,,,
2020-06-18,1007169.0625,1013560.8125,998217.625,1013431.0,1901591686690.0,,,,,
2020-06-19,992796.0,1008511.75,991329.1875,1007003.625,2098487685386.0,,,,,
2020-06-20,997533.625,1004228.1875,988452.125,993110.4375,1831083026378.0,,,,,
2020-06-21,994043.1875,1004884.0625,993701.375,997382.4375,1637319850334.0,,,,,
2020-06-22,1031496.125,1031992.125,993037.0,993753.1875,2256124137091.0,,,,,
2020-06-23,1024949.5625,1029525.75,1020369.0,1030999.9375,1810109486568.0,,,,,
2020-06-24,996956.8125,1031541.5625,991168.1875,1025214.6875,2029718973881.0,,,,,
2020-06-25,992866.0,1001513.1875,975037.0,997012.0625,1994993505029.0,,,,,
2020-06-26,982081.5,997919.75,975452.75,992456.875,1965838308367.0,,,,,
2020-06-27,969485.0,986893.1875,964428.875,982607.375,1851330123217.0,,,,,
2020-06-28,980205.75,985793.0625,961996.875,969814.0625,1560947186802.0,,,,,
2020-06-29,988825.625,993874.125,971450.125,979824.8125,1770957339032.0,,,,,
2020-06-30,986811.9375,992710.25,978554.4375,988258.3125,1699308798374.0,,,,,
2020-07-01,990802.25,1000382.375,980780.25,987674.9375,1714790827686.0,,,,,
2020-07-02,980748.375,997791.25,972202.1875,991104.375,1756400877738.0,,,,,
2020-07-03,976944.0625,989486.6875,973879.125,980902.3125,1406074124669.0,,,,,
2020-07-04,981801.625,987263.75,973323.875,976614.0,1321311449149.0,,,,,
2020-07-05,976270.0625,984994.0625,964988.8125,981113.875,1388283918666.0,,,,,
2020-07-06,1006560.375,1006560.375,974660.6875,976152.5,1920609191994.0,,,,,
2020-07-07,995313.75,1004661.0625,991022.375,1003735.3125,1488800627870.0,,,,,
2020-07-08,1011547.0,1013891.875,995551.4375,995393.625,2113826787116.0,,,,,
2020-07-09,994978.5625,1011788.875,990315.1875,1011510.625,1930413339390.0,,,,,
2020-07-10,992090.125,993016.4375,974100.8125,994484.0625,1802675006866.0,,,,,
2020-07-11,987839.1875,993664.5,983609.0,991951.5625,1416481618122.0,,,,,
2020-07-12,991797.0,996292.5,983409.5,987914.9375,1545174273267.0,,,,,
2020-07-13,991627.1875,998065.375,989029.75,991872.3125,1879473866004.0,,,,,
2020-07-14,991321.9375,995947.375,984985.9375,991100.375,1939595497445.0,,,,,
2020-07-15,982741.875,994612.5625,980993.3125,991180.75,1693849339584.0,,,,,
2020-07-16,979751.0625,984871.8125,973849.8125,982650.25,1685873005669.0,,,,,
2020-07-17,979244.5,984323.875,974379.1875,979706.4375,1492138454058.0,,,,,
2020-07-18,980062.8125,987761.1875,973833.5,979222.25,1311089322949.0,,,,,
2020-07-19,983726.25,985074.125,973492.0,979952.1875,1385661918806.0,,,,,
2020-07-20,982283.3125,989198.0,978979.0625,983876.5625,1474417173599.0,,,,,
2020-07-21,1001404.375,1007677.8125,980309.9375,982099.25,1930152087933.0,,,,,
2020-07-22,1020895.125,1021376.1875,996093.875,1001425.0,1771869215623.0,,,,,
2020-07-23,1023694.4375,1026436.1875,1016042.25,1021085.75,1938861074537.0,,,,,
2020-07-24,1012269.3125,1021444.75,1007520.625,1024169.125,1756951643478.0,,,,,
2020-07-25,1027152.6875,1030065.625,1011560.25,1012544.5,1763033883594.0,,,,,
2020-07-26,1049828.875,1063951.625,1024577.0,1027484.0,2173601797661.0,,,,,
2020-07-27,1157242.75,1195730.375,1048180.5,1049834.25,3723072234031.0,,,,,
2020-07-28,1147090.5,1179177.0,1118307.125,1160042.5,3023767256717.0,,,,,
2020-07-29,1165732.875,1186243.875,1142234.375,1147104.125,2585218568547.0,,,,,
2020-07-30,1163136.75,1169835.625,1144320.0,1165666.125,2392727186496.0,,,,,
2020-07-31,1198464.375,1209967.375,1146250.0,1163031.75,2451280959605.0,,,,,
2020-08-01,1244623.5,1248347.25,1189596.75,1198369.5,2759822869178.0,,,,,
2020-08-02,1170240.625,1273681.75,1166147.875,1244535.875,2901890123831.0,,,,,
2020-08-03,1192546.0,1215515.25,1165653.125,1169198.25,2149582085953.0,,,,,
2020-08-04,1183560.75,1207895.0,1177140.125,1192530.5,2244435186499.0,,,,,
2020-08-05,1240124.375,1244230.625,1178476.75,1183342.25,2577077826076.0,,,,,
2020-08-06,1243732.25,1256681.375,1224052.875,1240425.125,2470697331410.0,,,,,
2020-08-07,1228932.5,1256246.5,1208267.125,1243639.375,2450382898320.0,,,,,
2020-08-08,1245211.875,1249969.125,1224373.125,1229258.75,1861566235237.0,,,,,
2020-08-09,1236011.25,1250721.75,1223466.625,1243440.5,1851476225506.0,,,,,
2020-08-10,1258972.875,1274345.75,1234584.0,1234584.0,2767860905345.0,,,,,
2020-08-11,1215483.375,1265231.375,1192477.375,1259347.75,2880358766151.0,,,,,
2020-08-12,1237560.625,1255312.25,1200690.125,1214851.875,2677520392069.0,,,,,
2020-08-13,1260781.875,1262093.5,1197833.0,1237931.375,2944593243659.0,,,,,
2020-08-14,1254414.875,1294973.875,1244387.625,1259553.875,2583464298464.0,,,,,
2020-08-15,1264735.625,1275128.375,1254396.5,1254396.5,2489343859545.0,,,,,
2020-08-16,1267279.375,1272111.75,1251038.0,1264840.75,2193333617169.0,,,,,
2020-08-17,1298929.875,1309985.875,1257891.25,1267583.5,2992050141776.0,,,,,
2020-08-18,1261868.375,1302709.25,1259947.25,1298664.25,2740596004541.0,,,,,
2020-08-19,1247354.0,1265919.875,1239745.5,1261831.75,2599335955072.0,,,,,
2020-08-20,1255096.125,1258908.75,1242324.125,1247695.125,2131762572593.0,,,,,
2020-08-21,1226589.25,1257962.875,1223678.5,1255059.625,2514277708442.0,,,,,
2020-08-22,1236041.875,1236844.125,1211386.375,1225847.375,2139900756517.0,,,,,
2020-08-23,1235128.25,1238841.625,1223143.25,1235816.5,1956966483704.0,,,,,
2020-08-24,1248013.0,1248491.75,1230321.0,1235005.5,2192074793891.0,,,,,
2020-08-25,1209189.125,1247681.25,1190684.125,1247906.25,2798092709486.0,,,,,
2020-08-26,1216266.0,1222226.0,1203263.0,1209270.0,2378531665983.0,,,,,
2020-08-27,1207470.5,1225441.875,1192199.5,1215974.375,2478241661627.0,,,,,
2020-08-28,1216059.875,1216388.125,1208005.5,1207672.875,2086779634034.0,,,,,
2020-08-29,1212305.625,1220605.0,1208031.125,1215907.625,1842194893302.0,,,,,
2020-08-30,1235783.5,1236780.5,1210779.75,1212500.375,2085064000561.0,,,,,
2020-08-31,1238257.5,1247580.375,1228647.25,1235973.375,2362481110477.0,,,,,
2020-09-01,1267546.0,1278857.25,1228762.5,1238098.125,2892002387487.0,,,,,
2020-09-02,1212341.625,1266947.125,1198235.5,1266947.125,2977993003817.0,,,,,
2020-09-03,1086903.0,1215432.125,1080372.375,1211614.75,3387099323823.0,,,,,
2020-09-04,1116832.75,1132497.625,1085269.125,1085319.0,3183659708964.0,,,,,
2020-09-05,1080470.625,1124244.125,1056789.25,1116908.875,4772182113015.0,,,,,
2020-09-06,1092950.5,1100363.875,1068498.625,1080220.875,3941233752719.0,,,,,
2020-09-07,1102352.0,1104733.25,1053153.0,1093019.125,3582858431049.0,,,,,
2020-09-08,1073614.75,1102711.25,1056477.125,1102324.75,3542602693638.0,,,,,
2020-09-09,1088085.625,1099445.0,1061067.25,1073894.0,2563245052519.0,,,,,
2020-09-10,1100062.75,1115210.875,1087638.125,1088083.75,5775325556461.0,,,,,
2020-09-11,1104109.125,1108072.25,1076551.25,1100687.875,4798325082001.0,,,,,
2020-09-12,1108488.625,1122996.625,1092588.25,1105058.875,3901204458280.0,,,,,
2020-09-13,1095846.0,1122824.25,1085099.375,1109574.375,3875129409879.0,,,,,
2020-09-14,1129311.625,1140978.0,1089680.375,1096374.5,3748595852442.0,,,,,
2020-09-15,1137888.75,1152978.25,1127538.75,1128985.75,3426165227512.0,,,,,
2020-09-16,1153115.0,1164454.875,1127706.0,1137974.125,3232951193364.0,,,,,
2020-09-17,1146315.5,1159536.25,1126765.625,1152941.375,3994341954521.0,,,,,
2020-09-18,1144420.625,1151476.125,1131211.75,1146611.75,2754441079602.0,,,,,
2020-09-19,1160080.25,1164236.375,1140764.25,1143287.75,2380338903044.0,,,,,
2020-09-20,1143373.125,1160239.625,1130815.75,1160239.625,2581831341721.0,,,,,
2020-09-21,1095298.625,1146294.5,1086645.625,1143023.375,3023983408469.0,,,,,
2020-09-22,1106875.625,1108981.25,1086946.875,1095022.75,2481043616586.0,,,,,
2020-09-23,1079060.0,1107320.25,1074462.375,1106563.875,2505263276674.0,,,,,
2020-09-24,1134532.0,1135389.375,1077832.0,1079333.875,4970862270938.0,,,,,
2020-09-25,1129054.75,1136785.5,1117974.375,1134642.0,4154857067780.0,,,,,
2020-09-26,1135179.625,1137531.75,1126368.875,1129356.5,4947205019294.0,,,,,
2020-09-27,1137690.625,1140781.0,1121684.875,1134775.125,5674687921044.0,,,,,
2020-09-28,1129275.75,1153952.75,1128565.0,1137832.625,5036289791736.0,,,,,
2020-09-29,1145985.75,1147435.125,1125215.0,1129275.5,4922501596130.0,,,,,
2020-09-30,1137247.75,1146507.625,1127267.125,1145904.375,4657934219513.0,,,,,
2020-10-01,1120893.75,1154120.625,1105260.375,1138382.75,4224481827343.0,,,,,
2020-10-02,1114020.375,1126005.875,1095781.5,1120932.75,5125754248450.0,,,,,
2020-10-03,1111213.5,1116439.375,1107189.875,1113928.25,4704289705123.0,,,,,
2020-10-04,1125827.625,1125177.0,1109640.125,1111330.625,7518309379043.0,,,,,
2020-10-05,1140960.0,1140977.875,1122838.25,1126560.625,5025180393747.0,,,,,
2020-10-06,1120276.0,1141260.875,1112229.875,1141273.75,4502873731515.0,,,,,
2020-10-07,1130590.625,1132571.75,1115782.75,1120165.0,4005608610443.0,,,,,
2020-10-08,1157382.0,1160299.25,1119467.25,1130633.25,6713220163832.0,,,,,
2020-10-09,1168572.375,1173615.25,1148979.75,1158678.375,2407928100816.0,,,,,
2020-10-10,1193064.875,1208468.75,1167778.375,1168011.0,2416257000245.0,,,,,
2020-10-11,1202434.75,1207053.75,1192248.0,1193035.375,2109152001192.0,,,,,
2020-10-12,1217241.875,1232229.875,1185909.375,1203327.625,2756112878070.0,,,,,
2020-10-13,1205097.25,1217003.125,1195213.375,1216542.125,2556758754886.0,,,,,
2020-10-14,1201728.25,1213826.75,1188944.875,1205429.25,2534297324885.0,,,,,
2020-10-15,1211141.375,1219879.75,1190422.0,1201422.875,2579956509541.0,,,,,
2020-10-16,1193634.375,1215312.75,1180846.125,1211929.375,2702619524681.0,,,,,
2020-10-17,1197427.375,1200396.125,1189757.125,1193634.375,2016824828208.0,,,,,
2020-10-18,1210719.375,1210719.375,1196318.0,1197204.0,1927655539187.0,,,,,
2020-10-19,1238304.625,1243826.125,1202656.25,1211950.625,2516335321885.0,,,,,
2020-10-20,1256929.125,1265673.375,1232945.125,1238720.0,3260985403626.0,,,,,
2020-10-21,1342420.625,1378683.75,1255022.375,1256585.5,4544776934994.0,,,,,
2020-10-22,1360199.75,1380269.5,1331848.75,1340112.0,3643360160391.0,,,,,
2020-10-23,1353997.125,1363220.25,1336194.75,1360793.25,3033825544640.0,,,,,
2020-10-24,1372480.0,1376354.625,1349202.5,1354000.75,2569704066473.0,,,,,
2020-10-25,1364331.375,1395632.625,1351748.25,1372480.125,2555343566905.0,,,,,
2020-10-26,1370737.0,1388457.875,1344824.25,1364334.25,3088577251530.0,,,,,
2020-10-27,1427493.875,1437912.875,1368542.5,1370736.5,3528414761697.0,,,,,
2020-10-28,1384420.625,1443340.875,1348488.875,1427493.5,3741571105160.0,,,,,
2020-10-29,1405046.0,1424786.625,1353561.875,1384422.125,5907507636850.0,,,,,
2020-10-30,1417711.25,1428911.0,1371182.75,1405045.0,3200505333678.0,,,,,
2020-10-31,1442250.0,1468122.75,1408397.75,1417712.375,3171723065142.0,,,,,
2020-11-01,1436663.625,1450731.125,1426277.875,1442250.0,2557449669559.0,,,,,
2020-11-02,1419068.25,1446152.5,1386419.75,1436655.5,3222525288138.0,,,,,
2020-11-03,1458478.375,1463287.875,1395386.875,1419064.25,3122848680105.0,,,,,
2020-11-04,1476166.75,1486591.0,1424427.25,1458497.875,3667658505702.0,,,,,
2020-11-05,1614321.625,1628383.5,1471010.125,1476169.625,4233368602176.0,,,,,
2020-11-06,1608998.75,1648765.125,1572633.0,1614309.25,4117919304609.0,,,,,
2020-11-07,1533321.125,1626696.75,1490883.625,1608998.75,3620425351122.0,,,,,
2020-11-08,1598339.25,1616383.375,1524054.75,1533321.125,2749888988925.0,,,,,
2020-11-09,1611886.375,1646715.0,1568728.625,1598342.25,3590096519423.0,,,,,
2020-11-10,1609551.0,1623292.375,1592083.5,1611890.0,2692069138824.0,,,,,
2020-11-11,1655067.75,1679316.75,1608213.125,1609551.625,3138286193443.0,,,,,
2020-11-12,1710236.875,1713965.75,1638289.25,1655063.5,3591017808002.0,,,,,
2020-11-13,1707414.125,1727283.75,1673829.375,1710247.0,3306413479942.0,,,,,
2020-11-14,1681290.0,1707414.25,1647917.125,1707414.25,2875549276186.0,,,,,
2020-11-15,1670095.25,1687042.0,1653132.875,1681290.125,2475885800683.0,,,,,
2020-11-16,1747519.0,1758720.375,1663006.375,1670094.125,3295839714990.0,,,,,
2020-11-17,1838287.75,1853300.375,1731447.125,1744338.875,4063710142402.0,,,,,
2020-11-18,1849782.75,1914534.25,1800034.375,1838265.375,5097685554471.0,,,,,
2020-11-19,1849734.625,1883535.375,1808790.875,1849767.875,3839714476886.0,,,,,
2020-11-20,1934047.0,1948939.5,1844828.625,1849734.0,3842153873153.0,,,,,
2020-11-21,1936219.625,1966795.25,1915668.0,1934047.125,4118150184479.0,,,,,
2020-11-22,1907192.0,1941073.75,1835385.375,1936219.625,4285775961770.0,,,,,
2020-11-23,1919620.0,1940469.875,1868104.625,1907193.625,4467771210658.0,,,,,
2020-11-24,1997035.75,2024598.625,1892677.0,1919713.375,5379393056444.0,,,,,
2020-11-25,1955713.0,2025254.5,1939760.125,1996716.5,4563547078601.0,,,,,
2020-11-26,1788106.875,1969325.875,1704164.75,1955475.0,6401172697096.0,,,,,
2020-11-27,1781241.125,1815745.5,1718684.25,1788449.875,4048667036887.0,,,,,
2020-11-28,1844648.5,1858862.75,1760652.5,1781713.0,3394257059965.0,,,,,
2020-11-29,1892001.625,1902329.25,1828167.375,1844879.625,3240575016226.0,,,,,
2020-11-30,2047112.0,2056797.0,1892088.875,1892088.875,4978414605007.0,,,,,
2020-12-01,1961340.75,2071979.375,1912313.875,2047939.75,5177286940263.0,,,,,
2020-12-02,2005563.625,2019381.125,1914914.625,1961209.875,3905163659985.0,,,,,
2020-12-03,2019103.25,2030814.25,1976919.875,2006068.5,3315468542619.0,,,,,
2020-12-04,1948281.875,2025161.0,1948013.875,2019266.0,3529079575736.0,,,,,
2020-12-05,1995631.5,1996279.375,1936865.875,1948138.125,2838323403566.0,,,,,
2020-12-06,2015928.0,2019035.75,1968924.375,1995626.25,2635828955819.0,,,,,
2020-12-07,1996138.0,2022220.625,1969066.0,2015720.375,2797513222715.0,,,,,
2020-12-08,1908000.625,2006564.875,1903034.0,1996127.375,3300498335667.0,,,,,
2020-12-09,1934939.875,1942480.125,1869074.625,1907973.625,3589611619375.0,,,,,
2020-12-10,1902819.5,1934875.625,1872298.75,1934875.625,2661461918719.0,,,,,
2020-12-11,1878342.625,1902332.375,1833946.625,1902708.75,2903977698167.0,,,,,
2020-12-12,1955806.0,1967860.375,1877004.75,1877553.875,2262529434356.0,,,,,
2020-12-13,1990195.25,2015912.25,1948595.375,1956129.375,2646034323203.0,,,,,
2020-12-14,2001886.75,2008261.375,1978209.0,1990414.625,2337571065311.0,,,,,
2020-12-15,2012560.5,2024562.0,1986411.75,2001915.5,2771779748444.0,,,,,
2020-12-16,2205172.75,2220954.0,2000830.25,2012741.125,4595344587596.0,,,,,
2020-12-17,2352375.25,2437723.75,2198829.5,2204940.25,7362774626045.0,,,,,
2020-12-18,2390579.5,2406264.25,2316835.0,2352543.75,4172816861256.0,,,,,
2020-12-19,2466195.25,2488514.5,2358396.75,2390053.0,3976475581281.0,,,,,
2020-12-20,2429418.75,2504488.75,2391586.75,2465361.75,3916101834983.0,,,,,
2020-12-21,2356493.25,2486863.5,2295444.5,2429125.0,4738465315501.0,,,,,
2020-12-22,2461945.75,2462657.5,2319128.25,2355558.75,4572511219374.0,,,,,
2020-12-23,2406239.5,2488312.5,2361100.0,2461836.75,5295300967471.0,,,,,
2020-12-24,2460278.75,2463742.75,2358198.75,2406121.25,4258102905734.0,,,,,
2020-12-25,2552806.0,2557495.75,2429769.0,2460032.0,4354079317509.0,,,,,
2020-12-26,2736233.5,2765320.5,2538098.5,2554071.25,5002429394306.0,,,,,
2020-12-27,2719941.5,2927895.25,2685002.75,2736475.25,6882589773381.0,,,,,
2020-12-28,2808532.0,2838385.0,2713211.5,2720824.25,5086889897508.0,,,,,
2020-12-29,2833544.5,2834583.0,2694519.0,2808221.25,4687560384171.0,,,,,
2020-12-30,2974300.25,2987243.0,2833301.5,2833301.5,5289154396572.0,,,,,
2020-12-31,2994152.0,3018188.25,2906920.25,2974364.25,4827005948409.0,,,,,
2021-01-01,3032586.75,3056116.5,2973696.5,2993356.0,4204995519656.0,,,,,
2021-01-02,3316818.5,3422933.75,3003373.0,3032824.75,7006424719167.0,,,,,
2021-01-03,3384645.75,3572986.75,3309080.5,3317039.5,8121949538886.0,,,,,
2021-01-04,3297439.25,3443506.5,2950516.25,3387632.0,8370835611363.0,,,,,
2021-01-05,3490580.5,3538100.75,3110727.5,3297968.25,6936232139853.0,,,,,
2021-01-06,3793687.0,3799387.5,3438863.75,3492756.0,7756401126011.0,,,,,
2021-01-07,4086832.25,4173615.25,3772641.75,3794666.75,8798564525490.0,,,,,
2021-01-08,4240709.0,4359517.5,3825391.5,4087945.5,9158338554639.0,,,,,
2021-01-09,4184379.5,4307225.5,4051868.25,4239776.5,6443129758589.0,,,,,
2021-01-10,3992690.5,4305546.0,3737003.5,4184345.5,8325547942375.0,,,,,
2021-01-11,3704018.25,3991659.0,3182565.5,3991659.0,12842973850599.0,,,,,
2021-01-12,3519536.75,3808505.0,3407298.0,3698780.5,7757793009726.0,,,,,
2021-01-13,3874520.25,3906184.75,3376941.25,3518723.25,7202027563814.0,,,,,
2021-01-14,4069231.75,4153278.75,3835694.75,3875428.5,6605916213023.0,,,,,
2021-01-15,3825602.75,4106715.25,3598930.5,4066052.25,7039325588424.0,,,,,
2021-01-16,3756738.0,3932214.75,3700188.25,3825216.5,5992210548949.0,,,,,
2021-01-17,3719322.25,3811814.75,3537758.5,3755233.25,5441078983056.0,,,,,
2021-01-18,3798850.25,3870621.5,3618140.0,3719421.75,5134784391395.0,,,,,
2021-01-19,3747671.0,3921553.5,3747671.0,3800111.0,5947700533041.0,,,,,
2021-01-20,3681275.25,3778198.5,3477062.25,3745624.75,6921294828182.0,,,,,
2021-01-21,3190721.75,3682315.5,3131449.5,3681445.75,7829700471754.0,,,,,
2021-01-22,3425502.75,3510278.75,2999337.75,3189886.25,8012955908213.0,,,,,
2021-01-23,3328140.0,3462368.75,3268517.25,3423426.5,5018495936290.0,,,,,
2021-01-24,3351379.25,3419093.5,3228407.0,3327801.0,5048840465570.0,,,,,
2021-01-25,3358450.25,3611807.0,3329573.25,3351007.75,6215128049677.0,,,,,
2021-01-26,3374342.25,3398138.5,3215278.5,3357643.0,6242657494451.0,,,,,
2021-01-27,3169367.25,3373739.25,3057207.25,3373739.25,6516994303336.0,,,,,
2021-01-28,3490618.5,3529729.0,3130910.0,3170251.75,7980978664884.0,,,,,
2021-01-29,3592754.0,4020245.25,3352119.75,3579544.75,12342971895284.0,,,,,
2021-01-30,3587504.75,3647019.75,3448672.75,3590612.75,6819372347748.0,,,,,
2021-01-31,3467669.25,3589474.0,3378526.0,3587646.75,5524350199460.0,,,,,
2021-02-01,3517524.5,3632683.0,3390644.75,3467692.25,6439940089449.0,,,,,
2021-02-02,3729689.0,3772511.0,3513220.0,3517107.5,6626271236171.0,,,,,
2021-02-03,3934588.25,3935045.0,3721972.75,3729745.0,6422546490087.0,,,,,
2021-02-04,3898506.25,4059202.25,3830247.25,3934904.75,7267648541970.0,,,,,
2021-02-05,4019455.25,4038098.75,3867719.5,3899084.75,6174769396021.0,,,,,
2021-02-06,4137654.75,4304203.5,4018831.5,4018831.5,7515978542990.0,,,,,
2021-02-07,4100303.0,4175149.75,3945887.25,4135987.5,6903566041489.0,,,,,
2021-02-08,4860626.5,4861412.0,4015782.75,4098552.0,10676017683035.0,,,,,
2021-02-09,4861180.0,5032736.5,4725553.5,4859419.5,9601841026696.0,,,,,
2021-02-10,4699295.5,4938889.0,4593347.5,4859993.5,9133352723878.0,,,,,
2021-02-11,5018622.0,5075942.5,4621745.5,4697258.5,8525691984359.0,,,,,
2021-02-12,4985397.0,5106067.0,4878406.5,5015239.0,8034069636571.0,,,,,
2021-02-13,4944005.0,5042370.5,4868638.0,4983965.0,7373204669639.0,,,,,
2021-02-14,5118628.0,5194023.5,4944949.0,4944949.0,7485955808875.0,,,,,
2021-02-15,5052114.5,5136843.5,4866887.5,5116447.5,8121086906355.0,,,,,
2021-02-16,5221164.0,5307425.0,4976384.5,5052051.5,8176617310188.0,,,,,
2021-02-17,5520363.5,5562161.0,5209370.0,5221950.0,8555460885139.0,,,,,
2021-02-18,5460206.0,5551026.0,5395121.0,5519513.0,5499818684505.0,,,,,
2021-02-19,5893122.5,5916876.0,5384070.0,5459803.0,6695280726369.0,,,,,
2021-02-20,5919705.5,6063637.0,5760096.0,5893038.5,7190811160122.0,,,,,
2021-02-21,6072535.5,6155129.5,5874657.5,5916439.5,5477063550673.0,,,,,
2021-02-22,5692256.5,6070003.5,5160265.0,6071775.0,9666332606602.0,,,,,
2021-02-23,5141033.0,5692005.5,4767434.5,5692005.5,11172203451546.0,,,,,
2021-02-24,5266578.5,5411246.0,4970468.5,5142155.5,6748922664226.0,,,,,
2021-02-25,5010343.5,5512480.0,5010343.5,5266975.5,5798986255265.0,,,,,
2021-02-26,4939588.5,5158720.0,4713658.0,5019558.0,37411440676187.0,,,,,
2021-02-27,4923459.5,5143559.0,4825453.5,4940122.5,4893879024141.0,,,,,
2021-02-28,4806435.5,4979739.5,4609342.0,4924053.0,5690901096858.0,,,,,
2021-03-01,5302353.5,5320318.0,4802892.0,4808749.5,5757477047484.0,,,,,
2021-03-02,5164831.0,5355372.5,5041585.0,5300309.5,5074290615701.0,,,,,
2021-03-03,5411180.5,5614850.0,5152246.0,5168762.5,5698405558929.0,,,,,
2021-03-04,5242518.0,5536637.5,5143450.5,5409473.5,5650881417292.0,,,,,
2021-03-05,5301517.5,5351757.5,5019726.5,5238833.0,5268861737396.0,,,,,
2021-03-06,5299900.5,5325346.0,5120588.5,5298475.5,3723463492789.0,,,,,
2021-03-07,5551061.5,5570322.0,5300583.0,5300583.0,4676316283845.0,,,,,
2021-03-08,5691187.5,5698833.0,5366852.0,5547530.0,5293693538571.0,,,,,
2021-03-09,5952638.0,5952638.0,5669580.5,5694068.5,5527896912770.0,,,,,
2021-03-10,6074071.0,6206279.5,5800553.5,5952626.5,6213648096630.0,,,,,
2021-03-11,6276162.5,6306810.0,5918171.0,6069151.0,6164028819637.0,,,,,
2021-03-12,6249197.5,6294995.0,6035224.0,6277910.0,6070203890687.0,,,,,
2021-03-13,6675496.0,6723541.0,6127759.0,6250427.5,6613011360568.0,,,,,
2021-03-14,6470831.5,6714173.0,6470831.5,6673103.5,4790326128624.0,,,,,
2021-03-15,6101050.5,6606172.5,6044710.0,6467025.0,7248224067435.0,,,,,
2021-03-16,6193722.5,6195101.0,5849529.5,6093802.5,6514819290206.0,,,,,
2021-03-17,6411011.0,6416329.0,5955105.5,6196004.5,6562100177363.0,,,,,
2021-03-18,6302688.0,6553693.0,5922863.5,6413427.0,6072527738250.0,,,,,
2021-03-19,6355409.0,6479432.5,6175183.0,6301764.0,5344282338255.0,,,,,
2021-03-20,6351813.5,6538908.0,6340883.5,6353841.5,5485651456483.0,,,,,
2021-03-21,6262833.5,6401293.0,6100411.5,6351407.0,5655313286269.0,,,,,
2021-03-22,5931680.5,6353628.0,5908312.0,6262231.5,6148403872106.0,,,,,
2021-03-23,5940237.0,6086569.0,5814095.5,5929778.5,6124294307116.0,,,,,
2021-03-24,5741365.0,6236600.5,5711430.0,5937149.0,7677078842958.0,,,,,
2021-03-25,5645039.5,5818221.5,5550537.0,5736195.5,7424192366055.0,,,,,
2021-03-26,6043876.0,6043876.0,5631468.0,5642730.5,6209930032634.0,,,,,
2021-03-27,6135536.0,6200724.5,5945836.0,6043904.0,5181121485706.0,,,,,
2021-03-28,6142776.5,6205338.5,6044056.5,6135692.5,5235462032405.0,,,,,
2021-03-29,6343224.0,6396534.0,6034008.5,6142464.0,6329536853463.0,,,,,
2021-03-30,6499116.5,6557940.5,6294140.0,6343217.0,6002334121032.0,,,,,
2021-03-31,6525806.5,6634521.5,6389997.0,6500504.5,7257038580470.0,,,,,
2021-04-01,6536843.5,6598826.5,6480366.5,6526663.0,6821493439910.0,,,,,
2021-04-02,6574170.0,6668444.0,6513144.0,6537183.0,6501497173881.0,,,,,
2021-04-03,6377067.5,6654537.5,6377067.5,6575620.0,6602624861732.0,,,,,
2021-04-04,6503397.0,6522076.0,6328887.0,6377172.5,5616972697485.0,,,,,
2021-04-05,6507824.0,6593388.0,6384452.0,6503653.5,6689466949398.0,,,,,
2021-04-06,6388531.5,6558663.0,6334606.0,6520392.0,7252048486593.0,,,,,
2021-04-07,6157340.0,6444169.0,6108602.5,6387889.5,8310128293135.0,,,,,
2021-04-08,6376383.0,6377198.5,6138811.0,6162940.0,5800218875700.0,,,,,
2021-04-09,6387438.0,6461249.0,6333950.0,6376668.0,5116443263675.0,,,,,
2021-04-10,6556926.0,6719905.5,6364814.5,6388400.0,6386430677798.0,,,,,
2021-04-11,6605839.5,6666292.5,6501719.0,6562737.5,5077985013753.0,,,,,
2021-04-12,6550636.5,6703831.5,6513654.0,6602655.0,5668581236408.0,,,,,
2021-04-13,6916987.0,6962697.0,6548845.0,6550261.0,7622807799451.0,,,,,
2021-04-14,6871005.0,7063689.0,6706518.0,6919198.0,8432485061650.0,,,,,
2021-04-15,6881790.0,6940543.0,6770131.5,6867249.0,6625314596998.0,,,,,
2021-04-16,6698195.0,6915006.0,6549341.0,6875756.5,9169813805049.0,,,,,
2021-04-17,6601489.5,6806913.5,6566409.5,6693531.5,7194904919353.0,,,,,
2021-04-18,6112133.0,6642135.5,5747589.5,6603454.5,10597351925087.0,,,,,
2021-04-19,6024127.5,6223555.0,5876266.5,6109458.0,7064171992852.0,,,,,
2021-04-20,6104142.0,6167848.0,5791407.5,6019536.0,7333799501653.0,,,,,
2021-04-21,5824243.0,6126427.0,5800507.0,6103936.0,5934504648896.0,,,,,
2021-04-22,5589692.0,5992380.5,5460194.0,5818950.5,8077336588728.0,,,,,
2021-04-23,5514281.5,5625240.5,5149509.5,5587266.0,9353714857994.0,,,,,
2021-04-24,5400739.0,5522258.5,5266334.0,5519632.0,5288909059300.0,,,,,
2021-04-25,5286721.0,5449852.0,5090218.0,5400951.0,4975247960675.0,,,,,
2021-04-26,5845235.0,5869311.0,5267748.0,5294654.5,6306420535085.0,,,,,
2021-04-27,5984851.5,6023464.0,5772895.0,5846160.0,5377494224779.0,,,,,
2021-04-28,5948864.5,6106065.5,5873010.5,5985234.5,5208398169605.0,,,,,
2021-04-29,5832419.0,5977804.5,5707537.0,5952487.0,5019314897661.0,,,,,
2021-04-30,6314897.5,6331359.0,5789160.5,5833895.5,5729418604730.0,,,,,
2021-05-01,6320635.0,6391240.5,6235842.0,6311014.5,4682042928635.0,,,,,
2021-05-02,6189097.0,6328782.5,6136338.5,6320395.5,4172332274271.0,,,,,
2021-05-03,6239837.0,6465303.0,6189900.0,6187916.5,5641257054049.0,,,,,
2021-05-04,5831062.5,6241351.5,5815432.0,6241351.5,7496316542148.0,,,,,
2021-05-05,6271965.0,6328534.5,5790120.5,5822165.5,7562675097726.0,,,,,
2021-05-06,6150143.5,6369322.0,6040561.5,6273854.5,7581641699906.0,,,,,
2021-05-07,6228332.5,6367728.0,6034120.0,6152045.0,7431251537339.0,,,,,
2021-05-08,6385208.0,6456965.0,6186939.0,6227937.5,7099610952120.0,,,,,
2021-05-09,6322573.5,6429413.5,6133098.5,6393201.5,7155818904455.0,,,,,
2021-05-10,6080070.0,6480943.5,5879838.0,6324588.5,7812531639937.0,,,,,
2021-05-11,6164743.0,6177419.0,5946227.0,6078703.5,6665256164782.0,,,,,
2021-05-12,5390209.0,6307211.5,5390209.0,6165826.0,8248674025624.0,,,,,
2021-05-13,5444818.0,5624436.0,5156458.0,5454353.0,10592707226114.0,,,,,
2021-05-14,5455683.5,5627304.0,5352832.0,5441181.0,6096288783877.0,,,,,
2021-05-15,5114395.5,5538713.5,5103890.5,5452944.5,6470739567514.0,,,,,
2021-05-16,5083175.5,5438130.0,4805054.5,5109632.5,7008054057676.0,,,,,
2021-05-17,4755265.0,5101985.0,4605015.5,5078781.5,8181143924681.0,,,,,
2021-05-18,4671494.0,4998895.0,4614270.0,4749863.5,6117049763369.0,,,,,
2021-05-19,4042997.75,4743696.0,3338886.25,4675367.0,13806264943358.0,,,,,
2021-05-20,4438949.5,4624707.5,3828193.25,4015816.25,9608945128979.0,,,,,
2021-05-21,4064905.25,4589976.0,3661168.0,4418727.5,8940753385117.0,,,,,
2021-05-22,4090178.5,4231225.5,3855582.75,4072133.75,6252113847086.0,,,,,
2021-05-23,3787142.5,4172184.25,3402686.75,4089613.75,8546716424823.0,,,,,
2021-05-24,4213300.5,4333207.0,3760060.75,3779494.25,7332360167440.0,,,,,
2021-05-25,4177854.75,4327617.0,3982614.0,4223076.0,6115406744058.0,,,,,
2021-05-26,4289782.0,4439312.5,4122960.75,4176810.25,5605568005848.0,,,,,
2021-05-27,4220763.5,4419327.5,4064007.0,4292259.0,4744996475208.0,,,,,
2021-05-28,3921382.0,4270497.5,3820477.25,4228463.0,6063740819288.0,,,,,
2021-05-29,3802575.0,4090209.5,3701278.0,3919904.5,4968626596343.0,,,,,
2021-05-30,3921401.0,3998613.25,3682253.0,3801623.5,3478236577104.0,,,,,
2021-05-31,4087723.5,4103485.25,3755622.25,3919253.75,4271344257413.0,,,,,
2021-06-01,4016834.25,4146244.0,3916431.25,4083446.5,3792860973658.0,,,,,
2021-06-02,4118070.5,4190671.0,3943310.0,4018476.5,3624418225094.0,,,,,
2021-06-03,4324374.0,4329984.0,4084276.5,4120726.25,3911001625343.0,,,,,
2021-06-04,4040123.25,4328093.0,3931521.25,4328093.0,4580715174008.0,,,,,
2021-06-05,3893118.75,4152180.75,3821771.0,4038563.0,3937743547052.0,,,,,
2021-06-06,3930911.0,3989971.75,3867793.25,3891656.75,3169231135954.0,,,,,
2021-06-07,3667301.5,4031529.25,3658692.75,3927939.25,3680767267071.0,,,,,
2021-06-08,3664073.75,3716876.0,3405532.75,3670450.0,5462516014052.0,,,,,
2021-06-09,4093557.5,4115259.5,3554922.0,3657981.5,5916201037329.0,,,,,
2021-06-10,4015089.0,4198011.0,3918838.5,4098423.75,4767009797490.0,,,,,
2021-06-11,4094856.0,4116867.0,3943761.5,4014480.0,4244607037634.0,,,,,
2021-06-12,3899418.25,4103030.25,3809005.75,4095486.0,4159548873970.0,,,,,
2021-06-13,4289778.0,4311735.5,3823913.5,3899777.25,4462174391457.0,,,,,
2021-06-14,4425560.5,4504362.5,4255026.5,4280903.0,4748020105820.0,,,,,
2021-06-15,4448003.0,4545742.0,4361379.0,4448525.0,5110022862621.0,,,,,
2021-06-16,4247901.0,4459965.0,4227604.5,4421850.0,4343674225061.0,,,,,
2021-06-17,4198268.5,4373827.5,4129072.0,4247276.5,4092705138159.0,,,,,
2021-06-18,3943574.25,4211634.5,3883379.5,4203340.0,3989155487407.0,,,,,
2021-06-19,3924689.5,4017465.5,3849447.5,3950988.5,3438885080097.0,,,,,
2021-06-20,3934166.5,3975738.25,3684046.5,3918879.0,4040596537000.0,,,,,
2021-06-21,3496394.25,3937676.5,3452823.25,3927868.25,5828929657385.0,,,,,
2021-06-22,3596913.75,3683377.25,3197928.0,3490399.0,6524700487668.0,,,,,
2021-06-23,3743566.5,3853996.5,3518263.0,3598026.25,5141625208045.0,,,,,
2021-06-24,3844851.0,3906537.5,3595773.5,3739100.75,3674133424542.0,,,,,
2021-06-25,3505307.25,3934265.75,3473520.5,3844481.5,4457382154273.0,,,,,
2021-06-26,3566078.0,3616080.75,3344291.25,3500530.0,4275066945366.0,,,,,
2021-06-27,3839622.5,3840939.0,3553389.75,3577295.5,3935142584472.0,,,,,
2021-06-28,3808747.5,3897245.5,3762219.25,3842889.0,3748818159687.0,,,,,
2021-06-29,3964638.75,4038935.5,3785756.0,3813307.25,4189431568961.0,,,,,
2021-06-30,3894158.25,3988786.25,3786319.5,3969127.75,3785048799757.0,,,,,
2021-07-01,3745714.0,3893618.75,3668690.0,3893618.75,4221774425856.0,,,,,
2021-07-02,3764437.75,3786721.25,3656442.0,3743201.5,4301047487249.0,,,,,
2021-07-03,3849422.25,3876149.75,3709537.5,3759703.75,2707472847954.0,,,,,
2021-07-04,3921883.75,3988581.25,3819212.75,3849091.0,2770087581241.0,,,,,
2021-07-05,3743376.5,3921502.0,3683303.75,3921502.0,2964168573403.0,,,,,
2021-07-06,3786503.75,3881954.5,3718066.0,3740881.5,2931110011710.0,,,,,
2021-07-07,3745601.0,3869728.75,3743826.75,3785451.5,2743320897893.0,,,,,
2021-07-08,3610008.25,3749502.5,3529091.0,3749393.5,3284227702486.0,,,,,
2021-07-09,3721651.5,3748550.5,3550414.75,3608284.25,3021104111732.0,,,,,
2021-07-10,3690776.75,3766915.25,3646238.5,3723108.5,2529318128165.0,,,,,
2021-07-11,3774107.5,3808900.0,3671642.5,3689517.0,2216474640452.0,,,,,
2021-07-12,3658078.0,3810165.0,3608246.0,3775631.75,2683386179621.0,,,,,
2021-07-13,3616778.75,3674129.75,3567795.75,3654726.25,2114728505857.0,,,,,
2021-07-14,3610392.75,3636125.75,3496408.0,3619192.0,2351375679992.0,,,,,
2021-07-15,3488936.25,3643730.5,3426241.75,3611000.5,2338403501491.0,,,,,
2021-07-16,3458851.5,3548213.0,3426596.25,3495613.25,2608814684603.0,,,,,
2021-07-17,3470056.5,3515987.75,3437105.75,3456184.25,2079302359445.0,,,,,
2021-07-18,3493744.5,3565347.5,3435108.75,3470146.25,2064371368552.0,,,,,
2021-07-19,3375415.5,3505478.25,3337878.25,3494096.25,2238181629246.0,,,,,
2021-07-20,3276389.75,3395138.75,3220473.25,3377655.75,2544431230767.0,,,,,
2021-07-21,3540200.25,3613646.0,3246905.75,3275173.75,3109380323962.0,,,,,
2021-07-22,3559078.75,3586580.25,3499895.5,3543307.25,2153881532516.0,,,,,
2021-07-23,3712490.0,3712490.0,3542942.25,3558291.5,2493161976482.0,,,,,
2021-07-24,3791167.0,3813050.75,3695167.5,3713836.25,2395120002798.0,,,,,
2021-07-25,3907874.75,3909504.0,3745772.75,3790928.75,2305654416781.0,,,,,
2021-07-26,4118638.0,4470719.0,3900500.75,3911616.0,5628161453757.0,,,,,
2021-07-27,4327250.0,4327250.0,4016261.0,4111854.25,3854018862837.0,,,,,
2021-07-28,4395200.0,4493359.5,4278457.5,4337818.5,4253055629980.0,,,,,
2021-07-29,4377601.5,4458601.0,4317531.0,4395150.0,2972547616780.0,,,,,
2021-07-30,4633872.5,4633872.5,4206622.0,4379687.0,3628580049769.0,,,,,
2021-07-31,4567017.5,4633423.0,4510474.5,4629567.0,2830958917258.0,,,,,
2021-08-01,4385706.0,4667460.0,4339638.0,4548876.0,2928028578297.0,,,,,
2021-08-02,4283639.5,4432973.5,4235983.0,4378285.5,2796822809027.0,,,,,
2021-08-03,4158522.5,4343128.0,4123042.0,4281067.5,2854586759698.0,,,,,
2021-08-04,4353777.5,4375535.5,4103782.0,4165100.25,2779205858955.0,,,,,
2021-08-05,4485631.0,4537484.0,4105731.0,4353450.0,3861727214931.0,,,,,
2021-08-06,4719704.5,4770349.0,4386437.0,4485226.5,4213742620033.0,,,,,
2021-08-07,4910717.5,4925493.0,4697886.0,4721501.0,4412001470896.0,,,,,
2021-08-08,4829312.0,4990794.5,4776258.5,4912771.5,4002840723302.0,,,,,
2021-08-09,5115159.5,5123259.5,4723054.0,4828629.5,4273250863107.0,,,,,
2021-08-10,5041695.5,5147295.0,4943674.5,5105831.5,3710183049419.0,,,,,
2021-08-11,5032511.5,5163212.5,5017532.0,5043318.0,3788123688196.0,,,,,
2021-08-12,4904949.5,5103533.0,4841821.5,5030662.0,3723138324661.0,,,,,
2021-08-13,5237429.0,5241665.0,4890771.5,4906208.5,3478693411469.0,,,,,
2021-08-14,5161117.0,5270892.5,5060374.0,5239332.5,3420295027721.0,,,,,
2021-08-15,5157716.0,5189626.5,4994837.5,5161086.5,3397288525474.0,,,,,
2021-08-16,5028428.0,5250123.0,4992531.5,5154751.5,3582610944069.0,,,,,
2021-08-17,4896004.0,5151135.5,4878360.5,5020992.5,3664318011559.0,,,,,
2021-08-18,4921073.5,5054244.5,4859147.5,4895061.0,3536282017072.0,,,,,
2021-08-19,5128142.0,5156168.5,4846546.5,4914559.0,4083880156741.0,,,,,
2021-08-20,5418181.0,5418508.0,5123468.5,5128750.5,3811334345526.0,,,,,
2021-08-21,5369578.5,5458680.0,5304437.5,5416852.0,4456052617264.0,,,,,
2021-08-22,5417435.0,5435222.5,5293076.5,5365583.5,2786719393142.0,,,,,
2021-08-23,5434139.0,5558985.5,5381938.5,5414142.5,3762521116682.0,,,,,
2021-08-24,5234780.5,5478908.5,5232159.0,5435915.5,3880172215823.0,,,,,
2021-08-25,5384683.0,5412639.5,5178239.5,5237100.0,3590429242226.0,,,,,
2021-08-26,5166038.0,5430825.0,5111212.0,5389286.0,3594986446538.0,,,,,
2021-08-27,5388359.5,5394303.5,5104624.0,5160792.5,3790524603836.0,,,,,
2021-08-28,5371196.0,5413054.5,5326914.5,5389888.0,3137778019543.0,,,,,
2021-08-29,5364933.5,5452662.0,5263937.0,5372167.5,2844495871917.0,,,,,
2021-08-30,5173512.5,5374086.5,5161898.0,5365485.5,3501454486882.0,,,,,
2021-08-31,5191098.0,5287092.5,5139004.0,5170143.5,3822373873891.0,,,,,
2021-09-01,5377887.0,5403349.5,5131297.0,5183733.5,4309110855724.0,,,,,
2021-09-02,5423501.0,5541527.0,5354155.5,5373573.5,4343846484663.0,,,,,
2021-09-03,5488509.0,5587864.5,5316373.0,5419161.0,4740344393772.0,,,,,
2021-09-04,5479650.0,5545583.0,5436219.5,5486748.0,4111147993231.0,,,,,
2021-09-05,5681670.5,5693573.5,5435102.5,5478907.0,3328929535625.0,,,,,
2021-09-06,5780377.0,5788497.5,5608655.0,5683382.5,4270372101153.0,,,,,
2021-09-07,5163068.5,5802920.5,4770160.0,5783336.0,7192392440316.0,,,,,
2021-09-08,5080262.0,5219526.0,4908950.0,5164903.5,5401709093031.0,,,,,
2021-09-09,5092514.0,5184754.0,5030270.5,5045360.5,4245203910154.0,,,,,
2021-09-10,4934312.5,5161592.5,4875010.5,5093089.0,4304467959049.0,,,,,
2021-09-11,4969222.0,5053634.0,4927096.0,4932765.5,3792739111663.0,,,,,
2021-09-12,5062583.5,5094063.0,4924039.0,4969790.5,3064369029562.0,,,,,
2021-09-13,4945784.0,5124837.5,4791645.0,5061918.5,4506553289464.0,,,,,
2021-09-14,5166778.0,5181479.5,4921861.5,4945451.5,4240741426942.0,,,,,
2021-09-15,5269729.0,5296968.5,5123403.5,5167382.0,3334520865855.0,,,,,
2021-09-16,5241810.5,5303107.0,5166541.0,5267821.5,3484527142668.0,,,,,
2021-09-17,5196071.0,5290284.5,5149142.5,5240455.0,3158008840525.0,,,,,
2021-09-18,5307192.0,5363631.5,5176258.0,5196731.5,3141290479862.0,,,,,
2021-09-19,5197678.5,5312689.0,5159442.5,5306147.0,2965910136877.0,,,,,
2021-09-20,4688665.0,5206954.0,4658362.0,5197809.5,4805328845158.0,,,,,
2021-09-21,4441918.5,4775840.0,4345503.5,4707097.5,5315967488555.0,,,,,
2021-09-22,4785614.0,4820452.5,4439407.0,4440202.0,4188731707602.0,,,,,
2021-09-23,4953253.5,4956949.5,4735456.0,4784053.0,3778130506565.0,,,,,
2021-09-24,4744309.5,4981428.5,4523278.0,4953166.0,4744264760807.0,,,,,
2021-09-25,4730670.5,4761642.5,4624723.5,4744436.0,3500080212632.0,,,,,
2021-09-26,4786228.0,4865578.0,4523783.5,4731228.0,3396356480956.0,,,,,
2021-09-27,4686730.0,4902773.0,4682907.0,4789069.0,3437729904589.0,,,,,
2021-09-28,4576706.0,4756232.5,4565722.5,4682864.5,3369962964412.0,,,,,
2021-09-29,4652631.5,4742626.5,4556172.5,4580101.0,3425566963029.0,,,,,
2021-09-30,4881108.5,4910857.5,4638508.5,4651166.0,3471176434138.0,,,,,
2021-10-01,5344661.5,5379618.0,4820002.5,4883989.0,4759699289634.0,,,,,
2021-10-02,5299625.0,5363002.5,5272301.0,5346941.5,3400534458081.0,,,,,
2021-10-03,5347857.0,5457265.5,5238066.5,5296130.5,2955538913986.0,,,,,
2021-10-04,5450009.5,5483262.0,5215150.5,5348850.5,3704497324823.0,,,,,
2021-10-05,5743258.0,5778090.0,5443805.5,5456896.0,3999491898547.0,,,,,
2021-10-06,6167717.5,6189854.5,5629223.0,5740119.5,5462869391149.0,,,,,
2021-10-07,6008137.5,6165174.5,5967420.5,6165174.5,4110076117278.0,,,,,
2021-10-08,6057889.5,6261556.5,6008109.5,6007709.0,3906397106130.0,,,,,
2021-10-09,6167709.5,6215926.0,6031768.5,6053616.5,3645676376730.0,,,,,
2021-10-10,6149479.0,6327324.0,6088721.0,6165981.5,4437982887619.0,,,,,
2021-10-11,6518166.0,6550702.5,6118917.0,6145274.0,4834621458832.0,,,,,
2021-10-12,6362807.0,6526040.5,6190032.5,6522933.0,4664580787978.0,,,,,
2021-10-13,6504002.5,6534394.5,6174884.0,6362489.5,4723158371462.0,,,,,
2021-10-14,6525145.5,6637015.0,6473485.0,6500799.5,4168126571305.0,,,,,
2021-10-15,7045147.0,7172324.0,6474523.5,6527920.5,5922631646403.0,,,,,
2021-10-16,6964878.0,7122986.0,6886406.0,7046928.5,3917642414925.0,,,,,
2021-10-17,7037363.5,7046247.5,6760102.5,6964360.0,3319241545110.0,,,,,
2021-10-18,7088877.5,7155822.5,6858138.0,7036813.0,4349319448937.0,,,,,
2021-10-19,7360986.0,7380621.5,7040220.0,7090830.5,4635833892239.0,,,,,
2021-10-20,7548838.0,7649306.5,7287843.0,7363574.5,4665797642789.0,,,,,
2021-10-21,7086305.5,7596758.0,7078774.0,7549913.0,5229353297949.0,,,,,
2021-10-22,6887054.0,7262314.0,6831253.5,7089463.0,4361307010154.0,,,,,
2021-10-23,6973578.0,7006385.5,6788813.5,6887322.0,3053534638939.0,,,,,
2021-10-24,6926084.5,6986321.0,6774768.5,6970707.5,3105064767042.0,,,,,
2021-10-25,7171799.5,7247947.0,6891493.0,6921889.0,3534135912258.0,,,,,
2021-10-26,6892775.5,7196158.5,6849049.0,7170996.0,3982733163248.0,,,,,
2021-10-27,6653658.0,7001645.0,6621313.5,6891429.0,4966952952294.0,,,,,
2021-10-28,6887725.5,7056601.0,6604593.5,6652332.0,5141989112829.0,,,,,
2021-10-29,7094922.0,7177869.5,6859336.0,6888036.0,4202237818756.0,,,,,
2021-10-30,7056256.0,7106572.5,6945610.5,7096221.5,3666487758788.0,,,,,
2021-10-31,7004986.0,7115240.5,6849375.5,7051884.5,3683186317915.0,,,,,
2021-11-01,6960216.5,7134149.0,6818682.5,7005156.0,4124551407907.0,,,,,
2021-11-02,7205761.0,7309095.5,6918548.5,6955521.0,4301896891805.0,,,,,
2021-11-03,7183119.0,7235262.0,6972966.0,7208944.5,4120820372750.0,,,,,
2021-11-04,6995412.5,7199653.0,6912070.5,7179897.5,3712823774766.0,,,,,
2021-11-05,6932568.5,7108450.5,6897649.0,6996306.0,3471077693931.0,,,,,
2021-11-06,6978139.5,6985307.0,6823475.5,6926126.5,3299801964724.0,,,,,
2021-11-07,7186220.0,7186220.0,6967366.0,6981251.5,2805942624624.0,,,,,
2021-11-08,7652281.5,7663763.5,7188158.0,7188158.0,4657680771458.0,,,,,
2021-11-09,7562090.5,7733316.0,7492643.0,7650345.5,4782831456193.0,,,,,
2021-11-10,7403476.5,7799883.5,7202343.5,7560003.0,5550831198909.0,,,,,
2021-11-11,7407283.5,7480128.0,7321389.5,7401615.5,4092042697994.0,,,,,
2021-11-12,7307679.0,7479955.0,7097401.5,7397477.5,4110247963630.0,,,,,
2021-11-13,7344981.0,7395810.5,7212162.5,7307927.5,3471913647476.0,,,,,
2021-11-14,7462238.0,7465468.0,7251363.0,7343368.5,2863541678353.0,,,,,
2021-11-15,7254003.0,7551824.0,7251923.5,7468444.0,3487740440977.0,,,,,
2021-11-16,6912826.0,7272643.5,6741465.5,7272643.5,5382646928982.0,,,,,
2021-11-17,6893772.5,6974377.5,6716564.5,6910341.0,4474007301623.0,,,,,
2021-11-18,6507584.5,6953797.0,6461437.5,6892873.5,4730031798100.0,,,,,
2021-11-19,6625341.0,6642063.5,6371090.5,6502326.5,4411880836975.0,,,,,
2021-11-20,6805182.0,6823727.0,6551261.0,6624828.5,3491012964629.0,,,,,
2021-11-21,6703741.5,6840204.5,6682265.0,6808979.0,2981839157424.0,,,,,
2021-11-22,6461503.5,6762706.5,6395915.5,6701044.5,4021831455603.0,,,,,
2021-11-23,6628604.0,6664734.5,6385021.5,6463256.0,4316181061082.0,,,,,
2021-11-24,6495718.0,6654636.0,6453052.5,6628232.5,4228367212047.0,,,,,
2021-11-25,6590912.5,6847887.5,6596299.0,6597861.0,3945250311712.0,,,,,
2021-11-26,6070792.5,6801135.0,6070792.5,6784884.5,4738202185049.0,,,,,
2021-11-27,6211917.5,6270187.0,6081965.5,6089680.0,3463308573948.0,,,,,
2021-11-28,6510577.0,6526598.5,6071582.5,6211685.0,3197590892542.0,,,,,
2021-11-29,6578705.0,6694553.0,6438625.5,6515518.0,3683979672135.0,,,,,
2021-11-30,6453907.0,6659183.5,6344891.5,6581385.0,4155988012155.0,,,,,
2021-12-01,6460246.5,6672937.5,6380469.5,6442873.5,4160645231720.0,,,,,
2021-12-02,6383236.0,6477022.5,6316086.0,6458840.0,3659648820779.0,,,,,
2021-12-03,6046525.5,6507063.0,5917380.0,6386779.0,4488691927222.0,,,,,
2021-12-04,5550085.5,6081095.0,4836771.5,6061149.5,6924611346865.0,,,,,
2021-12-05,5580876.5,5614096.0,5398565.0,5550177.5,4205052051192.0,,,,,
2021-12-06,5739481.0,5780398.5,5352887.0,5585922.0,4278551613913.0,,,,,
2021-12-07,5755790.5,5899211.5,5699269.5,5739390.5,3823202502048.0,,,,,
2021-12-08,5741637.5,5825451.5,5549834.0,5752108.0,3237714631515.0,,,,,
2021-12-09,5407997.0,5777111.0,5372679.0,5735417.5,3358274208674.0,,,,,
2021-12-10,5356681.5,5684089.5,5331781.5,5404596.0,3511080056338.0,,,,,
2021-12-11,5597461.5,5608314.0,5322557.5,5359100.0,2922854694889.0,,,,,
2021-12-12,5686787.5,5751946.0,5525268.0,5596594.0,2490376118778.0,,,,,
2021-12-13,5308443.0,5698443.0,5208640.5,5688649.5,3653496940826.0,,,,,
2021-12-14,5301837.5,5508854.0,5272105.0,5305301.5,3939883130609.0,,,,,
2021-12-15,5581279.5,5640897.0,5313186.5,5502834.0,4171039610023.0,,,,,
2021-12-16,5418103.0,5643535.5,5403315.5,5581706.5,3099555720613.0,,,,,
2021-12-17,5254038.5,5459174.5,5172005.0,5416773.5,3741648570361.0,,,,,
2021-12-18,5327408.5,5380292.0,5185386.5,5255984.5,2967767353227.0,,,,,
2021-12-19,5302203.5,5468516.0,5288083.5,5327987.5,2855500771285.0,,,,,
2021-12-20,5328689.5,5387134.0,5175255.5,5302209.5,3519312752636.0,,,,,
2021-12-21,5578511.0,5607536.0,5304000.0,5329348.5,3084216222829.0,,,,,
2021-12-22,5550142.0,5652054.0,5535972.0,5578566.0,2790333474949.0,,,,,
2021-12-23,5813032.0,5874986.5,5491858.5,5549895.0,3230634918073.0,,,,,
2021-12-24,5814389.5,5924934.0,5777519.5,5815494.0,2787847550342.0,,,,,
2021-12-25,5769503.5,5854935.5,5747406.0,5818133.5,2177230163792.0,,,,,
2021-12-26,5809738.0,5856174.5,5677205.5,5769370.0,2397139775647.0,,,,,
2021-12-27,5813199.5,5969938.0,5775245.5,5808948.0,2792280838908.0,,,,,
2021-12-28,5461868.0,5817727.0,5443625.5,5817727.0,3836871215661.0,,,,,
2021-12-29,5338808.0,5525821.0,5311208.5,5465887.0,3454151050818.0,,,,,
2021-12-30,5428610.0,5512037.5,5295968.5,5344083.5,3070714447144.0,,,,,
2021-12-31,5330242.5,5577297.5,5273212.5,5427603.0,4256023036571.0,,,,,
2022-01-01,5489133.5,5505306.0,5328175.0,5330852.5,2829661633525.0,,,,,
2022-01-02,5451565.5,5511533.0,5393608.0,5488456.0,3218483475493.0,,,,,
2022-01-03,5358107.5,5469126.0,5284611.5,5451372.5,3814217042191.0,,,,,
2022-01-04,5332174.0,5508392.0,5313005.0,5358192.5,4936840452926.0,,,,,
2022-01-05,5059535.0,5433187.0,4968788.0,5332381.0,4279403883921.0,,,,,
2022-01-06,5000901.0,5075843.0,4936157.5,5059130.0,3500097470654.0,,,,,
2022-01-07,4801373.5,5000048.5,4751727.5,5000048.5,9727616905368.0,,,,,
2022-01-08,4823943.0,4881159.0,4701227.0,4801785.0,3244133939427.0,,,,,
2022-01-09,4845882.0,4930459.0,4778195.0,4824033.5,2462088662687.0,,,,,
2022-01-10,4821181.5,4887221.0,4588156.5,4845724.0,3700995968233.0,,,,,
2022-01-11,4928934.5,4960185.0,4786492.5,4820979.0,3036496094973.0,,,,,
2022-01-12,5039764.0,5055106.0,4906144.0,4929664.0,3841530094247.0,,,,,
2022-01-13,4860458.0,5057471.5,4842592.5,5039493.5,5442409004587.0,,,,,
2022-01-14,4923494.0,4950430.0,4777995.5,4861291.0,2693364677273.0,,,,,
2022-01-15,4932370.0,4994888.0,4874297.0,4923745.5,2098650972794.0,,,,,
2022-01-16,4928470.0,4962003.5,4876809.0,4931758.0,2046439527168.0,,,,,
2022-01-17,4840793.5,4937628.0,4777711.0,4928954.5,2485202819368.0,,,,,
2022-01-18,4854339.0,4874634.0,4742182.0,4840739.0,2568002468869.0,,,,,
2022-01-19,4773474.0,4857543.0,4718288.0,4854156.5,2640523300375.0,,,,,
2022-01-20,4637229.0,4949121.0,4636363.0,4773439.0,2323382018899.0,,,,,
2022-01-21,4145015.5,4674659.0,4069307.0,4639416.0,4890249376380.0,,,,,
2022-01-22,3982765.25,4171335.25,3905338.75,4146638.25,4515327918733.0,,,,,
2022-01-23,4128028.25,4143384.5,3954877.5,3984710.5,2960650528381.0,,,,,
2022-01-24,4179121.25,4245565.5,3775368.75,4127906.25,4772261815910.0,,,,,
2022-01-25,4208899.0,4264917.5,4071699.0,4179175.75,3010055171408.0,,,,,
2022-01-26,4227700.0,4443011.5,4170883.25,4208502.0,3593578769596.0,,,,,
2022-01-27,4284006.5,4285170.5,4110069.0,4226525.0,2888603685974.0,,,,,
2022-01-28,4354835.0,4373714.5,4187070.0,4282877.5,2563137391991.0,,,,,
2022-01-29,4395617.5,4446109.0,4311285.0,4354418.0,1981716328045.0,,,,,
2022-01-30,4370591.5,4410387.0,4315051.5,4397201.0,1687895933162.0,,,,,
2022-01-31,4430426.5,4443469.0,4241497.0,4370900.0,2387116255797.0,,,,,
2022-02-01,4445287.0,4488691.0,4371408.5,4430269.5,2327841662081.0,,,,,
2022-02-02,4226750.0,4457127.0,4214895.0,4445337.5,2191005683151.0,,,,,
2022-02-03,4271218.5,4271218.5,4174772.0,4225814.5,2137245653983.0,,,,,
2022-02-04,4781938.5,4785039.0,4260593.0,4270605.0,3389021988486.0,,,,,
2022-02-05,4775058.0,4821839.5,4728614.5,4782008.0,2264499205086.0,,,,,
2022-02-06,4887050.5,4898237.0,4752444.5,4775053.0,1860002701463.0,,,,,
2022-02-07,5044474.0,5109944.0,4809679.5,4886399.0,3295669652060.0,,,,,
2022-02-08,5097335.0,5231078.5,4947687.0,5046127.5,3821911046763.0,,,,,
2022-02-09,5125676.0,5168060.0,4990724.5,5094823.0,2687282686553.0,,,,,
2022-02-10,5055775.0,5294264.5,5048419.5,5126716.5,3730116874806.0,,,,,
2022-02-11,4894936.0,5078880.0,4861070.5,5056473.5,3111272143348.0,,,,,
2022-02-12,4876068.0,4962415.5,4830833.0,4895439.5,2095239650837.0,,,,,
2022-02-13,4877505.5,4947996.5,4861988.5,4875155.5,1703943420214.0,,,,,
2022-02-14,4920466.0,4948687.0,4806513.0,4872868.5,2406429031824.0,,,,,
2022-02-15,5154743.5,5164825.5,4903759.5,4920413.5,2627566735108.0,,,,,
2022-02-16,5072924.0,5155098.5,5017292.5,5155098.5,2283936296161.0,,,,,
2022-02-17,4656182.5,5096824.0,4625438.0,5070063.5,3014682941883.0,,,,,
2022-02-18,4602962.5,4712869.0,4562323.0,4657804.5,2680301714610.0,,,,,
2022-02-19,4613447.0,4647565.5,4566407.0,4602393.0,1579498388025.0,,,,,
2022-02-20,4418081.0,4613186.5,4382402.5,4612980.5,2108437254062.0,,,,,
2022-02-21,4249290.5,4529273.5,4239660.5,4417142.0,3355900165631.0,,,,,
2022-02-22,4406712.0,4415142.5,4182677.75,4248544.5,2934255243490.0,,,,,
2022-02-23,4285275.5,4502026.0,4274898.0,4406626.5,2510399592089.0,,,,,
2022-02-24,4429333.0,4506646.0,3947397.25,4283206.5,5359648331794.0,,,,,
2022-02-25,4531458.0,4580091.0,4395209.5,4429464.5,3067516529211.0,,,,,
2022-02-26,4518404.5,4622878.0,4472329.5,4531326.5,2018288541843.0,,,,,
2022-02-27,4358836.0,4596258.0,4290258.5,4517659.0,2710576800530.0,,,,,
2022-02-28,4970893.5,5032266.5,4336202.5,4358399.0,4107385273159.0,,,,,
2022-03-01,5093791.0,5142148.5,4947064.0,4971039.5,3729970140728.0,,,,,
2022-03-02,5074026.0,5206464.5,5011977.5,5094133.0,3371174804758.0,,,,,
2022-03-03,4902474.0,5088951.0,4838680.5,5074150.5,2883362759722.0,,,,,
2022-03-04,4493584.0,4903931.5,4454718.0,4903207.5,3274095703852.0,,,,,
2022-03-05,4523778.0,4542809.0,4452185.5,4494829.5,1949089961978.0,,,,,
2022-03-06,4416473.5,4551287.0,4387901.0,4524193.0,2269763845155.0,,,,,
2022-03-07,4391175.5,4551062.5,4298150.5,4417545.0,3293337175131.0,,,,,
2022-03-08,4482909.0,4545460.5,4378599.5,4390929.5,2983020899376.0,,,,,
2022-03-09,4866283.0,4916421.0,4481174.0,4483551.0,3742084753177.0,,,,,
2022-03-10,4581962.5,4869706.0,4506572.5,4865256.5,3610742792292.0,,,,,
2022-03-11,4550185.5,4683711.0,4458185.0,4582254.0,3092285809676.0,,,,,
2022-03-12,4562974.5,4610428.0,4547554.0,4550126.0,1714334562272.0,,,,,
2022-03-13,4448603.5,4598787.0,4433717.0,4560712.5,2033417148860.0,,,,,
2022-03-14,4689423.5,4699968.0,4428560.0,4448210.0,2875377806394.0,,,,,
2022-03-15,4654303.0,4706560.5,4520369.0,4689127.5,2831711422587.0,,,,,
2022-03-16,4890730.5,4902481.0,4612773.0,4653922.5,4709216607923.0,,,,,
2022-03-17,4852358.5,4904009.5,4829915.5,4890364.0,2607933529242.0,,,,,
2022-03-18,4983325.5,5026716.0,4796670.5,4851584.0,4103567450019.0,,,,,
2022-03-19,5029759.5,5044769.0,4959663.0,4982549.5,2344345807228.0,,,,,
2022-03-20,4919483.5,5035781.0,4888383.0,5029849.0,2400589752978.0,,,,,
2022-03-21,4912692.5,4939355.0,4845455.0,4919282.0,2943877435797.0,,,,,
2022-03-22,5139830.0,5192539.0,4908334.0,4912226.5,3883453663314.0,,,,,
2022-03-23,5195529.0,5195595.5,5070570.5,5140505.5,3057621893707.0,,,,,
2022-03-24,5378691.5,5397267.0,5178090.5,5194765.5,3798160551708.0,,,,,
2022-03-25,5414315.0,5495584.0,5315034.0,5379133.5,3732677215310.0,,,,,
2022-03-26,5433328.5,5462041.5,5392039.5,5414452.5,2069565924697.0,,,,,
2022-03-27,5724793.5,5727729.5,5425571.5,5433881.5,3443263135054.0,,,,,
2022-03-28,5825634.0,5953198.5,5707810.5,5724959.5,4494837625236.0,,,,,
2022-03-29,5844160.0,5915342.5,5822226.5,5822226.5,3865724523752.0,,,,,
2022-03-30,5742918.0,5808400.0,5721128.5,5843072.5,3579527255063.0,,,,,
2022-03-31,5544202.5,5777681.0,5528363.0,5742855.0,4057517970922.0,,,,,
2022-04-01,5669825.5,5724026.5,5446369.0,5546088.0,4675191063666.0,,,,,
2022-04-02,5619267.5,5761293.5,5608678.5,5670297.5,3593938144949.0,,,,,
2022-04-03,5696903.0,5803874.5,5590497.0,5618064.5,3116732772524.0,,,,,
2022-04-04,5725271.0,5745688.5,5553375.0,5695885.5,3990978296813.0,,,,,
2022-04-05,5633386.0,5792736.0,5632002.5,5725496.0,3665312636499.0,,,,,
2022-04-06,5345807.5,5631946.5,5344226.0,5631946.5,4873997135590.0,,,,,
2022-04-07,5398773.5,5437191.5,5302528.5,5345902.0,3239222235013.0,,,,,
2022-04-08,5257413.5,5459044.0,5244437.0,5398933.0,3383628363949.0,,,,,
2022-04-09,5318888.5,5319470.5,5244432.5,5256719.0,1995512135224.0,,,,,
2022-04-10,5250627.0,5381188.5,5225232.0,5318758.5,2196213819980.0,,,,,
2022-04-11,4959208.0,5290610.0,4938846.0,5249802.0,4260034978571.0,,,,,
2022-04-12,5032681.0,5074956.0,4941561.0,4960690.5,3886899801959.0,,,,,
2022-04-13,5161690.5,5204485.0,4987769.0,5032228.0,3472049228985.0,,,,,
2022-04-14,5039503.0,5192088.0,5000790.5,5160874.0,3071741571005.0,,,,,
2022-04-15,5128108.0,5137532.5,5028881.5,5039993.5,2751220225930.0,,,,,
2022-04-16,5111798.0,5138252.0,5068038.0,5127963.0,2128602826600.0,,,,,
2022-04-17,5029139.5,5130291.5,5018699.5,5110950.0,2416961990162.0,,,,,
2022-04-18,5189542.5,5205057.5,4899383.0,5029677.5,4284366808713.0,,,,,
2022-04-19,5368246.0,5367043.0,5195273.5,5189791.5,3272887531413.0,,,,,
2022-04-20,5296541.0,5385546.5,5234670.0,5368115.5,3561317432655.0,,,,,
2022-04-21,5204848.5,5502724.5,5146085.5,5296174.5,4542856211193.0,,,,,
2022-04-22,5104645.0,5217453.0,5064848.0,5204655.5,3598105746131.0,,,,,
2022-04-23,5072899.5,5130600.0,5054791.5,5104440.0,2073267727937.0,,,,,
2022-04-24,5076086.5,5119046.0,5040372.0,5071826.0,2310374301672.0,,,,,
2022-04-25,5169601.0,5183693.5,4910322.0,5076513.0,4529113669344.0,,,,,
2022-04-26,4851114.0,5211164.0,4824994.0,5168337.5,4399521459965.0,,,,,
2022-04-27,5040429.5,5047937.0,4842030.5,4851475.5,3979438118542.0,,,,,
2022-04-28,5201986.0,5276533.0,5097981.5,5040468.5,4434237311748.0,,,,,
2022-04-29,5013292.5,5201260.0,4962703.5,5201304.0,4010002617816.0,,,,,
2022-04-30,4897088.0,5034248.0,4894889.5,5012778.0,3102739086839.0,,,,,
2022-05-01,5001194.0,5015634.5,4880327.0,4896879.0,3510507329452.0,,,,,
2022-05-02,5012819.5,5097310.5,4965828.5,5001596.0,4283367470168.0,,,,,
2022-05-03,4912219.0,5027816.0,4892285.5,5012661.0,3555875791310.0,,,,,
2022-05-04,5130659.0,5157259.0,4909615.0,4911901.0,4750177522261.0,,,,,
2022-05-05,4766646.5,5147991.0,4663374.5,5130319.5,5617812077988.0,,,,,
2022-05-06,4706043.0,4771733.0,4625229.0,4766391.0,4935156970534.0,,,,,
2022-05-07,4635667.0,4717664.5,4562397.5,4706249.5,3182882311952.0,,,,,
2022-05-08,4452870.5,4635796.0,4423745.5,4635796.0,4806359660000.0,,,,,
2022-05-09,3950101.75,4477348.0,3950101.75,4452969.0,8260257755321.0,,,,,
2022-05-10,4044437.25,4252414.5,3893453.25,3947064.0,7797528579487.0,,,,,
2022-05-11,3757313.25,4155533.25,3661117.0,4043560.75,9139816955814.0,,,,,
2022-05-12,3735677.75,3895610.5,3401233.5,3757362.5,8615123489216.0,,,,,
2022-05-13,3783522.75,3997419.5,3696457.0,3733512.0,5535286540078.0,,,,,
2022-05-14,3889233.5,3901060.5,3708558.75,3783850.75,3692661287429.0,,,,,
2022-05-15,4051257.25,4051655.75,3815131.0,3888887.25,3343407169626.0,,,,,
2022-05-16,3850667.5,4051287.0,3774871.0,4051161.75,4205391895629.0,,,,,
2022-05-17,3937876.75,3979801.75,3825928.75,3850601.75,3766467904953.0,,,,,
2022-05-18,3674284.75,3962023.5,3674284.75,3937698.25,4002433874429.0,,,,,
2022-05-19,3875878.75,3885577.25,3690852.0,3674296.0,4318148062018.0,,,,,
2022-05-20,3733752.0,3929158.5,3675464.75,3875467.5,3931769079845.0,,,,,
2022-05-21,3763351.0,3783380.0,3711587.0,3733639.25,2208847064674.0,,,,,
2022-05-22,3878131.0,3892091.25,3743270.5,3763382.5,2766478293501.0,,,,,
2022-05-23,3719553.5,3903879.0,3702622.5,3876299.0,4024356836998.0,,,,,
2022-05-24,3758448.25,3777651.0,3640319.75,3719836.75,3373285505358.0,,,,,
2022-05-25,3758990.5,3832786.75,3731703.75,3758137.5,3499938751639.0,,,,,
2022-05-26,3719985.75,3801409.0,3590853.5,3759297.75,4674169365746.0,,,,,
2022-05-27,3639566.5,3727731.75,3601304.0,3717941.5,4650853139830.0,,,,,
2022-05-28,3663382.0,3663382.0,3630284.75,3638937.25,4515781346190.0,,,,,
2022-05-29,3747712.25,3751542.0,3666714.0,3689440.75,2302885822310.0,,,,,
2022-05-30,4054141.0,4076868.75,3723217.0,3747382.25,5019118731516.0,,,,,
2022-05-31,4092859.25,4146655.25,4030862.0,4053818.25,4317622037711.0,,,,,
2022-06-01,3877575.5,4119906.5,3839661.25,4092890.75,5352757095671.0,,,,,
2022-06-02,3958899.75,3974212.75,3852612.75,3877030.25,3779074428871.0,,,,,
2022-06-03,3886908.75,3976115.75,3840342.5,3958941.0,3425148960150.0,,,,,
2022-06-04,3903487.75,3916264.75,3860164.5,3887137.5,2170505398056.0,,,,,
2022-06-05,3909862.5,3940756.25,3869668.75,3903776.0,2257028842157.0,,,,,
2022-06-06,4146519.75,4164225.75,3907250.0,3910336.0,4222742348009.0,,,,,
2022-06-07,4137986.75,4176994.5,3888221.25,4146661.25,5415091078415.0,,,,,
2022-06-08,4062577.0,4149318.25,3984905.5,4137455.75,4066301904496.0,,,,,
2022-06-09,4046902.0,4089343.75,4035585.0,4062701.0,2915296974277.0,,,,,
2022-06-10,3909880.75,4055222.0,3893489.25,4046677.75,4015233755311.0,,,,,
2022-06-11,3812118.5,3952646.25,3795370.5,3909996.75,3662348303168.0,,,,,
2022-06-12,3608100.25,3831188.5,3608100.25,3813826.0,4605834112483.0,,,,,
2022-06-13,3018512.0,3613572.75,2972331.0,3604720.0,9155188550119.0,,,,,
2022-06-14,3004507.0,3100836.75,2813473.25,3018592.5,6888441261188.0,,,,,
2022-06-15,3027357.0,3037835.25,2715757.25,3003145.5,7364525435783.0,,,,,
2022-06-16,2698855.5,3074120.5,2687999.75,3027821.75,4129255371170.0,,,,,
2022-06-17,2763281.75,2853272.75,2700697.0,2699394.0,3662388636092.0,,,,,
2022-06-18,2567239.0,2798992.5,2390531.5,2763544.0,5670958891846.0,,,,,
2022-06-19,2780826.75,2797207.75,2438930.0,2566329.25,4780088242242.0,,,,,
2022-06-20,2783047.75,2821837.25,2656468.25,2780840.25,4163648876469.0,,,,,
2022-06-21,2823214.75,2943302.75,2756227.25,2782339.5,3949144078727.0,,,,,
2022-06-22,2718091.25,2834512.75,2703705.25,2824416.75,3885964976621.0,,,,,
2022-06-23,2842828.0,2851341.25,2714443.5,2718033.75,3530716672371.0,,,,,
2022-06-24,2870732.25,2903353.25,2793804.25,2842662.25,3374542098792.0,,,,,
2022-06-25,2907331.25,2909842.75,2834621.5,2870996.5,2484150959701.0,,,,,
2022-06-26,2839820.25,2945377.5,2838467.75,2906541.0,2434641484234.0,,,,,
2022-06-27,2808405.25,2899040.0,2793021.25,2839947.75,2839585964421.0,,,,,
2022-06-28,2759134.0,2872790.25,2755235.0,2807872.5,2908908986637.0,,,,,
2022-06-29,2746672.0,2771310.0,2720853.0,2759206.75,3217846041821.0,,,,,
2022-06-30,2686739.25,2753750.75,2542555.5,2747258.0,3567055971393.0,,,,,
2022-07-01,2605700.0,2804319.25,2580997.0,2691593.25,4160542105415.0,,,,,
2022-07-02,2602034.0,2619544.5,2572937.0,2606439.75,2447629124111.0,,,,,
2022-07-03,2605907.5,2646722.75,2564806.0,2602012.25,2213442352810.0,,,,,
2022-07-04,2748730.5,2752701.75,2574371.75,2605939.75,2933966317464.0,,,,,
2022-07-05,2736628.75,2804030.0,2626932.0,2747927.75,3621105385710.0,,,,,
2022-07-06,2793606.0,2802097.25,2680155.25,2737239.25,3344312493439.0,,,,,
2022-07-07,2941005.5,2960905.75,2757154.5,2793547.25,3508800465365.0,,,,,
2022-07-08,2957495.75,3032668.5,2893903.5,2940946.75,6791116685760.0,,,,,
2022-07-09,2938483.25,2977260.0,2918580.25,2955551.25,4033861090202.0,,,,,
2022-07-10,2843263.5,2938330.25,2820754.25,2938330.25,3910262911440.0,,,,,
2022-07-11,2744279.0,2842705.25,2736133.5,2842705.25,3318636657531.0,,,,,
2022-07-12,2642299.5,2755888.75,2639714.25,2744267.75,3529219224124.0,,,,,
2022-07-13,2781833.25,2780560.0,2612636.0,2642581.0,4547704033915.0,,,,,
2022-07-14,2858749.5,2886678.75,2738458.5,2781749.5,4330354337529.0,,,,,
2022-07-15,2888290.25,2928441.0,2830968.75,2859199.25,3590979045060.0,,,,,
2022-07-16,2935526.25,2980422.5,2844288.75,2887981.75,3366724679814.0,,,,,
2022-07-17,2873762.5,2992369.0,2873601.5,2936180.75,3170892100227.0,,,,,
2022-07-18,3108888.25,3126504.5,2874117.5,2874117.5,5526900972049.0,,,,,
2022-07-19,3232197.5,3270361.75,2987648.25,3106421.75,6738887743318.0,,,,,
2022-07-20,3215704.0,3342627.25,3178502.5,3232717.0,5942663522377.0,,,,,
2022-07-21,3175472.25,3236970.0,3098930.5,3215907.5,4610233319755.0,,,,,
2022-07-22,3090372.75,3221552.25,3075616.5,3175352.0,4274902572734.0,,,,,
2022-07-23,3059303.75,3126049.5,2996312.25,3089285.0,3271240567180.0,,,,,
2022-07-24,3082658.0,3129771.25,3037701.0,3059308.0,3213049239835.0,,,,,
2022-07-25,2914043.5,3093473.5,2914035.75,3082384.0,4852882449485.0,,,,,
2022-07-26,2909119.5,2913964.5,2839165.0,2913964.5,3920600718294.0,,,,,
2022-07-27,3121296.75,3138235.0,2885278.25,2909724.25,4323015753354.0,,,,,
2022-07-28,3204693.75,3237337.0,3070891.75,3121717.75,5404672038960.0,,,,,
2022-07-29,3170896.5,3223743.0,3152118.5,3204872.0,4780361611630.0,,,,,
2022-07-30,3151125.5,3273190.75,3141042.0,3169855.5,3749483818154.0,,,,,
2022-07-31,3112523.5,3213123.75,3103035.25,3150574.25,3141424988775.0,,,,,
2022-08-01,3066741.0,3092306.75,3019605.0,3112499.75,3400188699938.0,,,,,
2022-08-02,3064493.75,3097538.25,2970717.5,3065982.75,3786153713866.0,,,,,
2022-08-03,3059852.25,3149408.25,3042580.0,3064918.75,3520797136212.0,,,,,
2022-08-04,3001328.75,3102727.5,2988177.5,3060081.0,3331457432106.0,,,,,
2022-08-05,3142252.5,3118105.5,3002908.5,3000782.0,3896730324047.0,,,,,
2022-08-06,3099543.0,3147278.0,3099543.0,3142537.25,2156905301842.0,,,,,
2022-08-07,3130217.0,3153991.75,3090536.25,3099843.75,2145729113658.0,,,,,
2022-08-08,3210411.75,3266130.5,3134520.5,3130708.0,3853055028376.0,,,,,
2022-08-09,3131711.5,3225039.25,3102091.75,3210681.0,3184627237655.0,,,,,
2022-08-10,3180726.0,3212830.75,3079745.75,3131519.75,4361467681259.0,,,,,
2022-08-11,3186711.0,3285641.25,3179163.25,3180819.25,4938452770705.0,,,,,
2022-08-12,3256226.75,3257527.5,3166469.75,3186667.25,3638253547214.0,,,,,
2022-08-13,3259062.25,3317238.0,3248660.25,3256142.5,3067351033068.0,,,,,
2022-08-14,3242282.0,3332565.25,3229998.5,3259728.0,3065604712147.0,,,,,
2022-08-15,3213434.75,3351114.5,3172450.75,3242146.25,4676107686852.0,,,,,
2022-08-16,3207155.75,3233828.0,3188928.0,3211992.25,3726889800083.0,,,,,
2022-08-17,3149336.75,3280778.5,3138527.0,3206890.5,4174413279229.0,,,,,
2022-08-18,3152510.5,3179738.75,3148491.75,3150017.25,3225151467705.0,,,,,
2022-08-19,2859077.25,3152588.5,2857885.0,3152588.5,5547589869685.0,,,,,
2022-08-20,2897644.25,2923886.25,2855297.0,2858432.0,3777861157791.0,,,,,
2022-08-21,2948270.75,2966716.25,2889038.25,2896868.25,3162973710080.0,,,,,
2022-08-22,2944003.5,2947907.0,2865060.75,2947907.0,4356590425146.0,,,,,
2022-08-23,2943872.75,2942692.0,2877779.5,2944297.5,4359216741021.0,,,,,
2022-08-24,2933252.0,2987908.25,2901479.75,2943649.5,4382016946190.0,,,,,
2022-08-25,2949945.5,2975037.25,2926953.5,2933312.0,4237457485749.0,,,,,
2022-08-26,2787232.75,2979181.0,2778904.75,2949287.5,5823025963618.0,,,,,
2022-08-27,2757041.75,2798342.5,2736239.75,2787571.5,4143007931578.0,,,,,
2022-08-28,2710340.5,2770429.0,2710340.5,2756945.0,3366619499515.0,,,,,
2022-08-29,2814237.5,2826117.5,2710171.25,2710110.75,4525110883566.0,,,,,
2022-08-30,2747087.75,2847104.5,2721854.5,2814323.25,4785054753623.0,,,,,
2022-08-31,2793550.25,2829524.5,2747472.5,2747472.5,4629299383647.0,,,,,
2022-09-01,2819604.75,2817249.5,2752322.0,2793652.75,4228191120852.0,,,,,
2022-09-02,2799981.5,2859279.75,2776375.75,2819455.25,4083505013632.0,,,,,
2022-09-03,2780676.75,2809409.25,2761926.0,2799974.25,3310809557850.0,,,,,
2022-09-04,2809002.75,2809116.5,2753297.75,2780730.75,3548141757034.0,,,,,
2022-09-05,2782299.5,2813186.25,2764776.25,2809294.5,4046344260520.0,,,,,
2022-09-06,2696792.5,2829074.25,2685110.0,2783051.25,6213695111621.0,,,,,
2022-09-07,2780021.75,2793122.25,2677925.25,2696794.75,5078571489127.0,,,,,
2022-09-08,2781128.25,2796059.75,2753460.25,2779966.5,4632060986859.0,,,,,
2022-09-09,3046922.25,3055224.25,2779062.75,2780884.5,6907152717676.0,,,,,
2022-09-10,3089586.5,3100949.25,3016649.75,3046318.0,5260394345590.0,,,,,
2022-09-11,3103623.25,3103808.25,3050597.75,3089302.0,4917771686848.0,,,,,
2022-09-12,3189668.0,3198483.25,3088417.25,3103750.5,7159440493014.0,,,,,
2022-09-13,2931922.5,3218170.25,2900641.75,3189815.25,7380270746059.0,,,,,
2022-09-14,2892871.25,2957177.25,2832911.25,2915721.75,5412748028850.0,,,,,
2022-09-15,2823942.0,2919624.0,2815097.5,2893042.75,5215946325369.0,,,,,
2022-09-16,2826026.25,2843031.5,2774290.25,2824342.5,4305426737904.0,,,,,
2022-09-17,2877368.0,2882365.0,2826662.25,2826662.25,3567829429350.0,,,,,
2022-09-18,2772367.5,2877319.0,2773245.0,2877319.0,4461994780104.0,,,,,
2022-09-19,2798396.75,2813257.25,2635359.25,2772234.0,5752683855153.0,,,,,
2022-09-20,2712441.75,2802620.25,2702270.5,2798606.25,5282700539359.0,,,,,
2022-09-21,2675309.5,2838124.5,2636838.25,2712512.5,6687594779530.0,,,,,
2022-09-22,2761971.75,2769965.75,2659574.5,2673470.25,5852398043595.0,,,,,
2022-09-23,2766028.25,2768782.5,2665174.75,2761808.0,5575171855613.0,,,,,
2022-09-24,2715122.5,2767828.5,2704363.75,2765935.5,3749244313631.0,,,,,
2022-09-25,2698602.75,2743471.0,2681793.25,2715022.0,3352778423548.0,,,,,
2022-09-26,2777272.5,2771644.5,2695975.5,2698861.5,6378574232563.0,,,,,
2022-09-27,2765525.5,2942100.0,2740360.25,2777152.25,8475990170140.0,,,,,
2022-09-28,2805558.5,2837366.0,2684569.25,2764668.0,7664424284846.0,,,,,
2022-09-29,2826861.5,2830513.75,2737370.75,2805711.5,5926940418514.0,,,,,
2022-09-30,2812751.0,2908153.5,2785757.0,2826916.5,6365415953581.0,,,,,
2022-10-01,2795213.25,2818449.25,2783487.5,2812652.0,2709447162802.0,,,,,
2022-10-02,2757691.5,2803639.25,2748378.25,2795177.75,3007024544173.0,,,,,
2022-10-03,2836159.25,2840300.5,2755594.75,2757685.75,4405900794136.0,,,,,
2022-10-04,2925509.25,2938078.75,2828204.0,2836160.0,5162481165403.0,,,,,
2022-10-05,2911956.25,2925240.25,2864677.75,2925373.75,4798749468644.0,,,,,
2022-10-06,2894457.25,2952409.5,2885430.0,2912002.75,5034751605091.0,,,,,
2022-10-07,2841037.5,2904159.5,2817947.0,2894764.0,4248045211361.0,,,,,
2022-10-08,2822489.5,2849009.25,2805459.25,2840961.75,2389426018630.0,,,,,
2022-10-09,2828784.0,2840801.25,2812705.0,2822622.0,2449240812887.0,,,,,
2022-10-10,2788410.0,2836762.5,2782947.5,2828782.75,3995103625938.0,,,,,
2022-10-11,2779497.25,2801312.0,2758900.0,2788048.25,4188854738179.0,,,,,
2022-10-12,2811910.75,2819284.75,2793308.5,2779676.25,3662161566951.0,,,,,
2022-10-13,2855332.5,2864927.25,2705187.5,2811840.5,6514108648668.0,,,,,
2022-10-14,2853961.5,2926670.0,2843511.75,2855278.0,5719978774869.0,,,,,
2022-10-15,2836405.25,2857960.75,2829207.75,2853929.0,2408675343851.0,,,,,
2022-10-16,2864057.5,2880180.25,2836595.5,2836595.5,2673917543200.0,,,,,
2022-10-17,2912554.5,2919737.0,2852164.75,2864127.25,4092696110377.0,,,,,
2022-10-18,2884994.5,2927865.0,2857156.0,2912511.25,4563011831946.0,,,,,
2022-10-19,2867627.75,2887277.25,2865351.75,2885085.75,3359938679061.0,,,,,
2022-10-20,2861320.75,2890173.75,2844561.5,2867410.5,3678286673637.0,,,,,
2022-10-21,2831294.5,2836773.75,2849410.25,2861240.25,4793425335565.0,,,,,
2022-10-22,2836953.75,2842843.25,2825354.0,2831281.25,2378545407215.0,,,,,
2022-10-23,2888721.25,2925720.5,2824548.25,2836886.25,3266923697482.0,,,,,
2022-10-24,2880376.25,2910562.0,2859130.25,2888833.75,4496832701601.0,,,,,
2022-10-25,2973830.0,3008491.25,2867763.0,2880285.75,7067857919603.0,,,,,
2022-10-26,3034296.75,3066620.0,2971887.75,2973294.5,8603947450101.0,,,,,
2022-10-27,2967532.5,3026708.25,2962054.5,3034641.75,7259455355551.0,,,,,
2022-10-28,3036887.5,3061418.0,2963342.75,2967842.5,6487240834551.0,,,,,
2022-10-29,3069788.5,3094843.75,3032631.0,3036851.0,5952734852341.0,,,,,
2022-10-30,3050241.5,3084317.25,3032983.75,3069715.5,4654138425135.0,,,,,
2022-10-31,3048545.0,3090839.75,3017414.75,3049959.5,6792735365687.0,,,,,
2022-11-01,3029958.5,3044905.25,3012726.5,3048414.5,5889637735290.0,,,,,
2022-11-02,2981402.25,3028263.75,2972604.75,3029616.25,8215647379871.0,,,,,
2022-11-03,2998907.0,3002823.0,2980221.25,2981873.5,6414600763653.0,,,,,
2022-11-04,3100289.5,3113064.25,2993166.5,2998726.25,9393382281066.0,,,,,
2022-11-05,3120149.0,3144220.75,3093018.75,3099938.0,5548419672752.0,,,,,
2022-11-06,3072973.5,3129339.0,3072049.0,3120495.75,5151757552494.0,,,,,
2022-11-07,3020919.0,3097816.75,3004240.75,3072699.5,7846108975409.0,,,,,
2022-11-08,2693961.75,3029050.5,2563667.5,3020604.5,17289059870904.0,,,,,
2022-11-09,2321727.75,2703852.25,2294581.75,2694323.5,15044459063594.0,,,,,
2022-11-10,2492698.25,2549702.25,2315590.5,2322075.5,11792851687637.0,,,,,
2022-11-11,2364360.0,2508481.5,2310714.25,2492199.5,7754980368579.0,,,,,
2022-11-12,2331978.75,2368854.5,2311266.75,2364718.25,4125262444905.0,,,,,
2022-11-13,2283207.75,2348856.25,2276026.75,2332053.5,3798864598167.0,,,,,
2022-11-14,2328095.5,2401155.75,2215613.25,2283021.25,6952856257370.0,,,,,
2022-11-15,2346395.75,2374052.5,2322071.25,2327995.5,5086095548271.0,,,,,
2022-11-16,2322499.5,2374934.5,2289360.25,2346357.75,4726732678271.0,,,,,
2022-11-17,2343347.75,2331155.5,2296886.75,2322637.0,3913497385264.0,,,,,
2022-11-18,2343450.75,2376870.25,2322348.25,2343403.0,3769979859377.0,,,,,
2022-11-19,2345717.5,2357835.0,2325575.5,2343232.0,2260751075884.0,,,,,
2022-11-20,2285187.5,2350662.75,2280357.75,2345910.25,2989538817657.0,,,,,
2022-11-21,2243286.25,2285102.0,2216731.25,2285102.0,5318524029925.0,,,,,
2022-11-22,2285347.75,2297834.25,2222608.0,2242578.25,4337399147801.0,,,,,
2022-11-23,2312915.25,2322536.75,2282285.0,2286169.25,4589274262128.0,,,,,
2022-11-24,2301452.75,2329061.5,2279889.75,2313045.0,3621600714588.0,,,,,
2022-11-25,2298601.25,2300683.0,2272764.5,2301148.25,2598612362614.0,,,,,
2022-11-26,2290593.25,2318777.5,2283908.0,2298564.5,2504251491842.0,,,,,
2022-11-27,2291967.0,2311293.75,2291111.0,2290538.0,2849364947301.0,,,,,
2022-11-28,2249734.5,2292471.0,2228346.0,2291353.25,3848628045680.0,,,,,
2022-11-29,2281763.25,2281367.25,2236234.5,2249778.5,3271990300784.0,,,,,
2022-11-30,2358307.0,2360068.25,2281832.0,2281832.0,4055415066404.0,,,,,
2022-12-01,2293163.75,2336227.0,2285425.0,2358229.75,3094387394092.0,,,,,
2022-12-02,2295263.25,2295263.25,2288134.5,2293373.25,2624475436748.0,,,,,
2022-12-03,2271029.75,2298941.0,2268330.5,2295456.5,2178290630289.0,,,,,
2022-12-04,2303750.5,2307565.25,2270385.5,2271020.75,2262603622531.0,,,,,
2022-12-05,2318459.0,2335551.0,2313998.75,2303536.5,3033365939790.0,,,,,
2022-12-06,2339312.0,2339852.0,2320180.75,2318515.5,2722649924414.0,,,,,
2022-12-07,2297756.0,2344625.25,2302816.5,2339312.5,2683341488241.0,,,,,
2022-12-08,2354705.75,2360255.0,2296343.0,2297650.0,2800565412379.0,,,,,
2022-12-09,2339789.0,2347644.25,2336926.25,2354524.5,2776151706509.0,,,,,
2022-12-10,2339355.25,2351387.75,2338257.25,2339935.0,1735428592493.0,,,,,
2022-12-11,2338613.5,2356383.0,2336516.0,2339490.0,1930932318350.0,,,,,
2022-12-12,2366169.25,2366994.25,2313814.25,2338382.25,2697741124456.0,,,,,
2022-12-13,2410706.5,2417890.25,2354795.25,2366169.5,3611011311312.0,,,,,
2022-12-14,2411391.25,2468513.5,2398346.75,2410807.75,3456153581830.0,,,,,
2022-12-15,2392044.75,2417225.5,2386346.25,2411119.75,2887894687840.0,,,,,
2022-12-16,2275794.25,2399169.75,2267211.5,2392001.0,3285241102807.0,,,,,
2022-12-17,2295973.25,2296725.0,2271221.25,2275725.75,1977244333519.0,,,,,
2022-12-18,2288746.75,2292332.25,2282676.0,2296044.25,1492010625947.0,,,,,
2022-12-19,2251808.75,2288075.75,2243629.0,2288892.0,2358839501512.0,,,,,
2022-12-20,2229829.0,2244958.5,2253410.5,2252097.25,2996893062768.0,,,,,
2022-12-21,2226605.25,2228484.0,2216220.75,2229594.5,1970469814724.0,,,,,
2022-12-22,2228034.25,2226431.25,2197297.75,2226717.25,2176568323519.0,,,,,
2022-12-23,2230047.5,2244190.75,2227112.0,2227942.0,2035190061042.0,,,,,
2022-12-24,2236792.5,2239042.5,2229593.0,2230050.75,1293746731809.0,,,,,
2022-12-25,2236777.0,2238491.75,2227962.75,2236759.25,1548078732379.0,,,,,
2022-12-26,2246311.75,2246354.0,2235221.5,2236811.75,1578139461829.0,,,,,
2022-12-27,2231532.25,2250012.0,2219470.0,2246243.5,2102237292352.0,,,,,
2022-12-28,2218622.0,2246993.5,2218220.25,2231429.0,2279358739559.0,,,,,
2022-12-29,2212103.75,2216577.0,2204510.0,2218588.5,1923652820682.0,,,,,
2022-12-30,2176848.75,2207353.5,2162035.75,2211969.0,2088552861364.0,,,,,
2022-12-31,2169625.5,2180310.25,2165695.25,2176991.5,1473626402457.0,,,,,
2023-01-01,2176655.25,2174429.75,2166182.25,2169680.5,1210327299919.0,,,,,
2023-01-02,2182750.75,2194497.75,2169686.0,2176711.5,1582315548856.0,,,,,
2023-01-03,2190040.25,2176679.25,2174724.25,2182800.0,1825453445195.0,,,,,
2023-01-04,2230174.25,2247226.0,2182748.0,2190086.0,2436287528506.0,,,,,
2023-01-05,2244736.5,2227512.5,2243198.5,2230205.25,1825569691667.0,,,,,
2023-01-06,2239100.0,2244232.75,2249328.25,2244701.5,1903828011301.0,,,,,
2023-01-07,2239510.75,2242144.25,2234110.25,2239119.5,1019004671892.0,,,,,
2023-01-08,2252668.5,2252668.5,2235412.5,2239387.5,1287563267788.0,,,,,
2023-01-09,2265336.5,2290124.75,2253043.75,2253043.75,2453473836814.0,,,,,
2023-01-10,2304734.75,2312037.0,2262659.5,2264861.75,2088353700682.0,,,,,
2023-01-11,2365666.75,2365666.75,2298943.0,2304743.75,2423359347694.0,,,,,
2023-01-12,2437613.75,2458697.5,2352509.75,2389765.0,4517672473287.0,,,,,
2023-01-13,2546335.0,2553336.75,2421593.25,2437525.75,3737735172668.0,,,,,
2023-01-14,2682763.5,2695405.0,2546111.75,2546458.0,4983784156690.0,,,,,
2023-01-15,2673922.0,2684995.25,2635530.25,2682915.0,2471286525571.0,,,,,
2023-01-16,2716948.75,2745556.0,2662367.0,2674104.5,3438596912831.0,,,,,
2023-01-17,2714743.75,2754310.25,2700787.5,2717744.5,3207168004581.0,,,,,
2023-01-18,2659515.75,2752797.75,2640122.5,2714683.5,3857184140160.0,,,,,
2023-01-19,2706996.0,2716750.25,2659078.75,2659254.25,2715475742646.0,,,,,
2023-01-20,2937860.5,2939908.25,2698985.75,2706813.5,3731074200495.0,,,,,
2023-01-21,2950955.0,3016344.25,2916520.25,2937974.0,4203059114608.0,,,,,
2023-01-22,2939810.5,2987114.5,2898112.5,2951001.75,3201952236779.0,,,,,
2023-01-23,2995195.5,3020920.5,2959326.25,2939897.5,3463294553191.0,,,,,
2023-01-24,2947607.75,3010107.5,2934308.0,2994568.0,3438336152891.0,,,,,
2023-01-25,2988155.0,3074329.0,2917427.75,2947972.25,3966311595528.0,,,,,
2023-01-26,2989804.25,3005228.0,2986841.25,2987004.0,3421418869962.0,,,,,
2023-01-27,2997582.0,3041189.25,2939229.5,2989536.75,3296916032426.0,,,,,
2023-01-28,2991394.5,3008903.75,2975286.5,2997742.5,1910989561896.0,,,,,
2023-01-29,3086949.0,3106836.25,2985417.25,2991441.25,3560760112946.0,,,,,
2023-01-30,2980192.75,3094863.25,2954373.0,3086959.75,3549799712556.0,,,,,
2023-01-31,3010756.25,3021261.75,2967423.5,2980278.5,2971532657855.0,,,,,
2023-02-01,3051038.25,3064663.0,2966760.5,3010567.75,3431648319302.0,,,,,
2023-02-02,3022468.25,3104428.5,3022046.5,3050659.5,4129253227199.0,,,,,
2023-02-03,3076433.75,3102996.75,3052002.25,3022151.75,3553162844822.0,,,,,
2023-02-04,3060789.5,3090554.5,3055767.75,3076040.0,2051642140499.0,,,,,
2023-02-05,3031667.5,3072804.5,3023128.25,3060842.0,2583777818072.0,,,,,
2023-02-06,3018605.0,3069258.75,3010573.75,3031450.5,3159839142645.0,,,,,
2023-02-07,3048986.0,3046140.75,3016273.75,3018228.0,3563217240089.0,,,,,
2023-02-08,3014132.25,3060495.75,2987188.5,3048871.25,3333681860685.0,,,,,
2023-02-09,2869654.75,3024372.5,2862598.0,3015074.0,4283966408975.0,,,,,
2023-02-10,2845507.5,2889423.75,2830188.25,2869650.25,3558780343441.0,,,,,
2023-02-11,2874380.5,2877079.5,2841205.25,2845594.0,2149617718194.0,,,,,
2023-02-12,2866418.0,2899367.25,2848038.75,2874384.25,2344505678285.0,,,,,
2023-02-13,2886024.25,2893758.5,2845130.25,2866259.5,3165340620118.0,,,,,
2023-02-14,2955180.75,2952286.0,2878545.25,2885193.25,3563190957222.0,,,,,
2023-02-15,3254992.75,3254992.75,2933388.0,2955151.75,4349746463632.0,,,,,
2023-02-16,3167333.0,3372229.5,3164366.5,3254927.0,5271408017002.0,,,,,
2023-02-17,3294369.5,3343031.5,3146808.75,3167039.25,5546374010756.0,,,,,
2023-02-18,3304517.75,3325647.25,3281576.0,3294328.25,2631867389504.0,,,,,
2023-02-19,3267524.5,3365103.5,3267524.5,3304350.25,3432389296619.0,,,,,
2023-02-20,3335518.75,3352666.5,3216874.0,3268731.0,3894130350101.0,,,,,
2023-02-21,3298750.75,3387020.0,3266879.75,3336042.75,4218832420044.0,,,,,
2023-02-22,3264030.5,3302285.25,3186483.25,3298894.5,4075172533868.0,,,,,
2023-02-23,3224027.0,3311540.25,3197281.25,3264283.5,4102988954941.0,,,,,
2023-02-24,3165964.25,3243558.25,3138923.75,3223827.0,3659132560008.0,,,,,
2023-02-25,3163091.25,3167613.25,3120259.75,3166237.0,2197506982810.0,,,,,
2023-02-26,3214574.0,3225272.0,3150650.0,3162924.0,2270897111157.0,,,,,
2023-02-27,3206743.75,3245086.75,3159747.25,3214606.5,3089217252969.0,,,,,
2023-02-28,3156130.0,3210708.75,3142576.0,3206603.0,2799986536543.0,,,,,
2023-03-01,3220534.0,3245302.25,3148516.25,3156617.75,3358947436310.0,,,,,
2023-03-02,3209583.5,3230953.75,3179572.5,3220598.0,2787243694941.0,,,,,
2023-03-03,3037835.75,3208590.0,3017090.75,3209743.0,3540421291896.0,,,,,
2023-03-04,3036591.25,3043631.75,3015621.0,3037869.0,1516847217565.0,,,,,
2023-03-05,3051689.75,3071956.5,3030314.25,3036699.0,1811385234167.0,,,,,
2023-03-06,3050430.0,3068882.5,3029622.5,3051867.0,2360021012349.0,,,,,
2023-03-07,3052798.0,3063233.75,3018762.0,3050234.75,3127769869892.0,,,,,
2023-03-08,2980352.0,3061372.0,2978051.5,3052340.75,3092673354393.0,,,,,
2023-03-09,2776956.0,2985937.5,2750885.5,2980626.25,4140905164635.0,,,,,
2023-03-10,2725177.0,2776624.25,2685844.0,2777499.0,5342866897579.0,,,,,
2023-03-11,2785271.0,2806885.75,2709167.5,2725262.5,4074186229172.0,,,,,
2023-03-12,2991479.5,2994324.75,2760485.5,2784679.5,3951806063790.0,,,,,
2023-03-13,3220516.25,3257084.0,2924600.25,2990461.25,6583614242704.0,,,,,
2023-03-14,3326689.0,3560401.75,3210166.25,3221079.5,7343030267633.0,,,,,
2023-03-15,3239732.75,3345536.25,3179664.25,3330029.75,5802142855676.0,,,,,
2023-03-16,3341216.5,3361888.5,3225725.0,3239400.0,4516616596174.0,,,,,
2023-03-17,3615708.25,3663684.0,3331582.5,3341527.75,6688531305717.0,,,,,
2023-03-18,3555316.5,3655527.75,3511857.75,3618897.0,4709903789151.0,,,,,
2023-03-19,3708974.5,3749167.0,3547647.75,3555794.25,4996167874788.0,,,,,
2023-03-20,3648614.75,3737935.5,3598021.75,3709361.75,5883307234993.0,,,,,
2023-03-21,3730573.25,3764625.25,3612662.75,3648766.75,4780052175656.0,,,,,
2023-03-22,3582384.0,3793975.0,3511002.5,3728309.5,4379291478416.0,,,,,
2023-03-23,3708303.75,3769405.75,3558601.25,3581665.25,3169930468724.0,,,,,
2023-03-24,3594747.0,3709545.5,3535248.75,3707013.0,3396925658021.0,,,,,
2023-03-25,3594932.25,3633780.5,3555907.0,3593969.5,1749827705232.0,,,,,
2023-03-26,3663072.0,3684291.75,3588439.25,3595039.0,1815990762850.0,,,,,
2023-03-27,3561567.0,3662277.25,3496731.0,3663037.75,2386928350396.0,,,,,
2023-03-28,3573401.25,3591876.0,3493252.75,3560648.5,2330483922913.0,,,,,
2023-03-29,3757618.0,3777957.25,3576358.5,3573257.25,2741812889082.0,,,,,
2023-03-30,3734154.75,3866605.25,3670454.0,3757843.25,2988455919464.0,,,,,
2023-03-31,3781232.5,3809760.0,3671723.5,3733981.5,2522902386426.0,,,,,
2023-04-01,3772276.75,3824248.0,3757158.75,3780548.25,1444123929076.0,,,,,
2023-04-02,3760446.25,3786606.5,3717687.75,3779156.0,1638186844726.0,,,,,
2023-04-03,3677272.75,3795886.0,3612264.0,3758282.25,2587766035677.0,,,,,
2023-04-04,3702315.25,3779429.25,3664411.25,3677941.5,2008946291681.0,,,,,
2023-04-05,3689534.75,3786920.5,3650898.25,3702530.25,2232775545769.0,,,,,
2023-04-06,3692710.75,3689587.25,3644641.75,3689173.75,1822092921220.0,,,,,
2023-04-07,3690541.0,3702648.25,3665562.25,3692029.75,1435425037565.0,,,,,
2023-04-08,3693439.5,3721465.75,3684928.0,3689834.5,1238722136868.0,,,,,
2023-04-09,3742852.5,3767048.5,3677671.5,3694043.75,1608384512465.0,,,,,
2023-04-10,3957864.75,3977803.5,3764193.25,3743246.0,2573674967187.0,,,,,
2023-04-11,4039453.0,4080315.25,3948341.0,3957958.25,2688233012081.0,,,,,
2023-04-12,4011154.75,4047250.25,3959888.5,4038988.5,2482353231172.0,,,,,
2023-04-13,4028793.25,4051176.5,3976080.25,3978373.25,2317650578992.0,,,,,
2023-04-14,4079413.5,4109523.5,4020284.25,4030184.25,3032224581543.0,,,,,
2023-04-15,4057069.75,4094941.25,4047352.75,4080089.0,1597842813806.0,,,,,
2023-04-16,4060635.75,4087872.5,4035570.25,4056732.5,1721857667132.0,,,,,
2023-04-17,3958970.75,4061150.25,3936039.5,4060875.5,2402966775094.0,,,,,
2023-04-18,4074545.75,4080037.0,3920608.0,3959514.75,2611207186653.0,,,,,
2023-04-19,3882763.75,4077978.75,3862996.5,4074094.75,3310087178118.0,,,,,
2023-04-20,3784902.25,3911553.75,3765908.25,3882898.75,2859562939948.0,,,,,
2023-04-21,3659606.0,3802907.25,3646250.5,3785337.0,2785198431329.0,,,,,
2023-04-22,3732134.5,3739465.5,3645205.0,3658128.25,1761013887600.0,,,,,
2023-04-23,3696284.5,3732502.5,3676162.5,3731952.5,1712804515806.0,,,,,
2023-04-24,3690804.0,3750300.0,3638347.25,3696330.75,2373789673982.0,,,,,
2023-04-25,3784994.75,3795533.75,3647423.75,3689400.5,2371120455753.0,,,,,
2023-04-26,3793227.5,4008014.0,3651297.5,3783986.75,4251193125632.0,,,,,
2023-04-27,3943727.5,4002578.0,3790583.25,3793996.75,3633255223799.0,,,,,
2023-04-28,3999343.25,3963902.5,3940130.75,3944694.5,2391469358556.0,,,,,
2023-04-29,3987212.5,4014636.25,3965340.0,3998839.5,1453551637531.0,,,,,
2023-04-30,3992173.25,4083120.5,3968881.5,3986807.25,1998513930928.0,,,,,
2023-05-01,3863180.75,4008428.0,3805650.25,3986485.25,2565536764349.0,,,,,
2023-05-02,3914097.5,3943211.75,3846669.25,3862576.5,2242638184229.0,,,,,
2023-05-03,3902929.25,3934870.75,3808548.75,3914091.5,2573082005715.0,,,,,
2023-05-04,3870183.0,3952263.25,3848438.75,3906292.75,2085996715567.0,,,,,
2023-05-05,3982267.0,3994749.0,3870793.5,3870688.5,2418475966446.0,,,,,
2023-05-06,3897353.5,4020795.25,3838611.75,3982870.5,2145745348912.0,,,,,
2023-05-07,3846854.0,3931452.25,3846595.5,3896948.75,1527840419434.0,,,,,
2023-05-08,3742230.25,3870532.25,3689380.75,3846243.0,2584011053897.0,,,,,
2023-05-09,3742073.25,3757219.0,3700691.75,3742337.5,1911517428096.0,,,,,
2023-05-10,3704100.5,3806765.25,3608713.25,3741513.25,2769990169213.0,,,,,
2023-05-11,3631106.5,3702851.25,3599236.5,3704010.75,2249114859995.0,,,,,
2023-05-12,3638643.5,3640099.0,3511637.0,3629341.25,2621724618061.0,,,,,
2023-05-13,3635537.0,3669253.0,3625867.5,3639020.5,1357237557816.0,,,,,
2023-05-14,3657705.75,3685337.75,3618879.0,3636201.5,1360213136447.0,,,,,
2023-05-15,3699083.75,3762840.75,3639904.0,3657807.25,1960664562460.0,,,,,
2023-05-16,3688610.25,3713040.5,3654314.0,3696202.75,1737059341653.0,,,,,
2023-05-17,3770821.75,3780080.75,3655837.5,3688449.25,2083677518094.0,,,,,
2023-05-18,3719700.5,3786425.75,3660014.75,3771213.75,2110328300131.0,,,,,
2023-05-19,3709896.5,3731107.5,3672263.5,3718944.25,1553345660381.0,,,,,
2023-05-20,3742933.5,3746461.5,3703432.75,3709719.0,971951214165.0,,,,,
2023-05-21,3683874.75,3761742.5,3685296.5,3741393.25,1190708234785.0,,,,,
2023-05-22,3722325.5,3746808.0,3653071.0,3683333.25,1532772451395.0,,,,,
2023-05-23,3772233.25,3801348.0,3717661.0,3722974.75,1897802284226.0,,,,,
2023-05-24,3669138.0,3772077.75,3628709.75,3772077.75,2270897173119.0,,,,,
2023-05-25,3706894.0,3722839.25,3612913.75,3668391.75,1939274912102.0,,,,,
2023-05-26,3758201.75,3775465.5,3680164.0,3706610.5,1787952802156.0,,,,,
2023-05-27,3779168.25,3782056.0,3744396.75,3758327.25,1110051389691.0,,,,,
2023-05-28,3956846.5,3968749.5,3769941.0,3779562.75,2049204669100.0,,,,,
2023-05-29,3897630.75,4004347.0,3868288.5,3955429.75,2132609560780.0,,,,,
2023-05-30,3871264.75,3932001.5,3856569.25,3897524.0,1851772433322.0,,,,,
2023-05-31,3786739.0,3890771.25,3758121.75,3871010.5,2178079963845.0,,,,,
2023-06-01,3719738.0,3807920.75,3719651.5,3786565.75,2035867997165.0,,,,,
2023-06-02,3813443.75,3821039.0,3691125.0,3720373.75,2076422042155.0,,,,,
2023-06-03,3789299.25,3823157.5,3772906.75,3813826.5,1173606110198.0,,,,,
2023-06-04,3801408.5,3837311.5,3774337.25,3789298.0,1312163543966.0,,,,,
2023-06-05,3591568.25,3801605.75,3549443.0,3801975.25,2999463086491.0,,,,,
2023-06-06,3800840.75,3813091.25,3551715.0,3587666.0,3060018734116.0,,,,,
2023-06-07,3686209.25,3811690.25,3664001.75,3800403.5,2732552767584.0,,,,,
2023-06-08,3682491.25,3720298.75,3669837.75,3686440.75,1653804662931.0,,,,,
2023-06-09,3691496.75,3727772.25,3667348.0,3682172.75,1535622976413.0,,,,,
2023-06-10,3603533.75,3698560.25,3554828.5,3691690.0,2770187521872.0,,,,,
2023-06-11,3615411.0,3650519.0,3578128.25,3603922.75,1495857463397.0,,,,,
2023-06-12,3612374.0,3632534.0,3584518.5,3614591.0,1628603648814.0,,,,,
2023-06-13,3632249.5,3675634.0,3601036.5,3612435.5,1982065925148.0,,,,,
2023-06-14,3516927.0,3647362.5,3488351.75,3632464.0,1996900907138.0,,,,,
2023-06-15,3587509.5,3609866.0,3499422.0,3516506.75,2221453348956.0,,,,,
2023-06-16,3734156.25,3752701.75,3568772.0,3587353.5,2315406637157.0,,,,,
2023-06-17,3760142.25,3796837.5,3712459.5,3734328.75,1572989644516.0,,,,,
2023-06-18,3734949.0,3782755.25,3735037.75,3760111.25,1356587751753.0,,,,,
2023-06-19,3810930.25,3829791.0,3734422.25,3734839.75,1820516881048.0,,,,,
2023-06-20,4004867.25,4013277.5,3778237.0,3809601.25,3140255407983.0,,,,,
2023-06-21,4255233.0,4362272.5,3999307.25,4002580.25,4725641322277.0,,,,,
2023-06-22,4279288.5,4320602.0,4235339.5,4250788.5,2954666956280.0,,,,,
2023-06-23,4410785.5,4514459.0,4266802.5,4277014.0,3465286843310.0,,,,,
2023-06-24,4389694.5,4426402.0,4352542.5,4412692.0,1745581201039.0,,,,,
2023-06-25,4375149.0,4460475.0,4353576.0,4389185.0,1823460320374.0,,,,,
2023-06-26,4342802.5,4395004.0,4298897.0,4375186.5,2366170332774.0,,,,,
2023-06-27,4415344.0,4458254.0,4338763.0,4343260.0,2363742799688.0,,,,,
2023-06-28,4344151.5,4417519.0,4318990.5,4416552.0,2103978335268.0,,,,,
2023-06-29,4407943.0,4458861.0,4336398.0,4344143.0,1908353274409.0,,,,,
2023-06-30,4398932.0,4522696.0,4276332.0,4407364.5,3808609936595.0,,,,,
2023-07-01,4415217.0,4422608.5,4377514.5,4398152.0,1311514727390.0,,,,,
2023-07-02,4422259.5,4440315.5,4368157.0,4414811.5,1521238866983.0,,,,,
2023-07-03,4505115.0,4541353.5,4429819.5,4422800.5,2208262489421.0,,,,,
2023-07-04,4444860.0,4530093.5,4428851.5,4505176.5,1850123827942.0,,,,,
2023-07-05,4409270.0,4462206.5,4359697.0,4445025.0,1803583275054.0,,,,,
2023-07-06,4306178.5,4530326.5,4322894.0,4408256.0,3042066298737.0,,,,,
2023-07-07,4311484.5,4327045.5,4284680.5,4305985.5,1901908999619.0,,,,,
2023-07-08,4305024.5,4316663.0,4274842.0,4312146.0,1067195353859.0,,,,,
2023-07-09,4288433.5,4323304.0,4277720.0,4304892.0,1123351336532.0,,,,,
2023-07-10,4297866.5,4384367.5,4271017.5,4288602.5,2095373000119.0,,,,,
2023-07-11,4289337.0,4326606.5,4278096.5,4298313.5,1702211400638.0,,,,,
2023-07-12,4204090.5,4299883.0,4183338.25,4289518.5,2048073800962.0,,,,,
2023-07-13,4345571.5,4389973.5,4191663.75,4203515.5,3270091388667.0,,,,,
2023-07-14,4207181.0,4344565.5,4159604.25,4345388.5,2901206602310.0,,,,,
2023-07-15,4201874.5,4217404.5,4197388.5,4206864.0,1111177528977.0,,,,,
2023-07-16,4195630.5,4221534.5,4173284.0,4202105.0,1181268783361.0,,,,,
2023-07-17,4184014.75,4203894.5,4117774.25,4195699.0,1837630579066.0,,,,,
2023-07-18,4150530.0,4191276.5,4111889.25,4184178.75,1826512563182.0,,,,,
2023-07-19,4176243.0,4205316.0,4159578.0,4151292.5,1693258067110.0,,,,,
2023-07-20,4166540.0,4214541.0,4154984.5,4176428.25,2049593000435.0,,,,,
2023-07-21,4240462.5,4259283.0,4159304.75,4168371.5,1555722359480.0,,,,,
2023-07-22,4221047.0,4252511.0,4205779.5,4240455.5,1116276715946.0,,,,,
2023-07-23,4264503.5,4300279.0,4216754.5,4223642.5,1306961707617.0,,,,,
2023-07-24,4130379.0,4264694.5,4086072.0,4264095.5,2179481946902.0,,,,,
2023-07-25,4118497.5,4143027.5,4110927.5,4130669.75,1446714054457.0,,,,,
2023-07-26,4119724.5,4161729.25,4107982.0,4118267.5,1894268753859.0,,,,,
2023-07-27,4056691.25,4141332.5,4058966.75,4119559.75,1495812906891.0,,,,,
2023-07-28,4138265.0,4145935.75,4076696.25,4056896.0,1583431647048.0,,,,,
2023-07-29,4143582.25,4149217.5,4130490.75,4138293.25,914870267697.0,,,,,
2023-07-30,4120729.0,4155756.25,4098843.0,4143607.0,1221560455822.0,,,,,
2023-07-31,4160280.75,4152921.25,4144030.25,4121152.0,1659093459949.0,,,,,
2023-08-01,4242602.0,4242602.0,4109363.5,4160389.25,2612319222790.0,,,,,
2023-08-02,4178944.75,4288722.0,4144028.75,4246664.0,2754141569614.0,,,,,
2023-08-03,4161062.0,4180044.0,4144606.0,4180357.0,1822558891752.0,,,,,
2023-08-04,4121397.75,4153467.0,4094889.0,4160449.25,1706253884715.0,,,,,
2023-08-05,4116866.5,4125420.0,4104912.5,4121581.75,935351413160.0,,,,,
2023-08-06,4120221.5,4132117.5,4105768.25,4117090.0,1031380846163.0,,,,,
2023-08-07,4159394.75,4166959.0,4095085.75,4119747.0,1941130785531.0,,,,,
2023-08-08,4263267.0,4325361.0,4172965.5,4159315.0,2516605147358.0,,,,,
2023-08-09,4248406.5,4315327.0,4221431.5,4263439.0,2641398046117.0,,,,,
2023-08-10,4263016.0,4279332.0,4245724.5,4248762.5,1718751355226.0,,,,,
2023-08-11,4259876.0,4270003.0,4238992.5,4262336.5,1477330847537.0,,,,,
2023-08-12,4262520.5,4269642.5,4254061.5,4260176.0,897593447113.0,,,,,
2023-08-13,4241976.5,4266211.0,4241405.5,4262611.5,1061822343571.0,,,,,
2023-08-14,4277678.5,4306787.5,4220723.5,4242027.0,2038397084687.0,,,,,
2023-08-15,4247817.5,4274432.0,4236303.0,4277621.0,1840679002846.0,,,,,
2023-08-16,4200152.5,4251111.0,4200152.5,4247632.0,2187642067124.0,,,,,
2023-08-17,3884974.75,4211327.0,3705137.5,4199863.0,4534249336610.0,,,,,
2023-08-18,3787996.25,3907991.25,3722729.75,3880826.5,3493775184913.0,,,,,
2023-08-19,3794779.5,3817063.5,3752057.25,3787745.75,1545971401931.0,,,,,
2023-08-20,3805634.75,3815808.25,3781417.5,3794875.0,1313114537374.0,,,,,
2023-08-21,3820691.5,3833472.25,3782471.5,3805504.75,1955608727684.0,,,,,
2023-08-22,3795077.0,3824918.5,3722172.75,3821657.75,2114468509328.0,,,,,
2023-08-23,3824195.75,3880368.75,3749363.0,3796362.5,2457470716981.0,,,,,
2023-08-24,3821149.75,3859653.25,3779821.5,3824178.5,1879953754918.0,,,,,
2023-08-25,3814290.5,3827796.25,3779489.25,3821340.75,1816679216783.0,,,,,
2023-08-26,3808549.25,3823034.75,3804949.25,3814227.0,883708473714.0,,,,,
2023-08-27,3823392.5,3831526.25,3802199.0,3808517.0,1013198962436.0,,,,,
2023-08-28,3823663.25,3839642.0,3790717.0,3823381.0,1611536861508.0,,,,,
2023-08-29,4047742.0,4102766.25,3799653.25,3823126.75,4287300611489.0,,,,,
2023-08-30,3987680.0,4053727.75,3947580.75,4047550.75,2387538359573.0,,,,,
2023-08-31,3772779.0,4005489.25,3748429.0,3988361.5,2936140943900.0,,,,,
2023-09-01,3772170.75,3792367.5,3705287.0,3773149.75,2515128428047.0,,,,,
2023-09-02,3782123.5,3796961.25,3765207.0,3772198.0,1476717731106.0,,,,,
2023-09-03,3797024.5,3814047.25,3774555.0,3782222.25,1310415523471.0,,,,,
2023-09-04,3782603.0,3812062.5,3757862.5,3796820.0,1565161629677.0,,,,,
2023-09-05,3802168.25,3817826.75,3755209.25,3782975.5,1636311063191.0,,,,,
2023-09-06,3804152.25,3830795.0,3748864.25,3802750.75,1883772243701.0,,,,,
2023-09-07,3866081.5,3889012.0,3774700.25,3803424.75,1633688334375.0,,,,,
2023-09-08,3829246.0,3880762.75,3781588.5,3866820.25,1598968311714.0,,,,,
2023-09-09,3827771.5,3831658.75,3815180.25,3829212.25,810220841423.0,,,,,
2023-09-10,3800753.5,3823188.5,3790017.0,3827702.25,1162279013859.0,,,,,
2023-09-11,3690743.75,3784563.0,3653161.25,3800678.5,2141462553247.0,,,,,
2023-09-12,3801665.0,3890596.0,3685685.75,3690451.0,2745626992214.0,,,,,
2023-09-13,3864328.25,3885039.5,3793288.5,3802284.75,1925963581786.0,,,,,
2023-09-14,3913633.25,3948427.0,3850936.5,3864321.5,2036671356230.0,,,,,
2023-09-15,3932099.75,3966354.5,3880068.0,3912769.75,1696417956115.0,,,,,
2023-09-16,3926127.75,3953686.25,3912179.25,3931731.0,1093835192588.0,,,,,
2023-09-17,3923517.5,3933474.5,3907921.0,3926075.5,1001678821996.0,,,,,
2023-09-18,3949426.75,4049669.0,3904237.75,3923341.0,2305113016832.0,,,,,
2023-09-19,4020769.25,4062646.75,3939899.25,3950396.75,2040251971113.0,,,,,
2023-09-20,4025141.75,4045746.5,3978731.75,4020637.75,1970306772629.0,,,,,
2023-09-21,3922730.0,4028925.75,3902364.0,4024820.25,1974303214522.0,,,,,
2023-09-22,3941218.5,3964931.25,3911456.0,3922201.75,1568616561940.0,,,,,
2023-09-23,3941192.0,3949317.0,3932462.75,3941068.25,1097968960623.0,,,,,
2023-09-24,3897467.0,3961457.25,3891492.25,3941189.5,1216119238762.0,,,,,
2023-09-25,3913858.0,3932828.25,3868295.75,3897014.25,1785571535485.0,,,,,
2023-09-26,3907815.0,3928437.75,3885383.25,3913304.25,1488389580524.0,,,,,
2023-09-27,3939618.0,4001338.25,3908468.5,3906659.75,1751847570049.0,,,,,
2023-09-28,4035259.25,4067946.5,3933670.5,3940080.5,2102486109422.0,,,,,
2023-09-29,4019938.75,4045478.75,3990412.75,4035751.25,1552967691489.0,,,,,
2023-09-30,4028333.0,4046837.25,4016540.0,4019934.0,796344017654.0,,,,,
2023-10-01,4184424.25,4193819.25,4027911.25,4028255.5,1421125525929.0,,,,,
2023-10-02,4125903.75,4270141.5,4097792.5,4183384.75,2966286117001.0,,,,,
2023-10-03,4092034.5,4143454.0,4048815.75,4122527.0,1701830268951.0,,,,,
2023-10-04,4141778.5,4148774.75,4063428.25,4091899.5,1660227150030.0,,,,,
2023-10-05,4070522.75,4174605.0,4061512.75,4141667.25,1763451484138.0,,,,,
2023-10-06,4170331.0,4215985.0,4066380.0,4069960.0,2013402136358.0,,,,,
2023-10-07,4173650.0,4182492.0,4158964.0,4170358.5,977878038127.0,,,,,
2023-10-08,4166951.5,4193546.5,4139600.5,4174073.75,1180924661021.0,,,,,
2023-10-09,4091625.0,4174356.75,4060855.0,4166859.5,1781157517060.0,,,,,
2023-10-10,4071075.0,4126709.75,4060538.75,4092444.25,1482320071271.0,,,,,
2023-10-11,4005032.75,4084489.75,3965852.5,4071232.0,2034027166182.0,,,,,
2023-10-12,4007900.75,4018132.5,3977889.25,4005028.5,1406963883323.0,,,,,
2023-10-13,4017536.75,4051983.5,3990491.25,4007313.75,2268124109075.0,,,,,
2023-10-14,4017436.75,4033483.5,4010389.5,4018109.25,805846717107.0,,,,,
2023-10-15,4062092.75,4081764.0,4010884.0,4016884.0,1061631931802.0,,,,,
2023-10-16,4265949.0,4404887.0,4055217.5,4062537.75,4163398211181.0,,,,,
2023-10-17,4255426.5,4285971.0,4204033.0,4266342.5,2227248990087.0,,,,,
2023-10-18,4242791.0,4323861.5,4220427.0,4255094.5,1905717608221.0,,,,,
2023-10-19,4302619.5,4326527.0,4221380.0,4243401.0,2164516574447.0,,,,,
2023-10-20,4448140.0,4513759.0,4287333.0,4304568.0,3227297185024.0,,,,,
2023-10-21,4483425.0,4538732.0,4417989.5,4448205.0,1729499193201.0,,,,,
2023-10-22,4495635.0,4525537.5,4453739.0,4483461.5,1565776656163.0,,,,,
2023-10-23,4955556.5,5144051.5,4510626.0,4517636.5,5745980770081.0,,,,,
2023-10-24,5080362.0,5255504.5,4924732.5,4954219.5,6733798965835.0,,,,,
2023-10-25,5178742.5,5268190.0,5052772.5,5082537.5,3790577166640.0,,,,,
2023-10-26,5136078.5,5240164.0,5078596.0,5178962.5,2921234989929.0,,,,,
2023-10-27,5075348.5,5142096.5,4995423.5,5136056.0,2457320330265.0,,,,,
2023-10-28,5102256.0,5148626.5,5070111.0,5075038.0,1520717353558.0,,,,,
2023-10-29,5171723.0,5196687.5,5081001.5,5102225.5,1671124593076.0,,,,,
2023-10-30,5144302.5,5199488.5,5083780.0,5170714.0,2562262672988.0,,,,,
2023-10-31,5245911.0,5264446.0,5124857.5,5143961.5,2384533659892.0,,,,,
2023-11-01,5336065.0,5360951.5,5160859.5,5244321.5,3379911004811.0,,,,,
2023-11-02,5258086.5,5395196.5,5177361.0,5336716.0,3160151316188.0,,,,,
2023-11-03,5188141.5,5258723.5,5129338.0,5258723.5,2563044728872.0,,,,,
2023-11-04,5240403.5,5266370.5,5170869.0,5188739.0,1428218475018.0,,,,,
2023-11-05,5238231.5,5280218.0,5168251.0,5241571.0,1855121828384.0,,,,,
2023-11-06,5254899.0,5280501.0,5198341.5,5237549.0,1903759478581.0,,,,,
2023-11-07,5330597.5,5399870.5,5196589.0,5256462.0,2832684023120.0,,,,,
2023-11-08,5378741.0,5430910.0,5303807.0,5326975.5,2609079504940.0,,,,,
2023-11-09,5553577.5,5721896.5,5370207.5,5375476.5,5715455990334.0,,,,,
2023-11-10,5653999.5,5681248.0,5504830.0,5554959.0,3441324452618.0,,,,,
2023-11-11,5627343.0,5668110.0,5572130.0,5653408.5,2109875336243.0,,,,,
2023-11-12,5612435.0,5640926.0,5572955.5,5626728.0,1748763214485.0,,,,,
2023-11-13,5535288.5,5671089.5,5522593.5,5614826.0,2889948783769.0,,,,,
2023-11-14,5347904.0,5575436.5,5261537.5,5533686.0,3590196284774.0,,,,,
2023-11-15,5728092.0,5742418.0,5329169.0,5349480.0,4138107989715.0,,,,,
2023-11-16,5448758.5,5737953.5,5352117.5,5728001.0,3919482022621.0,,,,,
2023-11-17,5472485.0,5488605.0,5374059.0,5450274.0,3356317326272.0,,,,,
2023-11-18,5470843.0,5508762.0,5418148.5,5476775.0,1777376407051.0,,,,,
2023-11-19,5606472.5,5619802.0,5445257.0,5470852.5,1936876499918.0,,,,,
2023-11-20,5561018.0,5600620.0,5478199.5,5604602.0,3099496902491.0,,,,,
2023-11-21,5305622.5,5569888.5,5305622.5,5559861.5,3729119834725.0,,,,,
2023-11-22,5594824.5,5663964.5,5284461.5,5297140.0,3646534651447.0,,,,,
2023-11-23,5579812.5,5617962.5,5520119.0,5593045.0,2127046122302.0,,,,,
2023-11-24,5637861.5,5744572.0,5576479.0,5580814.5,3426179667019.0,,,,,
2023-11-25,5649297.0,5663591.5,5622487.0,5638030.5,1360067315340.0,,,,,
2023-11-26,5606014.5,5652811.0,5554530.0,5649302.5,2055905361511.0,,,,,
2023-11-27,5529162.5,5608504.0,5472825.0,5602285.5,2820362655840.0,,,,,
2023-11-28,5563647.5,5657375.0,5472650.0,5528245.5,3190753238052.0,,,,,
2023-11-29,5567470.0,5650299.0,5549440.5,5562915.0,3048340071473.0,,,,,
2023-11-30,5581512.0,5608754.5,5558537.0,5567856.0,2681177506240.0,,,,,
2023-12-01,5680087.5,5728497.5,5564404.0,5582290.5,3452028752160.0,,,,,
2023-12-02,5796112.5,5825860.0,5674780.0,5680165.5,2280784778722.0,,,,,
2023-12-03,5851133.5,5874347.5,5769953.0,5795507.0,2308011752417.0,,,,,
2023-12-04,6183983.5,6235681.0,5851168.0,5851168.0,5871106844424.0,,,,,
2023-12-05,6488076.5,6532537.0,6083648.0,6184891.5,5344658933420.0,,,,,
2023-12-06,6438777.0,6516043.0,6412495.5,6487984.5,4402238349220.0,,,,,
2023-12-07,6244732.5,6464868.5,6231073.0,6442116.0,3986308992471.0,,,,,
2023-12-08,6398150.5,6479815.5,6218937.0,6244800.5,3537740647709.0,,,,,
2023-12-09,6334321.0,6426349.0,6320068.0,6400094.5,2516028398251.0,,,,,
2023-12-10,6347538.0,6375905.5,6318759.5,6334668.5,1884915966685.0,,,,,
2023-12-11,6023713.5,6357057.5,5878344.5,6349324.5,5934452542004.0,,,,,
2023-12-12,6022083.0,6118154.5,5923849.0,6022968.5,3600085148499.0,,,,,
2023-12-13,6124490.5,6204258.0,5924016.5,6024733.5,3826545879831.0,,,,,
2023-12-14,6121098.5,6145729.5,5924138.0,6123565.5,3639103994789.0,,,,,
2023-12-15,5959267.0,6134339.5,5908523.5,6121707.5,2791255686613.0,,,,,
2023-12-16,6002954.5,6063328.5,5929897.5,5960401.5,2044570075677.0,,,,,
2023-12-17,5886916.0,6019920.0,5874286.0,6002384.5,2373671296554.0,,,,,
2023-12-18,6081579.5,6101113.5,5784390.5,5884573.0,3599083452433.0,,,,,
2023-12-19,6083870.0,6180149.5,6016091.0,6084144.0,3334932701371.0,,,,,
2023-12-20,6265458.0,6353543.0,6079712.5,6082542.0,4000056904053.0,,,,,
2023-12-21,6232578.0,6292635.0,6194967.0,6264866.5,3189909395094.0,,,,,
2023-12-22,6265080.0,6312051.5,6169049.5,6232554.5,2994353077259.0,,,,,
2023-12-23,6228948.0,6267614.0,6173015.0,6267115.5,1923645307857.0,,,,,
2023-12-24,6127648.5,6258281.5,6091358.0,6227356.5,2682413531903.0,,,,,
2023-12-25,6203834.5,6230880.0,6086595.5,6126858.5,3003656432455.0,,,,,
2023-12-26,6058630.0,6202416.5,5937483.0,6201943.0,4278453931961.0,,,,,
2023-12-27,6144687.5,6188964.5,6009635.0,6058354.5,3572983282340.0,,,,,
2023-12-28,6029475.5,6192594.5,5970928.5,6148272.5,3252105100275.0,,,,,
2023-12-29,5937069.5,6108249.5,5841829.0,6027607.0,3666653657778.0,,,,,
2023-12-30,5945178.0,6005427.0,5860468.0,5935990.5,2258364330380.0,,,,,
2023-12-31,5960595.5,6044465.0,5922805.0,5944501.0,2312514660863.0,,,,,
2024-01-01,6232673.0,6233529.5,5953368.0,5962718.0,2600323063019.0,,,,,
2024-01-02,6392012.0,6497458.5,6234030.5,6235468.0,5592590995332.0,,,,,
2024-01-03,6126994.0,6487708.0,5834431.0,6392528.5,6626633156652.0,,,,,
2024-01-04,6396148.0,6474596.0,6113546.0,6128086.5,4408122404901.0,,,,,
2024-01-05,6387471.5,6415038.5,6192018.5,6398038.5,4676922164633.0,,,,,
2024-01-06,6362378.0,6396864.0,6288030.0,6389824.0,2327539517751.0,,,,,
2024-01-07,6359621.0,6435618.0,6321286.5,6363718.5,2797597971796.0,,,,,
2024-01-08,6774367.5,6809544.0,6249667.0,6360432.5,6165112289578.0,,,,,
2024-01-09,6664207.5,6920448.0,6536603.5,6776839.0,5751601764529.0,,,,,
2024-01-10,6795278.0,6941485.5,6462423.0,6661580.5,7303430389400.0,,,,,
2024-01-11,6728224.5,7149935.5,6647202.0,6799401.5,6650616203624.0,,,,,
2024-01-12,6207924.0,6757690.0,6070389.5,6726223.5,6277391426207.0,,,,,
2024-01-13,6206361.5,6263189.5,6151568.0,6200142.0,2984488516799.0,,,,,
2024-01-14,6066728.5,6238698.0,6055826.5,6206344.5,2543235495177.0,,,,,
2024-01-15,6198047.5,6315409.0,6053541.5,6054942.0,3254184527661.0,,,,,
2024-01-16,6354414.5,6414186.5,6169849.0,6196206.0,3543173790841.0,,,,,
2024-01-17,6331839.5,6361136.5,6259992.5,6351051.0,3088873795072.0,,,,,
2024-01-18,6112004.5,6335060.5,6021885.0,6331789.0,3735506994022.0,,,,,
2024-01-19,6165073.5,6243320.5,5972395.5,6114433.5,3814789913053.0,,,,,
2024-01-20,6172062.0,6203512.0,6139656.0,6165989.0,1716375145890.0,,,,,
2024-01-21,6154135.5,6200175.5,6146537.0,6172936.5,1384123840599.0,,,,,
2024-01-22,5852977.0,6164092.5,5840274.5,6155301.0,4642798272634.0,,,,,
2024-01-23,5906757.0,5944489.5,5707549.5,5854658.0,4335250926914.0,,,,,
2024-01-24,5914935.0,5973049.5,5831829.5,5911507.0,3300020109089.0,,,,,
2024-01-25,5899188.5,5940847.0,5840677.0,5914710.0,2731683088140.0,,,,,
2024-01-26,6196633.5,6249915.5,5878687.5,5899633.0,3793257396365.0,,,,,
2024-01-27,6241560.5,6252759.5,6139494.0,6196448.5,1692708650529.0,,,,,
2024-01-28,6228960.5,6341899.5,6177398.0,6242460.0,2498213001507.0,,,,,
2024-01-29,6384496.5,6384064.5,6189171.5,6228267.0,3048352273584.0,,,,,
2024-01-30,6328537.0,6460949.0,6300757.0,6386264.0,3512944657885.0,,,,,
2024-01-31,6260026.5,6398567.0,6215858.0,6327600.5,3627245495251.0,,,,,
2024-02-01,6309028.5,6324983.5,6152817.5,6258138.0,3137827254339.0,,,,,
2024-02-02,6407702.0,6438657.5,6296497.0,6309302.0,2760345210959.0,,,,,
2024-02-03,6378975.0,6433531.5,6363923.5,6407569.0,1657236761926.0,,,,,
2024-02-04,6324045.5,6394613.0,6290544.5,6379374.5,2198263705331.0,,,,,
2024-02-05,6341893.0,6460606.5,6282679.0,6323160.0,2782356637519.0,,,,,
2024-02-06,6368955.5,6417910.0,6318898.0,6341703.5,2483220823285.0,,,,,
2024-02-07,6563137.5,6570989.0,6326678.5,6369746.5,3128661031350.0,,,,,
2024-02-08,6761966.5,6807353.5,6565196.0,6565196.0,3903971383449.0,,,,,
2024-02-09,7039312.0,7191635.5,6758871.0,6761342.5,5870189898753.0,,,,,
2024-02-10,7132490.0,7188463.5,7003198.5,7040257.0,2448404913189.0,,,,,
2024-02-11,7204583.0,7246657.0,7109516.0,7132145.0,2881579691067.0,,,,,
2024-02-12,7464100.0,7507379.5,7119602.0,7204951.5,5156326510997.0,,,,,
2024-02-13,7497504.0,7521378.5,7297271.0,7461580.5,5364816072149.0,,,,,
2024-02-14,7803157.0,7832164.0,7416535.5,7496148.0,5887838111978.0,,,,,
2024-02-15,7788714.5,7923716.0,7702533.5,7804675.5,5783117932972.0,,,,,
2024-02-16,7835768.5,7908133.5,7758392.5,7788590.0,4233426772569.0,,,,,
2024-02-17,7761075.5,7840532.0,7611853.0,7835989.5,3005866442132.0,,,,,
2024-02-18,7825991.5,7857733.0,7696586.0,7760921.5,2641875521719.0,,,,,
2024-02-19,7780924.5,7869822.0,7764452.0,7827833.5,3210125348762.0,,,,,
2024-02-20,7840947.0,7941477.5,7615258.5,7780712.0,5001925541363.0,,,,,
2024-02-21,7793761.5,7856522.0,7610920.5,7839246.5,4303611645871.0,,,,,
2024-02-22,7720071.0,7829085.0,7663563.0,7796086.5,3824134457229.0,,,,,
2024-02-23,7634398.0,7748482.0,7608789.5,7716900.5,3224454159649.0,,,,,
2024-02-24,7760678.0,7777696.5,7612351.5,7635063.5,2283471312311.0,,,,,
2024-02-25,7785705.5,7815878.5,7720809.5,7759792.0,2319648835520.0,,,,,
2024-02-26,8209167.0,8280707.5,7672156.0,7785299.5,5130414859623.0,,,,,
2024-02-27,8592333.0,8661849.0,8202941.5,8208709.5,7489261526017.0,,,,,
2024-02-28,9417109.0,9630401.0,8534301.0,8590185.0,12540994483617.0,,,,,
2024-02-29,9184072.0,9524757.0,9067731.0,9416264.0,9829109287665.0,,,,,
2024-03-01,9372023.0,9482936.0,9140736.0,9179522.0,6031770364767.0,,,,,
2024-03-02,9310366.0,9374734.0,9254447.0,9370675.0,3585538910000.0,,,,,
2024-03-03,9482992.0,9489431.0,9221086.0,9310626.0,3941349693268.0,,,,,
2024-03-04,10280789.0,10309996.0,9351801.0,9478434.0,10632867070999.0,,,,,
2024-03-05,9572636.0,10373167.0,8894671.0,10282391.0,15424399044817.0,,,,,
2024-03-06,9867456.0,10131959.0,9421435.0,9568863.0,10262027942993.0,,,,,
2024-03-07,9895843.0,10077764.0,9772416.0,9866402.0,6948043013873.0,,,,,
2024-03-08,10044553.0,10310724.0,9749641.0,9897707.0,8706670977186.0,,,,,
2024-03-09,10073787.0,10099402.0,10008232.0,10044430.0,3178022962005.0,,,,,
2024-03-10,10131852.0,10295314.0,10034774.0,10073989.0,5238277060259.0,,,,,
2024-03-11,10583298.0,10705085.0,9859640.0,10131964.0,9643113255687.0,,,,,
2024-03-12,10552318.0,10775260.0,10152432.0,10583477.0,9234504564415.0,,,,,
2024-03-13,10786863.0,10877323.0,10522123.0,10552440.0,7115997689333.0,,,,,
2024-03-14,10588562.0,10907953.0,10168500.0,10786254.0,8838254149818.0,,,,,
2024-03-15,10344359.0,10744925.0,9762074.0,10587270.0,11673355714520.0,,,,,
2024-03-16,9734961.0,10440122.0,9658393.0,10342677.0,6981645486930.0,,,,,
2024-03-17,10187241.0,10259218.0,9620226.0,9735144.0,6660876543192.0,,,,,
2024-03-18,10074940.0,10272701.0,9926836.0,10184364.0,7347413842822.0,,,,,
2024-03-19,9350380.0,10157657.0,9289314.0,10076065.0,11208452083455.0,,,,,
2024-03-20,10237470.0,10294675.0,9213362.0,9353005.0,10068482426547.0,,,,,
2024-03-21,9930918.0,10281569.0,9796118.0,10237156.0,6744866918608.0,,,,,
2024-03-22,9657128.0,10095005.0,9438421.0,9930696.0,6268793306471.0,,,,,
2024-03-23,9700045.0,9989886.0,9545039.0,9660756.0,3745876159796.0,,,,,
2024-03-24,10173303.0,10217574.0,9664258.0,9701340.0,4116676097087.0,,,,,
2024-03-25,10590505.0,10777338.0,10039864.0,10173292.0,6464032521220.0,,,,,
2024-03-26,10605047.0,10822079.0,10496736.0,10586344.0,5456553543121.0,,,,,
2024-03-27,10508593.0,10851097.0,10351861.0,10605662.0,6177142243676.0,,,,,
2024-03-28,10713792.0,10819046.0,10425853.0,10508204.0,5205820886764.0,,,,,
2024-03-29,10577930.0,10734588.0,10445427.0,10713769.0,3818563340994.0,,,,,
2024-03-30,10540469.0,10647953.0,10533773.0,10578024.0,2592576512704.0,,,,,
2024-03-31,10800128.0,10806810.0,10537376.0,10540843.0,3035772676672.0,,,,,
2024-04-01,10566648.0,10801407.0,10334006.0,10800104.0,5286727938397.0,,,,,
2024-04-02,9918601.0,10567593.0,9791570.0,10567084.0,7684465962317.0,,,,,
2024-04-03,10001554.0,10159401.0,9779243.0,9918555.0,5227789624265.0,,,,,
2024-04-04,10365172.0,10509682.0,9875451.0,10000779.0,5210592263294.0,,,,,
2024-04-05,10284526.0,10370600.0,10011128.0,10366218.0,5116400417614.0,,,,,
2024-04-06,10444995.0,10556196.0,10232081.0,10284970.0,3027216167568.0,,,,,
2024-04-07,10521059.0,10655470.0,10438251.0,10445147.0,3216408898812.0,,,,,
2024-04-08,10876319.0,11046517.0,10477750.0,10521060.0,5657679056748.0,,,,,
2024-04-09,10493878.0,10891660.0,10347665.0,10876493.0,5528853087956.0,,,,,
2024-04-10,10796804.0,10873307.0,10303981.0,10494064.0,5861040893713.0,,,,,
2024-04-11,10732978.0,10910506.0,10663208.0,10794946.0,4619366345518.0,,,,,
2024-04-12,10299446.0,10916025.0,9997051.0,10733097.0,6763918366489.0,,,,,
2024-04-13,9782236.0,10412190.0,9337376.0,10298298.0,8103609120246.0,,,,,
2024-04-14,10078086.0,10087840.0,9534602.0,9784498.0,7524879865685.0,,,,,
2024-04-15,9781474.0,10289079.0,9611356.0,10078227.0,6723282494846.0,,,,,
2024-04-16,9871738.0,9955396.0,9537666.0,9780408.0,6628541158838.0,,,,,
2024-04-17,9457276.0,9972655.0,9237624.0,9874829.0,6469083410954.0,,,,,
2024-04-18,9820109.0,9913510.0,9383131.0,9457063.0,5567163216847.0,,,,,
2024-04-19,9871812.0,10120620.0,9175245.0,9819799.0,7718945777569.0,,,,,
2024-04-20,10049765.0,10119040.0,9768033.0,9872976.0,3571448694634.0,,,,,
2024-04-21,10039791.0,10162456.0,9938943.0,10049514.0,3171000595714.0,,,,,
2024-04-22,10347514.0,10407934.0,9981182.0,10041181.0,4378600635468.0,,,,,
2024-04-23,10276437.0,10400273.0,10196244.0,10347857.0,3762091056991.0,,,,,
2024-04-24,9980402.0,10385783.0,9877372.0,10276661.0,4701116793794.0,,,,,
2024-04-25,10034818.0,10157247.0,9761857.0,9980111.0,5004170824440.0,,,,,
2024-04-26,10079398.0,10169377.0,9987700.0,10035388.0,3816314166554.0,,,,,
2024-04-27,10026249.0,10102011.0,9869036.0,10078713.0,3087719144544.0,,,,,
2024-04-28,9984513.0,10168905.0,9939221.0,10026940.0,2742369788434.0,,,,,
2024-04-29,9980340.0,10023282.0,9677725.0,9983427.0,4164016106732.0,,,,,
2024-04-30,9565161.0,10147215.0,9323708.0,9980074.0,5969203314821.0,,,,,
2024-05-01,9045182.0,9589856.0,8933795.0,9560845.0,7521312498378.0,,,,,
2024-05-02,9053980.0,9159607.0,8840719.0,9045134.0,5009386267126.0,,,,,
2024-05-03,9625606.0,9691521.0,9025330.0,9053807.0,5077144859736.0,,,,,
2024-05-04,9779548.0,9871921.0,9581146.0,9625788.0,3156273463822.0,,,,,
2024-05-05,9838906.0,9889020.0,9636254.0,9779699.0,2811355141098.0,,,,,
2024-05-06,9719582.0,10067221.0,9660526.0,9840010.0,4416137710718.0,,,,,
2024-05-07,9648183.0,9934086.0,9640624.0,9719707.0,4013558541323.0,,,,,
2024-05-08,9507138.0,9772779.0,9470404.0,9647846.0,4053475847170.0,,,,,
2024-05-09,9797877.0,9850461.0,9456566.0,9507644.0,3955413751855.0,,,,,
2024-05-10,9470603.0,9881217.0,9381606.0,9798690.0,4331594867036.0,,,,,
2024-05-11,9470140.0,9573168.0,9423844.0,9470693.0,2156280071523.0,,,,,
2024-05-12,9575718.0,9629723.0,9445044.0,9470108.0,2150573890643.0,,,,,
2024-05-13,9827187.0,9905267.0,9467859.0,9576158.0,4357168609438.0,,,,,
2024-05-14,9634306.0,9865463.0,9564884.0,9827082.0,4411744234662.0,,,,,
2024-05-15,10225206.0,10252508.0,9596461.0,9634494.0,6143559909777.0,,,,,
2024-05-16,10136792.0,10326851.0,10031225.0,10223451.0,4906361601001.0,,,,,
2024-05-17,10436284.0,10491554.0,10145188.0,10136748.0,4362926555869.0,,,,,
2024-05-18,10421010.0,10490523.0,10377840.0,10438516.0,2601683785160.0,,,,,
2024-05-19,10323983.0,10538310.0,10256523.0,10420562.0,2998373708858.0,,,,,
2024-05-20,11174654.0,11177707.0,10302802.0,10324041.0,6858338601112.0,,,,,
2024-05-21,10960321.0,11253177.0,10805647.0,11173852.0,7334121565171.0,,,,,
2024-05-22,10834063.0,11052311.0,10812115.0,10960131.0,5141391517126.0,,,,,
2024-05-23,10664624.0,10964366.0,10410136.0,10833900.0,6577426400442.0,,,,,
2024-05-24,10756199.0,10862810.0,10464989.0,10664399.0,4582955474175.0,,,,,
2024-05-25,10870942.0,10920822.0,10754586.0,10756328.0,2428420832660.0,,,,,
2024-05-26,10748182.0,10908653.0,10702280.0,10870681.0,2451575095998.0,,,,,
2024-05-27,10883755.0,11075942.0,10703769.0,10747255.0,4057573845266.0,,,,,
2024-05-28,10741402.0,10900139.0,10564176.0,10883385.0,5146448916888.0,,,,,
2024-05-29,10652014.0,10827835.0,10581067.0,10741422.0,4209709043522.0,,,,,
2024-05-30,10732859.0,10891847.0,10540760.0,10651698.0,4632833054675.0,,,,,
2024-05-31,10612741.0,10834572.0,10474024.0,10732471.0,4306650372749.0,,,,,
2024-06-01,10646917.0,10667804.0,10596480.0,10610512.0,1830625322804.0,,,,,
2024-06-02,10649536.0,10757342.0,10585367.0,10647441.0,2689527840073.0,,,,,
2024-06-03,10739986.0,11006982.0,10407468.0,10649896.0,5057633270773.0,,,,,
2024-06-04,10946080.0,10991531.0,10631736.0,10739953.0,5141996442670.0,,,,,
2024-06-05,11082789.0,11205430.0,11011649.0,10946170.0,5115650410819.0,,,,,
2024-06-06,11015405.0,11175835.0,10910956.0,11082792.0,3926715081318.0,,,,,
2024-06-07,10865295.0,11189808.0,10727569.0,11015719.0,5670360290668.0,,,,,
2024-06-08,10862121.0,10897783.0,10847226.0,10862411.0,2235276734575.0,,,,,
2024-06-09,10922686.0,10938658.0,10839406.0,10860823.0,2122501087596.0,,,,,
2024-06-10,10916452.0,11007286.0,10855520.0,10922109.0,3234734827799.0,,,,,
2024-06-11,10578858.0,10925940.0,10403966.0,10915792.0,5831494338683.0,,,,,
2024-06-12,10700334.0,10905984.0,10512055.0,10577184.0,5409335747291.0,,,,,
2024-06-13,10488876.0,10719503.0,10392735.0,10700635.0,4549489934160.0,,,,,
2024-06-14,10391798.0,10580906.0,10234946.0,10487489.0,4314057394972.0,,,,,
2024-06-15,10420785.0,10453366.0,10369866.0,10391113.0,2223182424533.0,,,,,
2024-06-16,10499448.0,10531706.0,10393588.0,10420526.0,2092536660184.0,,,,,
2024-06-17,10485420.0,10597820.0,10277898.0,10499049.0,4731957091298.0,,,,,
2024-06-18,10283788.0,10495892.0,10111010.0,10485527.0,6232921893076.0,,,,,
2024-06-19,10261117.0,10369585.0,10224615.0,10284722.0,3333493259445.0,,,,,
2024-06-20,10303715.0,10525742.0,10248036.0,10261117.0,4075338055005.0,,,,,
2024-06-21,10234560.0,10333446.0,10025279.0,10305198.0,4181596322456.0,,,,,
2024-06-22,10265956.0,10340611.0,10212818.0,10237381.0,1575093712090.0,,,,,
2024-06-23,10102799.0,10304162.0,10102799.0,10265378.0,1786191952614.0,,,,,
2024-06-24,9626344.0,10107310.0,9353271.0,10101609.0,6891425103410.0,,,,,
2024-06-25,9870479.0,9939324.0,9620329.0,9624566.0,4663565509727.0,,,,,
2024-06-26,9768511.0,9976257.0,9758530.0,9868089.0,3615285561248.0,,,,,
2024-06-27,9900172.0,9999660.0,9720937.0,9768503.0,3412037936518.0,,,,,
2024-06-28,9705807.0,10017311.0,9649582.0,9901458.0,4015039316148.0,,,,,
2024-06-29,9797080.0,9830909.0,9702723.0,9705765.0,2035914544320.0,,,,,
2024-06-30,10086667.0,10114204.0,9754932.0,9797251.0,2789394526242.0,,,,,
2024-07-01,10151494.0,10302318.0,10080734.0,10085913.0,4113507474356.0,,,,,
2024-07-02,10017308.0,10217592.0,9977515.0,10150271.0,3254363135675.0,,,,,
2024-07-03,9723558.0,10044651.0,9603837.0,10018166.0,4808412206230.0,,,,,
2024-07-04,9194209.0,9757054.0,9150822.0,9719230.0,6640108563612.0,,,,,
2024-07-05,9108198.0,9255755.0,8628810.0,9201488.0,8908097938078.0,,,,,
2024-07-06,9371419.0,9398585.0,9007988.0,9107668.0,3312799877924.0,,,,,
2024-07-07,8971685.0,9382282.0,8960854.0,9361115.0,3301722500956.0,,,,,
2024-07-08,9121653.0,9363127.0,8725884.0,8971759.0,6396834189000.0,,,,,
2024-07-09,9358696.0,9395468.0,9057190.0,9121572.0,4492994360125.0,,,,,
2024-07-10,9330927.0,9586697.0,9246478.0,9362674.0,4229804312289.0,,,,,
2024-07-11,9075916.0,9539536.0,9232709.0,9328891.0,4543552093999.0,,,,,
2024-07-12,9139141.0,9241159.0,9005211.0,9075327.0,4041590480039.0,,,,,
2024-07-13,9350057.0,9437686.0,9122879.0,9140605.0,2696172169201.0,,,,,
2024-07-14,9621773.0,9699911.0,9348998.0,9348998.0,3517625077409.0,,,,,
2024-07-15,10259394.0,10259394.0,9607654.0,9626152.0,6024754443511.0,,,,,
2024-07-16,10308914.0,10348282.0,9907170.0,10245835.0,6590606268853.0,,,,,
2024-07-17,9981522.0,10472453.0,9984356.0,10308072.0,5063253742664.0,,,,,
2024-07-18,10055284.0,10185603.0,9954946.0,9979334.0,4281405914597.0,,,,,
2024-07-19,10506516.0,10622249.0,9958222.0,10055010.0,5827922207765.0,,,,,
2024-07-20,10577935.0,10648349.0,10441858.0,10506480.0,2997062919108.0,,,,,
2024-07-21,10729305.0,10768527.0,10369174.0,10578134.0,4195752105622.0,,,,,
2024-07-22,10604328.0,10780960.0,10454406.0,10729062.0,6691773220529.0,,,,,
2024-07-23,10269214.0,10625765.0,10192024.0,10604259.0,5546111501800.0,,,,,
2024-07-24,10062722.0,10306493.0,10009239.0,10269243.0,4228597923191.0,,,,,
2024-07-25,10110420.0,10177442.0,9727500.0,10063298.0,5889400778946.0,,,,,
2024-07-26,10441140.0,10486577.0,10099593.0,10109588.0,4687474489645.0,,,,,
2024-07-27,10425284.0,10668980.0,10254927.0,10441102.0,5333360090842.0,,,,,
2024-07-28,10521767.0,10500386.0,10313440.0,10424564.0,2781387263581.0,,,,,
2024-07-29,10279687.0,10767079.0,10243574.0,10522258.0,6273768183440.0,,,,,
2024-07-30,10105691.0,10377563.0,10004116.0,10279554.0,4790282329277.0,,,,,
2024-07-31,9679317.0,10032801.0,9681904.0,10105730.0,4687346413992.0,,,,,
2024-08-01,9751151.0,9793203.0,9317203.0,9680305.0,6113434681910.0,,,,,
2024-08-02,9003141.0,9762359.0,8969399.0,9750554.0,6312509077270.0,,,,,
2024-08-03,8895398.0,9110641.0,8771736.0,9003104.0,4654835519247.0,,,,,
2024-08-04,8461222.0,8951529.0,8386817.5,8894812.0,4623764878482.0,,,,,
2024-08-05,7872919.5,8492128.0,6984491.5,8460249.0,15892848493865.0,,,,,
2024-08-06,8110965.5,8283845.0,7870268.0,7872903.5,7136243483953.0,,,,,
2024-08-07,8050417.0,8499504.0,8001822.5,8111879.5,6091499234150.0,,,,,
2024-08-08,9114371.0,9230239.0,7976147.0,8050792.5,6690425853441.0,,,,,
2024-08-09,8929530.0,9120534.0,8719962.0,9117040.0,4902659577626.0,,,,,
2024-08-10,8938557.0,9015246.0,8842619.0,8929693.0,2309345278625.0,,,,,
2024-08-11,8636329.0,9060705.0,8551021.0,8938422.0,3347453528309.0,,,,,
2024-08-12,8726877.0,8970909.0,8490392.0,8636317.0,5451661524962.0,,,,,
2024-08-13,8906333.0,9040998.0,8637044.0,8727126.0,4456533934864.0,,,,,
2024-08-14,8650620.0,9064234.0,8607616.0,8906551.0,4412653747418.0,,,,,
2024-08-15,8589943.0,8912538.0,8388640.0,8650029.0,5324996261814.0,,,,,
2024-08-16,8696009.0,8839485.0,8515332.0,8589969.0,4333812849785.0,,,,,
2024-08-17,8782367.0,8814216.0,8684304.0,8695924.0,2006584794178.0,,,,,
2024-08-18,8653229.0,8898091.0,8646064.0,8780767.0,2624885258247.0,,,,,
2024-08-19,8728701.0,8743985.0,8469291.0,8652748.0,3801614661894.0,,,,,
2024-08-20,8575959.0,9040906.0,8536866.0,8728701.0,4594177021876.0,,,,,
2024-08-21,8878123.0,8971374.0,8551380.0,8576278.0,4750148012089.0,,,,,
2024-08-22,8828711.0,8969452.0,8698239.0,8877125.0,4039282939013.0,,,,,
2024-08-23,9252982.0,9376083.0,8827269.0,8828571.0,6139916965455.0,,,,,
2024-08-24,9265200.0,9313529.0,9184489.0,9254355.0,3093826427086.0,,,,,
2024-08-25,9259648.0,9346648.0,9215326.0,9264821.0,2709903795994.0,,,,,
2024-08-26,9086813.0,9273797.0,9082264.0,9260897.0,4000300549362.0,,,,,
2024-08-27,8566518.0,9153918.0,8358632.0,9086676.0,5629594066582.0,,,,,
2024-08-28,8525862.0,8691055.0,8372598.5,8567064.0,5819364290664.0,,,,,
2024-08-29,8604932.0,8883791.0,8518359.0,8525839.0,4669175560404.0,,,,,
2024-08-30,8643565.0,8706392.0,8434806.0,8604993.0,4721363441228.0,,,,,
2024-08-31,8620515.0,8689344.0,8592292.0,8643273.0,1813201373082.0,,,,,
2024-09-01,8392709.0,8633989.0,8380437.0,8620500.0,3600445345562.0,,,,,
2024-09-02,8674886.0,8729281.0,8353830.0,8392926.0,3967659181658.0,,,,,
2024-09-03,8348965.0,8772416.0,8348113.5,8673964.0,3876676870137.0,,,,,
2024-09-04,8308959.5,8435389.0,8090076.0,8348866.5,5106453070665.0,,,,,
2024-09-05,8051312.0,8372817.0,7990837.5,8308983.0,4448580827080.0,,,,,
2024-09-06,7678253.5,8156771.0,7485584.0,8051269.0,7025400538110.0,,,,,
2024-09-07,7706514.0,7805936.0,7648552.5,7678301.0,2713307299564.0,,,,,
2024-09-08,7814320.0,7863268.5,7637344.5,7707687.5,2603030022007.0,,,,,
2024-09-09,8164370.5,8309167.5,7799670.0,7815790.5,4956809409625.0,,,,,
2024-09-10,8199820.5,8258304.0,8076016.0,8164451.5,4104642990750.0,,,,,
2024-09-11,8179716.5,8248430.5,7852554.5,8200044.5,5284863544782.0,,,,,
2024-09-12,8226184.0,8344658.0,8177852.0,8179717.0,4788458248728.0,,,,,
2024-09-13,8531163.0,8541969.0,8116633.5,8226653.0,4576127537652.0,,,,,
2024-09-14,8450821.0,8543194.0,8382201.0,8530855.0,2313694488070.0,,,,,
2024-09-15,8335946.5,8503887.0,8266612.0,8450203.0,2552350928835.0,,,,,
2024-09-16,8193109.5,8329564.0,8089767.5,8336283.5,4510003530374.0,,,,,
2024-09-17,8564415.0,8688214.0,8106347.5,8193109.5,5407111712411.0,,,,,
2024-09-18,8797794.0,8799848.0,8404817.0,8564481.0,5849629494378.0,,,,,
2024-09-19,8991414.0,9133108.0,8864838.0,8798005.0,6101410816640.0,,,,,
2024-09-20,9095682.0,9116034.0,8970276.0,8991553.0,5063225554791.0,,,,,
2024-09-21,9117763.0,9139124.0,9036686.0,9094439.0,2072319227845.0,,,,,
2024-09-22,9171023.0,9210349.0,8977884.0,9118045.0,2908180885121.0,,,,,
2024-09-23,9095812.0,9341570.0,9025426.0,9170215.0,4509900385044.0,,,,,
2024-09-24,9191966.0,9254440.0,9003290.0,9095387.0,4279685022990.0,,,,,
2024-09-25,9137634.0,9290983.0,9105107.0,9192055.0,3629167272051.0,,,,,
2024-09-26,9456821.0,9522823.0,9078521.0,9136969.0,5349756480467.0,,,,,
2024-09-27,9352538.0,9496751.0,9406602.0,9456769.0,4557352982216.0,,,,,
2024-09-28,9366325.0,9418622.0,9305253.0,9352754.0,2166974742699.0,,,,,
2024-09-29,9372793.0,9388469.0,9304113.0,9366502.0,2111773061761.0,,,,,
2024-09-30,9101589.0,9372757.0,9025979.0,9372701.0,5333800022361.0,,,,,
2024-10-01,8744020.0,9236345.0,8640352.0,9102466.0,7218184268273.0,,,,,
2024-10-02,8887448.0,9105469.0,8785788.0,8743921.0,5974928514277.0,,,,,
2024-10-03,8922747.0,9025786.0,8781167.0,8887404.0,5302367876378.0,,,,,
2024-10-04,9227883.0,9286007.0,8867038.0,8922046.0,4398620417301.0,,,,,
2024-10-05,9234328.0,9276130.0,9171699.0,9227903.0,1978847213602.0,,,,,
2024-10-06,9346468.0,9369843.0,9196135.0,9233590.0,2198470105145.0,,,,,
2024-10-07,9219770.0,9547319.0,9179763.0,9346491.0,5074339891898.0,,,,,
2024-10-08,9204627.0,9365233.0,9175686.0,9217546.0,4168020897812.0,,,,,
2024-10-09,9036820.0,9288608.0,9005044.0,9204591.0,4127583590717.0,,,,,
2024-10-10,8963883.0,9122710.0,8762046.0,9036794.0,4528871377693.0,,,,,
2024-10-11,9312122.0,9453957.0,8921900.0,8964026.0,4522534185352.0,,,,,
2024-10-12,9423658.0,9461798.0,9311851.0,9312052.0,2496965091466.0,,,,,
2024-10-13,9373523.0,9435533.0,9252925.0,9423646.0,2710958988137.0,,,,,
2024-10-14,9888360.0,9956086.0,9315451.0,9373080.0,6543762053153.0,,,,,
2024-10-15,9995025.0,10127143.0,9669441.0,9888995.0,7285016781556.0,,,,,
2024-10-16,10112382.0,10202448.0,9963873.0,9995227.0,5712599068247.0,,,,,
2024-10-17,10117347.0,10158104.0,9979747.0,10113034.0,4922221281141.0,,,,,
2024-10-18,10229639.0,10311632.0,10079330.0,10120240.0,5510700849340.0,,,,,
2024-10-19,10221257.0,10266900.0,10170707.0,10229667.0,2159520303747.0,,,,,
2024-10-20,10322845.0,10374408.0,10184189.0,10221474.0,2838838823356.0,,,,,
2024-10-21,10147182.0,10368998.0,10036467.0,10322888.0,5648172151475.0,,,,,
2024-10-22,10182024.0,10242411.0,10034025.0,10146105.0,4808014972203.0,,,,,
2024-10-23,10148044.0,10188273.0,9944869.0,10182171.0,4928578356421.0,,,,,
2024-10-24,10346010.0,10444026.0,10144027.0,10181881.0,4768323871170.0,,,,,
2024-10-25,10148639.0,10444739.0,9977986.0,10346654.0,6315256497371.0,,,,,
2024-10-26,10205333.0,10251509.0,10105723.0,10146557.0,2982973498159.0,,,,,
2024-10-27,10390347.0,10447480.0,10179829.0,10206670.0,2557661990744.0,,,,,
2024-10-28,10706042.0,10761926.0,10378414.0,10389333.0,5942014382885.0,,,,,
2024-10-29,11146060.0,11290644.0,10673654.0,10706393.0,8972865948844.0,,,,,
2024-10-30,11085854.0,11184766.0,10934059.0,11145274.0,6228995631066.0,,,,,
2024-10-31,10667934.0,11075262.0,10577821.0,11085165.0,6172679937563.0,,,,,
2024-11-01,10632555.0,10927428.0,10469330.0,10668194.0,7649688435745.0,,,,,
2024-11-02,10602992.0,10691452.0,10559054.0,10633099.0,2782700265275.0,,,,,
2024-11-03,10468447.0,10614068.0,10321790.0,10604079.0,5310024836189.0,,,,,
2024-11-04,10326265.0,10540623.0,10164409.0,10468602.0,6271580531491.0,,,,,
2024-11-05,10503665.0,10720874.0,10274930.0,10326214.0,6973243051439.0,,,,,
2024-11-06,11672463.0,11817821.0,10497827.0,10503504.0,18300967491049.0,,,,,
2024-11-07,11625945.0,11757562.0,11477265.0,11672155.0,9721004336154.0,,,,,
2024-11-08,11688108.0,11801052.0,11581242.0,11625635.0,8425227731126.0,,,,,
2024-11-09,11720678.0,11744171.0,11567248.0,11689744.0,4428442224534.0,,,,,
2024-11-10,12305469.0,12445996.0,11690077.0,11720171.0,12626034745346.0,,,,,
2024-11-11,13617650.0,13767955.0,12289639.0,12305045.0,18110532794105.0,,,,,
2024-11-12,13603377.0,13837456.0,13141861.0,13618276.0,20674110825957.0,,,,,
2024-11-13,14079316.0,14495032.0,13375237.0,13599381.0,19204532583581.0,,,,,
2024-11-14,13655696.0,14286377.0,13551592.0,14077873.0,13713021963394.0,,,,,
2024-11-15,14055745.0,14178566.0,13621368.0,13660978.0,12076572425247.0,,,,,
2024-11-16,13976346.0,14163311.0,13904696.0,14055492.0,6842165083110.0,,,,,
2024-11-17,13894122.0,14111322.0,13703311.0,13976344.0,7167774035638.0,,,,,
2024-11-18,13999523.0,14354215.0,13847827.0,13893792.0,11679190471979.0,,,,,
2024-11-19,14287644.0,14536615.0,13967370.0,13998621.0,11530067990586.0,,,,,
2024-11-20,14648707.0,14735711.0,14187416.0,14287350.0,11138131855528.0,,,,,
2024-11-21,15185587.0,15308241.0,14594193.0,14647953.0,16344843804996.0,,,,,
2024-11-22,15322356.0,15427834.0,15057895.0,15184308.0,12145742457145.0,,,,,
2024-11-23,15132990.0,15324989.0,15048735.0,15323761.0,6874054556613.0,,,,,
2024-11-24,15109125.0,15267624.0,14825121.0,15133116.0,7971563115077.0,,,,,
2024-11-25,14373191.0,15294976.0,14286834.0,15112149.0,12490853387625.0,,,,,
2024-11-26,14067616.0,14615407.0,13898010.0,14370872.0,14017331548524.0,,,,,
2024-11-27,14523097.0,14715412.0,14029285.0,14066518.0,10765431536365.0,,,,,
2024-11-28,14461553.0,14660550.0,14384204.0,14521949.0,7901112258909.0,,,,,
2024-11-29,14595347.0,14816003.0,14374077.0,14461778.0,8231833043934.0,,,,,
2024-11-30,14444693.0,14601010.0,14399039.0,14596438.0,4737700136420.0,,,,,
2024-12-01,14579112.0,14650618.0,14343022.0,14446532.0,5483768224082.0,,,,,
2024-12-02,14334004.0,14760997.0,14134447.0,14578545.0,10867400457558.0,,,,,
2024-12-03,14363507.0,14428715.0,13935707.0,14332403.0,10034451138683.0,,,,,
2024-12-04,14869108.0,14943897.0,14217111.0,14361468.0,11622046467122.0,,,,,
2024-12-05,14500889.0,15614579.0,13804409.0,14865045.0,22401153133911.0,,,,,
2024-12-06,14985609.0,15307003.0,14493735.0,14573046.0,14177852529380.0,,,,,
2024-12-07,14985998.0,15081993.0,14852157.0,14985009.0,6625520180044.0,,,,,
2024-12-08,15174772.0,15207108.0,14814246.0,14985785.0,6614229584838.0,,,,,
2024-12-09,14750620.0,15180242.0,14261943.0,15174929.0,16755629579861.0,,,,,
2024-12-10,14679383.0,14910874.0,14337197.0,14751909.0,15916643764010.0,,,,,
2024-12-11,15404492.0,15533227.0,14525573.0,14676442.0,13001600011499.0,,,,,
2024-12-12,15266011.0,15604035.0,15153415.0,15403696.0,10998093480223.0,,,,,
2024-12-13,15598845.0,15658782.0,15155434.0,15266569.0,8747278967424.0,,,,,
2024-12-14,15584573.0,15777132.0,15470977.0,15597643.0,6214425107406.0,,,,,
2024-12-15,16005721.0,16133149.0,15562137.0,15584660.0,7848873136454.0,,,,,
2024-12-16,16338671.0,16616478.0,15920057.0,16004935.0,14025809487486.0,,,,,
2024-12-17,16300436.0,16625664.0,16161545.0,16338820.0,10533543120220.0,,,,,
2024-12-18,15473830.0,16364186.0,15473830.0,16301465.0,14518580967599.0,,,,,
2024-12-19,15369731.0,16145279.0,15047423.0,15478338.0,15327277018878.0,,,,,
2024-12-20,15294404.0,15384587.0,14445625.0,15368745.0,16526980519603.0,,,,,
2024-12-21,15210322.0,15568383.0,15086411.0,15294445.0,8098427723621.0,,,,,
2024-12-22,14890389.0,15231527.0,14728517.0,15209320.0,6755593138321.0,,,,,
2024-12-23,14883545.0,15120810.0,14516640.0,14889522.0,10254791667077.0,,,,,
2024-12-24,15502903.0,15631562.0,14685896.0,14883248.0,7402183256794.0,,,,,
2024-12-25,15602137.0,15639552.0,15339254.0,15502874.0,5295090255112.0,,,,,
2024-12-26,15113675.0,15692091.0,14975916.0,15601902.0,7423872175025.0,,,,,
2024-12-27,14866184.0,15355552.0,14720446.0,15099390.0,8275745046220.0,,,,,
2024-12-28,15023911.0,15081056.0,14842412.0,14865446.0,3805937516698.0,,,,,
2024-12-29,14768719.0,15025639.0,14656071.0,15025509.0,4679600130672.0,,,,,
2024-12-30,14545855.0,14898493.0,14326761.0,14768241.0,8822044504056.0,,,,,
2024-12-31,14701818.0,15080469.0,14379214.0,14545861.0,6864752989145.0,,,,,
2025-01-01,14890935.0,14941961.0,14600940.0,14701173.0,3867030319063.0,,,,,
2025-01-02,15245950.0,15404333.0,14843718.0,14890387.0,7239984539008.0,,,,,
2025-01-03,15421997.0,15548012.0,15106368.0,15245139.0,5597932633847.0,,,,,
2025-01-04,15442245.0,15520560.0,15345559.0,15421929.0,3512146553156.0,,,,,
2025-01-05,15486392.0,15557019.0,15293780.0,15441880.0,3233100510414.0,,,,,
2025-01-06,16101746.0,16129967.0,15425392.0,15486392.0,8174602363149.0,,,,,
2025-01-07,15335272.0,16242696.0,15164673.0,16128683.0,9285355362589.0,,,,,
2025-01-08,15035220.0,15383592.0,14656133.0,15335503.0,10104713789873.0,,,,,
2025-01-09,14616131.0,15080297.0,14421741.0,15035214.0,9921287049357.0,,,,,
2025-01-10,14933005.0,15100344.0,14543965.0,14617783.0,9785728753236.0,,,,,
2025-01-11,14911733.0,14976557.0,14797173.0,14932907.0,2974080086213.0,,,,,
2025-01-12,14920363.0,15038030.0,14777057.0,14911596.0,3297903153975.0,,,,,
2025-01-13,14868536.0,15136288.0,14038930.0,14920434.0,11480435683523.0,,,,,
2025-01-14,15257174.0,15373933.0,14849120.0,14868927.0,8498279339933.0,,,,,
2025-01-15,15706239.0,15754384.0,15250830.0,15257174.0,9033562908940.0,,,,,
2025-01-16,15499256.0,15749542.0,15200423.0,15706365.0,8406118104945.0,,,,,
2025-01-17,16325850.0,16533470.0,15536657.0,15541028.0,11235168092629.0,,,,,
2025-01-18,16317415.0,16396262.0,15979554.0,16273169.0,7883899305087.0,,,,,
2025-01-19,15801923.0,16613069.0,15573661.0,16317918.0,12003494467323.0,,,,,
2025-01-20,15842031.0,17039334.0,15534442.0,15801008.0,19609802878651.0,,,,,
2025-01-21,16534775.0,16669421.0,15602903.0,15847608.0,13822386782340.0,,,,,
2025-01-22,16214346.0,16533589.0,16181120.0,16533236.0,8428109983847.0,,,,,
2025-01-23,16233381.0,16673136.0,15829167.0,16215066.0,16255920084089.0,,,,,
2025-01-24,16354471.0,16690487.0,16031475.0,16234239.0,8173878950926.0,,,,,
2025-01-25,16338113.0,16420673.0,16245393.0,16355181.0,3727283178011.0,,,,,
2025-01-26,15991977.0,16447901.0,15966909.0,16337890.0,3510953561057.0,,,,,
2025-01-27,15814685.0,16083855.0,15235824.0,15991636.0,13788258479737.0,,,,,
2025-01-28,15763905.0,16138324.0,15592339.0,15815882.0,7339718383161.0,,,,,
2025-01-29,16093183.0,16268912.0,15756336.0,15761579.0,7360742650998.0,,,,,
2025-01-30,16138610.0,16374682.0,16003593.0,16094134.0,6458776115426.0,,,,,
2025-01-31,15893776.0,16412667.0,15754753.0,16138959.0,7097955236831.0,,,,,
2025-02-01,15621293.0,15948206.0,15565703.0,15893430.0,4307894250731.0,,,,,
2025-02-02,15176764.0,15741532.0,14910798.0,15622167.0,9801818482716.0,,,,,
2025-02-03,15745524.0,15862633.0,14218015.0,15175541.0,17918643596018.0,,,,,
2025-02-04,15085791.0,15801602.0,14848952.0,15744483.0,11252420596946.0,,,,,
2025-02-05,14748686.0,15167616.0,14682626.0,15086745.0,7499242291651.0,,,,,
2025-02-06,14602396.0,15113196.0,14482675.0,14747952.0,6848555894128.0,,,,,
2025-02-07,14612379.0,15177659.0,14480829.0,14600584.0,8438004735055.0,,,,,
2025-02-08,14597310.0,14665168.0,14479306.0,14613011.0,3396197899194.0,,,,,
2025-02-09,14656386.0,14724826.0,14334948.0,14597138.0,4212059258996.0,,,,,
2025-02-10,14789913.0,14933522.0,14498967.0,14656290.0,6083530592723.0,,,,,
2025-02-11,14624175.0,14966407.0,14462644.0,14790000.0,5725924290601.0,,,,,
2025-02-12,15097524.0,15149513.0,14532068.0,14623910.0,7610072956729.0,,,,,
2025-02-13,14783307.0,15134616.0,14592699.0,15097969.0,5683478250653.0,,,,,
2025-02-14,14852953.0,15049958.0,14674577.0,14783231.0,4980687196079.0,,,,,
2025-02-15,14865878.0,14925960.0,14812013.0,14852864.0,2597065782708.0,,,,,
2025-02-16,14619599.0,14888006.0,14634218.0,14865900.0,2513757699977.0,,,,,
2025-02-17,14504017.0,14696454.0,14418603.0,14620203.0,4139874572985.0,,,,,
2025-02-18,14514893.0,14672523.0,14192394.0,14504083.0,5670728747144.0,,,,,
2025-02-19,14613866.0,14651152.0,14435358.0,14513828.0,4384188234842.0,,,,,
2025-02-20,14698982.0,14789548.0,14563872.0,14613422.0,4733743960781.0,,,,,
2025-02-21,14344530.0,14973300.0,14145896.0,14699988.0,7402960295196.0,,,,,
2025-02-22,14404089.0,14459631.0,14290583.0,14345822.0,2737380978664.0,,,,,
2025-02-23,14383661.0,14418126.0,14217686.0,14404096.0,2539781657214.0,,,,,
2025-02-24,13704956.0,14408818.0,13697995.0,14384265.0,6603228128531.0,,,,,
2025-02-25,13226659.0,13844946.0,12793596.0,13707795.0,13733886304850.0,,,,,
2025-02-26,12557816.0,13338250.0,12227962.0,13212159.0,9617452272052.0,,,,,
2025-02-27,12713363.0,13037111.0,12448172.0,12517594.0,7903743980808.0,,,,,
2025-02-28,12707841.0,12791317.0,11787052.0,12713574.0,12593005992804.0,,,,,
2025-03-01,12957696.0,13031556.0,12620668.0,12707969.0,4396546462922.0,,,,,
2025-03-02,14213570.0,14315917.0,12809182.0,12958351.0,8807039220563.0,,,,,
2025-03-03,12851196.0,14240927.0,12719524.0,14213581.0,10463080056717.0,,,,,
2025-03-04,13068414.0,13309564.0,12086234.0,12850957.0,10202641934833.0,,,,,
2025-03-05,13492240.0,13552686.0,12937962.0,13068528.0,7518402960249.0,,,,,
2025-03-06,13328138.0,13821950.0,12970267.0,13492061.0,7074298137118.0,,,,,
2025-03-07,12842690.0,13473751.0,12537931.0,13328369.0,9763589910404.0,,,,,
2025-03-08,12754757.0,12858176.0,12620464.0,12842687.0,2695324751309.0,,,,,
2025-03-09,11896069.0,12801618.0,11808552.0,12754714.0,4560496271483.0,,,,,
2025-03-10,11550644.0,12365689.0,11391751.0,11895495.0,7951414625168.0,,,,,
2025-03-11,12267924.0,12355328.0,11238192.0,11549448.0,8098869922811.0,,,,,
2025-03-12,12415608.0,12552978.0,11953057.0,12267209.0,5984219977098.0,,,,,
2025-03-13,11993089.0,12489001.0,11792916.0,12415987.0,4647261779221.0,,,,,
2025-03-14,12481923.0,12657293.0,11951979.0,11993132.0,4398243322218.0,,,,,
2025-03-15,12536338.0,12586508.0,12428491.0,12481820.0,2028940770980.0,,,,,
2025-03-16,12271961.0,12641644.0,12183760.0,12534883.0,3169838124819.0,,,,,
2025-03-17,12560614.0,12642586.0,12269333.0,12271463.0,3748774337625.0,,,,,
2025-03-18,12361247.0,12560618.0,12144283.0,12560618.0,3600812457785.0,,,,,
2025-03-19,12894422.0,12923081.0,12340500.0,12361292.0,5186016285772.0,,,,,
2025-03-20,12509475.0,12975335.0,12444806.0,12897202.0,4314477027750.0,,,,,
2025-03-21,12549752.0,12633095.0,12383008.0,12509081.0,2841721137318.0,,,,,
2025-03-22,12519853.0,12620029.0,12494732.0,12550202.0,1473008807721.0,,,,,
2025-03-23,12879672.0,12885720.0,12514241.0,12519766.0,1885023512737.0,,,,,
2025-03-24,13194151.0,13326484.0,12815953.0,12882150.0,5214785926871.0,,,,,
2025-03-25,13115988.0,13275073.0,13007031.0,13196248.0,4499240689003.0,,,,,
2025-03-26,13076454.0,13281392.0,12919367.0,13114269.0,4018304679586.0,,,,,
2025-03-27,13150840.0,13183152.0,12929004.0,13075757.0,3682821069167.0,,,,,
2025-03-28,12640741.0,13194324.0,12538785.0,13152067.0,5124834126531.0,,,,,
2025-03-29,12376831.0,12672838.0,12232464.0,12640580.0,2542778283331.0,,,,,
2025-03-30,12318552.0,12512803.0,12208905.0,12376741.0,2208893011802.0,,,,,
2025-03-31,12377136.0,12563317.0,12123866.0,12318782.0,4348806970611.0,,,,,
2025-04-01,12752742.0,12773821.0,12350886.0,12377587.0,4218859868833.0,,,,,
2025-04-02,12204297.0,13284574.0,12202407.0,12754455.0,7040421052298.0,,,,,
2025-04-03,12155201.0,12399831.0,11826261.0,12204558.0,5390247877595.0,,,,,
2025-04-04,12322107.0,12394011.0,11825639.0,12154824.0,6636593741358.0,,,,,
2025-04-05,12278962.0,12375487.0,12113233.0,12322238.0,2114625061624.0,,,,,
2025-04-06,11379182.0,12308359.0,11189581.0,12278919.0,5280425755995.0,,,,,
2025-04-07,11706220.0,11977909.0,10805846.0,11380179.0,13483101541354.0,,,,,
2025-04-08,11124569.0,11919668.0,11123902.0,11703729.0,7046876319058.0,,,,,
2025-04-09,12171029.0,12358163.0,10838830.0,11124804.0,12412709664055.0,,,,,
2025-04-10,11446483.0,12180555.0,11319902.0,12169853.0,6428339291856.0,,,,,
2025-04-11,11971180.0,12092124.0,11319493.0,11446326.0,5979039114954.0,,,,,
2025-04-12,12239124.0,12320789.0,11879972.0,11971134.0,3481151933354.0,,,,,
2025-04-13,12025029.0,12343606.0,11952360.0,12238027.0,4137953936350.0,,,,,
2025-04-14,12107316.0,12294368.0,12025842.0,12026401.0,4882139139785.0,,,,,
2025-04-15,11978063.0,12363848.0,11962824.0,12106929.0,4014256129220.0,,,,,
2025-04-16,11926401.0,12182821.0,11876138.0,11978853.0,4203469826372.0,,,,,
2025-04-17,12088552.0,12182288.0,11900601.0,11925948.0,3029674656784.0,,,,,
2025-04-18,12025195.0,12116931.0,12003562.0,12089184.0,1812429853224.0,,,,,
2025-04-19,12112426.0,12188505.0,12011333.0,12025204.0,2172816039776.0,,,,,
2025-04-20,12056593.0,12147023.0,11939557.0,12112804.0,2075725720530.0,,,,,
2025-04-21,12329291.0,12437386.0,12042681.0,12056202.0,5831719340138.0,,,,,
2025-04-22,13334065.0,13385411.0,12287888.0,12329709.0,7976736888594.0,,,,,
2025-04-23,13417034.0,13439688.0,13085317.0,13332023.0,5973939788275.0,,,,,
2025-04-24,13420284.0,13432423.0,13076731.0,13416072.0,4497510181166.0,,,,,
2025-04-25,13608968.0,13787009.0,13278708.0,13421778.0,5878496009884.0,,,,,
2025-04-26,13598394.0,13685235.0,13494994.0,13608127.0,2530521970448.0,,,,,
2025-04-27,13487971.0,13692397.0,13457372.0,13600402.0,2602557190575.0,,,,,
2025-04-28,13504625.0,13699328.0,13334812.0,13488036.0,4601621349576.0,,,,,
2025-04-29,13412346.0,13569798.0,13344635.0,13505067.0,3671013378017.0,,,,,
2025-04-30,13473624.0,13622177.0,13265405.0,13412584.0,4053884454122.0,,,,,
2025-05-01,14024221.0,14158142.0,13465947.0,13474418.0,4778190016840.0,,,,,
2025-05-02,14042269.0,14103394.0,13987555.0,14024603.0,3828536885647.0,,,,,
2025-05-03,13894722.0,14047168.0,13884505.0,14041482.0,2285819943411.0,,,,,
2025-05-04,13643372.0,13956611.0,13617770.0,13892604.0,2632549471513.0,,,,,
2025-05-05,13614395.0,13682926.0,13490899.0,13643891.0,3709551354575.0,,,,,
2025-05-06,13848708.0,13862031.0,13300700.0,13614443.0,3798465346686.0,,,,,
2025-05-07,13959943.0,13955170.0,13764982.0,13848381.0,11075585553760.0,,,,,
2025-05-08,15068298.0,15161670.0,13933695.0,13960220.0,10201374062507.0,,,,,
2025-05-09,14972421.0,15149628.0,14908727.0,15067957.0,8462335180778.0,,,,,
2025-05-10,15220280.0,15263998.0,14949032.0,14972837.0,6145998217964.0,,,,,
2025-05-11,15184192.0,15255412.0,15032798.0,15220970.0,6750867210201.0,,,,,
2025-05-12,15238382.0,15509450.0,14960101.0,15184281.0,9374644477920.0,,,,,
2025-05-13,15366818.0,15482595.0,15010306.0,15238313.0,7760703621428.0,,,,,
2025-05-14,15180225.0,15235641.0,15031554.0,15366451.0,6737757460243.0,,,,,
2025-05-15,15103041.0,15180572.0,14811196.0,15180138.0,7338381438855.0,,,,,
2025-05-16,15072698.0,15261994.0,14989027.0,15101733.0,6464671536995.0,,,,,
2025-05-17,15029265.0,15105855.0,14951795.0,15072697.0,5519734575089.0,,,,,
2025-05-18,15460112.0,15482066.0,15022204.0,15028664.0,7245549911076.0,,,,,
2025-05-19,15311207.0,15556122.0,14807667.0,15457864.0,8954375185823.0,,,,,
2025-05-20,15411002.0,15506200.0,15103015.0,15311095.0,5269577589977.0,,,,,
2025-05-21,15759716.0,15933066.0,15285152.0,15411034.0,11220281708358.0,,,,,
2025-05-22,16065678.0,16156455.0,15666853.0,15759057.0,10093094338673.0,,,,,
2025-05-23,15294415.0,16081736.0,15230765.0,16066551.0,9629326061555.0,,,,,
2025-05-24,15366172.0,15603292.0,15238461.0,15293091.0,6543792864641.0,,,,,
2025-05-25,15572761.0,15607808.0,15208251.0,15367756.0,6786669289837.0,,,,,
2025-05-26,15608239.0,15763778.0,15515652.0,15571103.0,6553393562066.0,,,,,
2025-05-27,15709888.0,15952316.0,15295873.0,15608245.0,8280552431858.0,,,,,
2025-05-28,15710228.0,15752998.0,15474399.0,15709532.0,7163502256123.0,,,,,
2025-05-29,15187007.0,15793700.0,15153647.0,15709244.0,8053802822224.0,,,,,
2025-05-30,14980006.0,15294482.0,14934953.0,15187646.0,8304696393538.0,,,,,
2025-05-31,15072123.0,15115158.0,14855777.0,14979451.0,5617268928293.0,,,,,
2025-06-01,15192191.0,15232551.0,14955287.0,15072009.0,5377491094540.0,,,,,
2025-06-02,15080972.0,15100649.0,14813247.0,15191862.0,6526215316178.0,,,,,
2025-06-03,15163298.0,15367572.0,14982375.0,15081960.0,6643981833349.0,,,,,
2025-06-04,14947610.0,15286475.0,14933581.0,15163571.0,6357553368214.0,,,,,
2025-06-05,14582675.0,15188290.0,14424595.0,14950293.0,8251972365292.0,,,,,
2025-06-06,15122505.0,15286007.0,14527597.0,14582448.0,7077617747384.0,,,,,
2025-06-07,15300005.0,15351740.0,15065747.0,15122548.0,5557749526070.0,,,,,
2025-06-08,15307654.0,15422318.0,15221735.0,15300277.0,5299577747329.0,,,,,
2025-06-09,15944446.0,15984314.0,15225702.0,15307563.0,8081533395541.0,,,,,
2025-06-10,15969287.0,15992468.0,15700535.0,15944675.0,7922578545363.0,,,,,
2025-06-11,15670094.0,15995412.0,15606837.0,15969947.0,7330334012741.0,,,,,
2025-06-12,15158483.0,15686601.0,15173846.0,15669990.0,7848175787252.0,,,,,
2025-06-13,15288769.0,15301967.0,14719121.0,15157844.0,10022914030267.0,,,,,
2025-06-14,15199629.0,15305023.0,15042110.0,15291236.0,5477314210927.0,,,,,
2025-06-15,15211103.0,15298299.0,15062360.0,15198538.0,5295222188687.0,,,,,
2025-06-16,15451755.0,15755191.0,15139450.0,15211616.0,7287232461196.0,,,,,
2025-06-17,15207032.0,15605272.0,15016329.0,15451374.0,8136125012103.0,,,,,
2025-06-18,15203599.0,15304786.0,15026613.0,15207171.0,6859100075990.0,,,,,
2025-06-19,15203360.0,15270078.0,15142872.0,15204098.0,5422010556858.0,,,,,
2025-06-20,15094050.0,15484150.0,14930716.0,15202887.0,7444321867089.0,,,,,
2025-06-21,14940319.0,15197226.0,14745349.0,15094850.0,5604668905486.0,,,,,
2025-06-22,14765168.0,15094055.0,14374161.0,14933689.0,9582059501546.0,,,,,
2025-06-23,15405866.0,15478365.0,14601657.0,14765217.0,9519467793957.0,,,,,
2025-06-24,15369883.0,15385817.0,15196295.0,15404954.0,7076232771430.0,,,,,
2025-06-25,15557804.0,15752966.0,15349731.0,15370139.0,7480891422462.0,,,,,
2025-06-26,15474510.0,15668346.0,15396008.0,15559805.0,6350103003364.0,,,,,
2025-06-27,15490877.0,15565551.0,15410304.0,15473775.0,6560638323128.0,,,,,
2025-06-28,15525489.0,15560232.0,15461301.0,15491183.0,4345104639075.0,,,,,
2025-06-29,15662745.0,15846461.0,15511371.0,15525506.0,5135126937633.0,,,,,
2025-06-30,15407061.0,15698560.0,15398227.0,15662437.0,6049311504712.0,,,,,
2025-07-01,15153120.0,15439373.0,15134753.0,15408362.0,6323798484907.0,,,,,
2025-07-02,15623893.0,15774958.0,15089841.0,15153811.0,8073015478436.0,,,,,
2025-07-03,15867433.0,16004933.0,15606001.0,15621839.0,7307220390715.0,,,,,
2025-07-04,15607973.0,15884295.0,15504508.0,15865650.0,6156896860137.0,,,,,
2025-07-05,15636411.0,15658105.0,15580225.0,15605300.0,4423098106701.0,,,,,
2025-07-06,15783406.0,15851940.0,15580910.0,15636412.0,5309588667319.0,,,,,
2025-07-07,15798999.0,15877798.0,15725193.0,15783877.0,6625332651038.0,,,,,
2025-07-08,16002780.0,16037365.0,15715029.0,15798762.0,6504236565473.0,,,,,
2025-07-09,16265588.0,16374795.0,15941853.0,16002780.0,8463601271203.0,,,,,
2025-07-10,16965954.0,17054618.0,16209172.0,16265975.0,14029408470106.0,,,,,
2025-07-11,17320948.0,17474774.0,16871162.0,16965812.0,12812458068678.0,,,,,
2025-07-12,17308896.0,17424550.0,17241360.0,17322970.0,6709910467773.0,,,,,
2025-07-13,17545744.0,17505924.0,17283870.0,17308450.0,7220782312642.0,,,,,
2025-07-14,17711750.0,18131394.0,17485562.0,17545696.0,26859031098345.0,,,,,
2025-07-15,17521948.0,17705128.0,17227922.0,17712362.0,14627510177153.0,,,,,
2025-07-16,17573092.0,17746884.0,17433294.0,17521948.0,10679854018885.0,,,,,
2025-07-17,17707304.0,17980178.0,17490474.0,17573092.0,10741640433759.0,,,,,
2025-07-18,17560068.0,17977012.0,17393160.0,17706454.0,11599120513787.0,,,,,
2025-07-19,17550658.0,17641998.0,17468578.0,17559310.0,7078086275560.0,,,,,
2025-07-20,17414006.0,17688314.0,17317894.0,17551272.0,8538513234188.0,,,,,
2025-07-21,17310588.0,17730300.0,17289680.0,17414848.0,10291481523093.0,,,,,
2025-07-22,17611502.0,17627368.0,17145260.0,17308666.0,11626616141340.0,,,,,
2025-07-23,17379966.0,17586396.0,17215114.0,17611800.0,9748269186871.0,,,,,
2025-07-24,17401206.0,17556670.0,17152762.0,17382312.0,10676896065161.0,,,,,
2025-07-25,17358938.0,17437728.0,16912680.0,17401206.0,15473226270544.0,,,,,
2025-07-26,17415636.0,17472974.0,17291848.0,17360260.0,7162638118586.0,,,,,
2025-07-27,17652696.0,17705270.0,17402690.0,17415248.0,8081384922975.0,,,,,
2025-07-28,17507068.0,17722066.0,17444928.0,17654030.0,9623614146447.0,,,,,
2025-07-29,17502090.0,17729624.0,17373522.0,17509162.0,10161343307727.0,,,,,
2025-07-30,17583418.0,17689836.0,17295316.0,17502066.0,10281062221645.0,,,,,
2025-07-31,17457726.0,17737926.0,17416916.0,17583782.0,10461880623648.0,,,,,
2025-08-01,16701568.0,17488038.0,16611240.0,17454824.0,13455353036239.0,,,,,
2025-08-02,16584782.0,16917956.0,16507973.0,16701613.0,8381913804095.0,,,,,
2025-08-03,16829212.0,16897700.0,16498840.0,16584618.0,7087157727657.0,,,,,
2025-08-04,16892064.0,17017788.0,16836112.0,16830134.0,5252796577292.0,,,,,
2025-08-05,16839058.0,16920422.0,16609811.0,16892108.0,9004988484353.0,,,,,
2025-08-06,16931224.0,17030880.0,16701807.0,16838980.0,8298568695370.0,,,,,
2025-08-07,17249132.0,17291444.0,16831516.0,16931526.0,9403102431355.0,,,,,
2025-08-08,17229684.0,17309552.0,17121610.0,17250394.0,8816929133467.0,,,,,
2025-08-09,17196032.0,17409512.0,17181712.0,17228142.0,7971304560606.0,,,,,
2025-08-10,17616598.0,17620388.0,17193788.0,17195642.0,9561661519905.0,,,,,
2025-08-11,17590836.0,18055578.0,17502424.0,17616606.0,13412427812986.0,,,,,
2025-08-12,17757776.0,17787904.0,17546266.0,17588794.0,10758091379820.0,,,,,
2025-08-13,18146748.0,18203212.0,17587366.0,17757196.0,13374188184341.0,,,,,
2025-08-14,17479994.0,18272794.0,17344474.0,18146062.0,15367507359712.0,,,,,
2025-08-15,17268704.0,17551958.0,17186280.0,17480910.0,10100326585993.0,,,,,
2025-08-16,17282384.0,17356624.0,17250112.0,17268714.0,7065988622804.0,,,,,
2025-08-17,17293806.0,17435358.0,17251226.0,17282596.0,6751279991353.0,,,,,
2025-08-18,17196372.0,17338564.0,16911832.0,17293930.0,10766978804488.0,,,,,
2025-08-19,16670016.0,17253842.0,16653605.0,17194824.0,10586908848957.0,,,,,
2025-08-20,16833612.0,16889022.0,16542601.0,16669550.0,10016049386658.0,,,,,
2025-08-21,16681837.0,16924798.0,16618085.0,16833752.0,8579584198624.0,,,,,
2025-08-22,17176984.0,17215132.0,16598768.0,16684019.0,12129152575636.0,,,,,
2025-08-23,16955296.0,17194938.0,16833372.0,17175850.0,8138169497294.0,,,,,
2025-08-24,16708881.0,16990678.0,16308575.0,16957216.0,10892216126246.0,,,,,
2025-08-25,16278086.0,16743730.0,16152990.0,16708655.0,12668802392363.0,,,,,
2025-08-26,16488752.0,16574513.0,16000282.0,16278050.0,10234629253771.0,,,,,
2025-08-27,16387292.0,16660799.0,16325055.0,16487728.0,9155180685644.0,,,,,
2025-08-28,16525403.0,16690832.0,16354525.0,16386848.0,8642672140589.0,,,,,
2025-08-29,15942348.0,16545023.0,15817173.0,16526243.0,11447252827729.0,,,,,
2025-08-30,15998595.0,16016427.0,15800235.0,15942138.0,7570282857806.0,,,,,
2025-08-31,15924813.0,16099009.0,15908168.0,16000122.0,7060184402039.0,,,,,
2025-09-01,16070129.0,16161022.0,15767791.0,15923641.0,9836244019424.0,,,,,
2025-09-02,16522517.0,16547083.0,16149742.0,16069022.0,11110590915370.0,,,,,
2025-09-03,16532187.0,16664742.0,16469115.0,16521048.0,9044148696659.0,,,,,
2025-09-04,16433818.0,16609211.0,16266483.0,16531437.0,8924783007420.0,,,,,
2025-09-05,16310173.0,16697275.0,16228324.0,16433731.0,8879737351498.0,,,,,
2025-09-06,16247337.0,16402156.0,16217766.0,16310112.0,3169248273707.0,,,,,
2025-09-07,16487825.0,16561455.0,16245410.0,16246840.0,3651219785294.0,,,,,
2025-09-08,16516751.0,16657750.0,16385202.0,16487143.0,5926443801450.0,,,,,
2025-09-09,16439138.0,16662878.0,16302738.0,16517657.0,6777920856283.0,,,,,
2025-09-10,16792062.0,16842668.0,16353253.0,16439241.0,8307587215665.0,,,,,
2025-09-11,17006842.0,17009052.0,16739603.0,16792958.0,6726476127130.0,,,,,
2025-09-12,17149954.0,17234512.0,16978556.0,17006880.0,8092677314679.0,,,,,
2025-09-13,17129150.0,17177582.0,17023908.0,17148768.0,5103925713622.0,,,,,
2025-09-14,17043200.0,17178010.0,17018896.0,17129118.0,4843556568305.0,,,,,
2025-09-15,17016844.0,17223698.0,16856372.0,17042016.0,7803163999422.0,,,,,
2025-09-16,17107070.0,17136944.0,16852610.0,17013730.0,6702928116732.0,,,,,
2025-09-17,17107108.0,17202286.0,16814768.0,17106678.0,8890467426181.0,,,,,
2025-09-18,17332342.0,17435322.0,17069150.0,17106044.0,7318002956591.0,,,,,
2025-09-19,17114548.0,17393394.0,17034446.0,17332412.0,5744129125393.0,,,,,
2025-09-20,17118170.0,17187576.0,17082692.0,17114882.0,3382223709220.0,,,,,
2025-09-21,17077798.0,17144668.0,17052830.0,17119394.0,3331823925181.0,,,,,
2025-09-22,16656913.0,17098012.0,16550761.0,17078260.0,10442532023182.0,,,,,
2025-09-23,16533215.0,16727017.0,16469900.0,16658238.0,6968416884772.0,,,,,
2025-09-24,16861966.0,16954888.0,16450530.0,16532207.0,7148469889938.0,,,,,
2025-09-25,16343889.0,16885364.0,16285575.0,16862194.0,11319945177773.0,,,,,
2025-09-26,16410295.0,16502446.0,16288642.0,16342691.0,8636203579317.0,,,,,
2025-09-27,16404141.0,16420117.0,16325256.0,16409444.0,3934657205682.0,,,,,
2025-09-28,16753416.0,16795836.0,16337587.0,16404142.0,4986317469733.0,,,,,
2025-09-29,17002814.0,17016134.0,16593937.0,16752705.0,8917551917144.0,,,,,
2025-09-30,16883106.0,17074098.0,16676021.0,17002240.0,8731427941943.0,,,,,
2025-10-01,17454554.0,17454554.0,16876664.0,16883330.0,10493228367837.0,,,,,
2025-10-02,17759092.0,17818920.0,17418112.0,17455062.0,10509241275740.0,,,,,
2025-10-03,18012916.0,18280722.0,17589576.0,17755520.0,12366664350043.0,,,,,
2025-10-04,18051018.0,18100000.0,17926006.0,18013054.0,5421430526431.0,,,,,
2025-10-05,18474430.0,18513078.0,18016594.0,18050168.0,11022021805968.0,,,,,
2025-10-06,18758248.0,18967444.0,18446004.0,18473978.0,10911723061614.0,,,,,
2025-10-07,18467848.0,18881994.0,18313574.0,18758190.0,11579249206959.0,,,,,
2025-10-08,18838562.0,18982126.0,18463756.0,18467388.0,9980806803550.0,,,,,
2025-10-09,18624890.0,18902438.0,18331720.0,18835844.0,11424324222402.0,,,,,
2025-10-10,17117448.0,18699346.0,15812339.0,18624760.0,23151738608934.0,,,,,
2025-10-11,16753597.0,17150008.0,16595249.0,17120784.0,16667273287608.0,,,,,
2025-10-12,17514010.0,17615036.0,16588441.0,16754147.0,14250659808791.0,,,,,
2025-10-13,17574056.0,17670366.0,17303822.0,17512780.0,10913288423572.0,,,,,
2025-10-14,17160554.0,17622102.0,16712012.0,17573110.0,13989068421744.0,,,,,
2025-10-15,16727848.0,17175166.0,16660713.0,17159842.0,10958425536834.0,,,,,
2025-10-16,16243555.0,16940570.0,16173211.0,16727698.0,13108592077542.0,,,,,
2025-10-17,16035645.0,16393304.0,15510865.0,16242518.0,15016775014487.0,,,,,
2025-10-18,16144595.0,16189754.0,16022243.0,16038048.0,5689842634468.0,,,,,
2025-10-19,16400113.0,16472619.0,15987894.0,16145506.0,7192454038467.0,,,,,
2025-10-20,16679428.0,16817892.0,16216452.0,16400223.0,9578478215144.0,,,,,
2025-10-21,16474764.0,17314272.0,16303021.0,16679232.0,15368743984481.0,,,,,
2025-10-22,16367885.0,16568362.0,16223315.0,16476988.0,12282080158232.0,,,,,
2025-10-23,16798192.0,16985700.0,16354398.0,16366494.0,8385240718237.0,,,,,
2025-10-24,16966632.0,17097666.0,16769717.0,16798136.0,7359253960369.0,,,,,
2025-10-25,17060132.0,17106280.0,16916298.0,16966432.0,3775613740625.0,,,,,
2025-10-26,17522754.0,17639096.0,17002492.0,17059722.0,6384490624670.0,,,,,
2025-10-27,17425050.0,17786096.0,17396772.0,17523888.0,9430434507012.0,,,,,
2025-10-28,17140804.0,17661518.0,17079396.0,17426542.0,9791966319014.0,,,,,
2025-10-29,16808450.0,17263736.0,16734891.0,17135518.0,9498423099985.0,,,,,
2025-10-30,16669217.0,17125296.0,16390201.0,16809044.0,10723461863061.0,,,,,
2025-10-31,16870444.0,17096218.0,16666558.0,16669042.0,9253254378218.0,,,,,
2025-11-01,16948206.0,17026874.0,16842232.0,16870824.0,3983848329347.0,,,,,
2025-11-02,17061024.0,17118096.0,16877572.0,16948270.0,5286746998133.0,,,,,
2025-11-03,16431137.0,17077734.0,16233193.0,17062146.0,11234811450919.0,,,,,
2025-11-04,15599080.0,16529020.0,15204606.0,16430197.0,17038852697487.0,,,,,
2025-11-05,16008693.0,16107537.0,15149351.0,15597347.0,11955062603911.0,,,,,
2025-11-06,15493439.0,16039069.0,15357745.0,16008975.0,9778140086969.0,,,,,
2025-11-07,15872313.0,15963223.0,15192623.0,15491138.0,14151937503121.0,,,,,
2025-11-08,15704904.0,15872490.0,15578372.0,15872205.0,7899380690618.0,,,,,
2025-11-09,16109127.0,16208812.0,15580036.0,15704423.0,9180517631906.0,,,,,
2025-11-10,16339764.0,16394514.0,16043390.0,16109762.0,10726919664862.0,,,,,
2025-11-11,15870211.0,16588911.0,15793849.0,16339804.0,10959971462020.0,,,,,
2025-11-12,15728139.0,16291106.0,15593194.0,15872362.0,9955042735945.0,,,,,
2025-11-13,15416904.0,16101051.0,15140433.0,15729835.0,15702877970677.0,,,,,
2025-11-14,14588706.0,15421439.0,14527343.0,15416474.0,17671670861923.0,,,,,
2025-11-15,14766637.0,14948902.0,14592212.0,14592212.0,5950090748149.0,,,,,
2025-11-16,14559116.0,14874267.0,14371018.0,14767830.0,10989434460643.0,,,,,
2025-11-17,14300486.0,14842613.0,14157176.0,14559704.0,14625380866213.0,,,,,
2025-11-18,14456694.0,14575339.0,13853380.0,14300589.0,15760798441213.0,,,,,
2025-11-19,14359993.0,14456273.0,13897974.0,14456273.0,12614858372290.0,,,,,
2025-11-20,13634752.0,14649476.0,13548982.0,14358951.0,15419325599103.0,,,,,
2025-11-21,13306907.0,13754132.0,12649345.0,13618521.0,20198296593341.0,,,,,
2025-11-22,13237734.0,13371388.0,13055472.0,13308139.0,6379429005090.0,,,,,
2025-11-23,13601390.0,13777668.0,13236704.0,13237773.0,9101035436895.0,,,,,
2025-11-24,13850345.0,13986869.0,13390019.0,13600413.0,11679263137143.0,,,,,
2025-11-25,13642011.0,13869962.0,13431227.0,13850250.0,10127004793794.0,,,,,
2025-11-26,14140938.0,14171512.0,13508438.0,13642588.0,10388168646563.0,,,,,
2025-11-27,14267249.0,14366440.0,14064080.0,14140844.0,8915040559295.0,,,,,
2025-11-28,14198408.0,14528680.0,14093649.0,14267251.0,9509797337031.0,,,,,
2025-11-29,14187864.0,14240315.0,14095482.0,14198325.0,5922053751647.0,,,,,
2025-11-30,14093422.0,14361721.0,14093422.0,14185749.0,6002227285271.0,,,,,
2025-12-01,13428356.0,14094022.0,13009810.0,14092611.0,13683683782463.0,,,,,
2025-12-02,14229233.0,14392103.0,13416440.0,13428507.0,12234900933438.0,,,,,
2025-12-03,14507593.0,14598420.0,14182488.0,14228437.0,12044734841427.0,,,,,
2025-12-04,14294391.0,14618856.0,14098063.0,14496185.0,10012165099868.0,,,,,
2025-12-05,13883013.0,14372895.0,13690116.0,14293154.0,9824493301967.0,,,,,
2025-12-06,13869356.0,14023953.0,13819531.0,13883262.0,5902754428073.0,,,,,
2025-12-07,14040945.0,14241436.0,13640540.0,13870201.0,7360925454853.0,,,,,
2025-12-08,14125923.0,14343753.0,13982537.0,14043888.0,8944646500824.0,,,,,
2025-12-09,14534801.0,14839414.0,13975120.0,14125844.0,10484452815583.0,,,,,
2025-12-10,14332883.0,14728907.0,14341681.0,14535354.0,10189714760027.0,,,,,
2025-12-11,14386179.0,14557425.0,13853002.0,14331382.0,10035320419894.0,,,,,
2025-12-12,14060158.0,14441447.0,13956062.0,14386541.0,12503450679146.0,,,,,
2025-12-13,14064475.0,14119719.0,13986953.0,14058194.0,10005349900619.0,,,,,
2025-12-14,13743724.0,14095532.0,13654119.0,14064120.0,7866050342085.0,,,,,
2025-12-15,13398264.0,13995019.0,13254804.0,13743085.0,7063410422020.0,,,,,
2025-12-16,13595877.0,13646604.0,13216872.0,13398981.0,6386271110050.0,,,,,
2025-12-17,13394450.0,14034019.0,13276928.0,13596439.0,6879383042492.0,,,,,
2025-12-18,13296228.0,13912585.0,13131156.0,13394544.0,8193932250348.0,,,,,
2025-12-19,13898756.0,14063653.0,13250497.0,13298349.0,7372417250910.0,,,,,
2025-12-20,13935957.0,13960884.0,13870596.0,13898486.0,2317011614318.0,,,,,
2025-12-21,13969203.0,14044604.0,13815686.0,13936067.0,3128195161662.0,,,,,
2025-12-22,13886001.0,14245547.0,13795873.0,13969148.0,5970472737389.0,,,,,
2025-12-23,13651663.0,13934955.0,13544915.0,13886003.0,6822085118630.0,,,,,
2025-12-24,13667345.0,13721152.0,13471383.0,13650151.0,3985811191929.0,,,,,
2025-12-25,13618128.0,13806157.0,13557150.0,13666776.0,3114876650754.0,,,,,
2025-12-26,13669222.0,13977276.0,13545356.0,13618248.0,6647497298749.0,,,,,
2025-12-27,13746744.0,13758115.0,13650675.0,13669222.0,2151390869975.0,,,,,
2025-12-28,13745203.0,13772148.0,13681680.0,13746304.0,2371810675508.0,,,,,
2025-12-29,13593093.0,14114974.0,13558303.0,13745197.0,7551959471341.0,,,,,
2025-12-30,13830581.0,13951713.0,13559031.0,13592501.0,5565749325737.0,,,,,
2025-12-31,13726813.0,13977241.0,13668694.0,13830495.0,5306675760129.0,,,,,
2026-01-01,13906609.0,13923778.0,13709649.0,13726691.0,2954135268361.0,,,,,
2026-01-02,14101979.0,14246872.0,13828520.0,13906778.0,7274652503961.0,,,,,
2026-01-03,14206126.0,14218102.0,14005301.0,14102036.0,3257388942218.0,,,,,
2026-01-04,14352375.0,14380073.0,14204858.0,14206096.0,4203100997213.0,,,,,
2026-01-05,14703501.0,14805130.0,14352554.0,14352554.0,8359594060574.0,,,,,
2026-01-06,14684465.0,14765864.0,14303981.0,14702623.0,8214267971677.0,,,,,
2026-01-07,14307972.0,14685994.0,14199044.0,14684220.0,6810384934783.0,,,,,
2026-01-08,14279649.0,14348679.0,14011475.0,14308221.0,6649305203305.0,,,,,
2026-01-09,14290940.0,14525470.0,14127066.0,14279515.0,6048046406831.0,,,,,
2026-01-10,14270976.0,14322507.0,14254674.0,14290467.0,1955585337612.0,,,,,
2026-01-11,14362645.0,14292684.0,14255574.0,14270771.0,2714410018296.0,,,,,
2026-01-12,14406463.0,14600433.0,14221804.0,14362391.0,6531791551869.0,,,,,
2026-01-13,15175227.0,15278809.0,14409187.0,14405255.0,8752923357180.0,,,,,
2026-01-14,15356278.0,15514429.0,15070816.0,15175407.0,9599521174276.0,,,,,
2026-01-15,15153415.0,15384889.0,15082500.0,15356589.0,8418939769235.0,,,,,
2026-01-16,15112558.0,15151258.0,14906223.0,15153877.0,5260029104999.0,,,,,
2026-01-17,15044332.0,15123201.0,15029413.0,15112564.0,2534555223651.0,,,,,
2026-01-18,14752620.0,15082311.0,14745441.0,15044531.0,3278695486930.0,,,,,
2026-01-19,14638786.0,14756779.0,14515384.0,14755966.0,6199334970753.0,,,,,
2026-01-20,13967233.0,14680164.0,13891971.0,14638786.0,8394008829852.0,,,,,
2026-01-21,14163008.0,14306980.0,13792204.0,13969701.0,8926329977939.0,,,,,
2026-01-22,14178710.0,14303374.0,14007279.0,14163256.0,5634192661269.0,,,,,
2026-01-23,13936201.0,14269872.0,13998223.0,14178646.0,6072119133944.0,,,,,
2026-01-24,13874094.0,13984117.0,13863748.0,13936555.0,2266714474423.0,,,,,
2026-01-25,13431757.0,13886924.0,13312975.0,13873164.0,5604824202475.0,,,,,
2026-01-26,13627060.0,13650104.0,13384325.0,13430874.0,6998130238926.0,,,,,
2026-01-27,13587518.0,13637279.0,13315705.0,13625568.0,5908332481199.0,,,,,
2026-01-28,13653229.0,13889141.0,13553031.0,13587743.0,6094101233425.0,,,,,
2026-01-29,12950427.0,13655711.0,12738798.0,13650975.0,9901482298490.0,,,,,
2026-01-30,13018489.0,12954114.0,12465681.0,12950602.0,11154610120443.0,,,,,
2026-01-31,12166224.0,13019768.0,11732129.0,13018155.0,10906312958599.0,,,,,
2026-02-01,11947806.0,12274778.0,11769665.0,12167000.0,8284365321787.0,,,,,
2026-02-02,12233978.0,12332025.0,11562266.0,11946942.0,11682332899931.0,,,,,
2026-02-03,11784274.0,12308954.0,11349079.0,12234716.0,10633723334465.0,,,,,
2026-02-04,11457375.0,12017533.0,11255721.0,11785294.0,10546628325744.0,,,,,
2026-02-05,9832096.0,11477226.0,9790222.0,11456853.0,19680691441466.0,,,,,
2026-02-06,11091342.0,11268337.0,9413586.0,9832466.0,18026850928887.0,,,,,
2026-02-07,10891161.0,11257309.0,10589724.0,11091092.0,9800996498118.0,,,,,
2026-02-08,11049645.0,11381470.0,10823711.0,10891437.0,6246533378302.0,,,,,
2026-02-09,10948071.0,11190715.0,10636200.0,11046281.0,8131583928537.0,,,,,
2026-02-10,10628850.0,10985559.0,10479839.0,10950663.0,6271736493636.0,,,,,
2026-02-11,10267826.0,10661272.0,10083400.0,10628526.0,7613194332093.0,,,,,
2026-02-12,10117788.0,10474136.0,9948277.0,10267860.0,6822070325601.0,,,,,
2026-02-13,10514935.0,10605974.0,10063998.0,10116495.0,6233535682457.0,,,,,
2026-02-14,10653167.0,10762824.0,10493218.0,10514804.0,5498913058367.0,,,,,
2026-02-15,10510870.0,10832075.0,10381414.0,10652760.0,6141228235771.0,,,,,
2026-02-16,10571314.0,10743556.0,10324198.0,10509985.0,5162284748033.0,,,,,
2026-02-17,10335777.0,10598958.0,10248202.0,10571304.0,5339374400753.0,,,,,
2026-02-18,10275380.0,10518112.0,10191485.0,10334829.0,5119380687161.0,,,,,
2026-02-19,10391797.0,10433252.0,10187327.0,10275426.0,4887706336419.0,,,,,
2026-02-20,10541180.0,10607266.0,10324597.0,10391960.0,7363956971422.0,,,,,
2026-02-21,10538881.0,10640225.0,10467963.0,10540378.0,2844974016745.0,,,,,
2026-02-22,10443145.0,10574752.0,10412086.0,10538116.0,2761845555554.0,,,,,
2026-02-23,9994044.0,10444540.0,9886223.0,10444540.0,7880792904898.0,,,,,
2026-02-24,9990587.0,10059621.0,9763349.0,9993933.0,6368734593127.0,,,,,
2026-02-25,10614684.0,10942394.0,9972854.0,9990232.0,8376344155087.0,,,,,
2026-02-26,10513368.0,10744899.0,10386626.0,10613863.0,6700217855932.0,,,,,
2026-02-27,10281251.0,10627375.0,10135220.0,10513796.0,6286507315085.0,,,,,
2026-02-28,10454369.0,10566513.0,9841805.0,10280804.0,6560365416900.0,,,,,
2026-03-01,10297106.0,10636467.0,10162317.0,10455934.0,6380371462986.0,,,,,
2026-03-02,10816429.0,11029334.0,10284954.0,10296477.0,8916951460658.0,,,,,
2026-03-03,10774439.0,10908753.0,10450283.0,10817880.0,7564580000393.0,,,,,
2026-03-04,11414107.0,11633317.0,10625498.0,10773952.0,11784975437946.0,,,,,
2026-03-05,11162419.0,11569463.0,11140921.0,11414433.0,8063291877663.0,,,,,
2026-03-06,10752109.0,11241437.0,10692231.0,11162581.0,6908114183462.0,,,,,
2026-03-08,10595921.0,10639990.0,10512500.0,10611057.0,3888711204864.0,,,,,
2026-03-09,,,,,,10799181.0,10967447.0,10434456.0,10450058.0,7814904200019.0
2026-03-10,,,,,,11055994.0,11318773.0,10799233.0,10799233.0,8538454813852.0
2026-03-11,,,,,,11168825.0,11334965.0,10936326.0,11056679.0,7196686796387.0
2026-03-12,,,,,,11225107.0,11226108.0,11008797.0,11169601.0,6508275896853.0
2026-03-13,,,,,,11336826.0,11765756.0,11198386.0,11225679.0,9771158597983.0
2026-03-14,,,,,,11376184.0,11388414.0,11234991.0,11336364.0,3559686183711.0
2026-03-15,,,,,,11614505.0,11674351.0,11323115.0,11376033.0,4466342811423.0
2026-03-16,,,,,,11913101.0,11922250.0,11525949.0,11615822.0,8843581115969.0
2026-03-17,,,,,,11747020.0,12113311.0,11671872.0,11912180.0,7866159689799.0
2026-03-18,,,,,,11386219.0,11866634.0,11268279.0,11749305.0,7388158761214.0
2026-03-19,,,,,,11041606.0,11430577.0,10907316.0,11386982.0,7048820802353.0
2026-03-20,,,,,,11229666.0,11294796.0,11047274.0,11041407.0,6098555092577.0
2026-03-21,,,,,,10941282.0,11313852.0,10923988.0,11229648.0,3361348838343.0
2026-03-22,,,,,,10971656.0,11058586.0,10900025.0,10971807.0,4074794385408.0
